ref_article,designation,marque,famille,frequency,next_period,avg_forecast,historical_periods,historical_values,avg_sales,max_sales,min_sales,std_sales,trend_pct,data_points,sma_forecast,es_forecast,lr_forecast,arima_forecast,prophet_forecast,xgb_forecast,sma_metrics,es_metrics,lr_metrics,arima_metrics,prophet_metrics,xgb_metrics
6192488208574,Gel douche RB sweet MM 470ml ,RENEE BLANCHE,MASS MARKET,monthly,2025-09,4717.483584322946,"[""2023-04"", ""2023-06"", ""2023-07"", ""2023-08"", ""2023-09"", ""2023-10"", ""2023-11"", ""2023-12"", ""2024-01"", ""2024-02"", ""2024-03"", ""2024-04"", ""2024-05"", ""2024-06"", ""2024-07"", ""2024-08"", ""2024-09"", ""2024-10"", ""2024-11"", ""2024-12"", ""2025-01"", ""2025-02"", ""2025-03"", ""2025-04"", ""2025-05"", ""2025-06"", ""2025-07"", ""2025-08""]","[38.915, 530.018, 12744.703, 6814.264, 5025.8460000000005, 9320.84, 3914.54, 3756.455, 5768.765, 4795.492, 16315.917, 8266.083999999999, 9786.512, 6459.124, 15769.479, 3516.071, 3583.038, 3564.099, 3143.463, -272.70399999999995, 1270.416, 3815.888, 2708.362, 3451.007, 5722.628, 7693.122, 5756.739, 5199.626]",5659.2396071428575,16315.917,-272.70399999999995,4081.0237084247387,13261.495567261984,28,6216.495666666667,5227.882790608883,4728.706595968346,5472.910617930004,1127.1360847637836,5531.769749999994,"{""MAE"": 2758.0099200000004, ""MSE"": 15112954.082085058, ""RMSE"": 3887.538306188771, ""MAPE"": 103.08718939407511, ""R2"": -0.05627274804710103}","{""MAE"": 3073.617504620976, ""MSE"": 19726382.578894753, ""RMSE"": 4441.439246336119, ""MAPE"": 125.65503337895198, ""R2"": -0.22841987102962302}","{""MAE"": 3043.269193397199, ""MSE"": 16383255.446120942, ""RMSE"": 4047.6234318573834, ""MAPE"": 758.8845094662469, ""R2"": 0.016301594986683154}","{""MAE"": 3037.066452465621, ""MSE"": 19616839.2218728, ""RMSE"": 4429.0901121870165, ""MAPE"": 99.81702215033846, ""R2"": -0.17785219899796556}","{""MAE"": 1695.233982816207, ""MSE"": 5254044.107835936, ""RMSE"": 2292.1701742750115, ""MAPE"": 225.33387636621543, ""R2"": 0.6845318791649833}","{""MAE"": 1319.1154099999999, ""MSE"": 3365649.01742411, ""RMSE"": 1834.5705266966734, ""MAPE"": 279.6126307791431, ""R2"": 0.7979166240090197}"
