ref_article,designation,marque,famille,frequency,next_period,avg_forecast,historical_periods,historical_values,avg_sales,max_sales,min_sales,std_sales,trend_pct,data_points,sma_forecast,es_forecast,lr_forecast,arima_forecast,prophet_forecast,xgb_forecast,sma_metrics,es_metrics,lr_metrics,arima_metrics,prophet_metrics,xgb_metrics
6192488205993,KIT COLORATION RB SO COLOR 1.0,RENEE BLANCHE,MASS MARKET,monthly,2025-09,5131.617769877844,"[""2022-12"", ""2023-01"", ""2023-02"", ""2023-03"", ""2023-04"", ""2023-05"", ""2023-06"", ""2023-07"", ""2023-08"", ""2023-09"", ""2023-10"", ""2023-11"", ""2023-12"", ""2024-01"", ""2024-02"", ""2024-03"", ""2024-04"", ""2024-05"", ""2024-06"", ""2024-07"", ""2024-08"", ""2024-09"", ""2024-10"", ""2024-11"", ""2024-12"", ""2025-01"", ""2025-02"", ""2025-03"", ""2025-04"", ""2025-05"", ""2025-06"", ""2025-07"", ""2025-08""]","[564.5360000000001, 24615.452999999998, 1098.469, 939.9, 4139.4490000000005, 1136.784, 4600.993, 3426.096, 3022.11, 6117.908, 2518.5060000000003, 9040.03, 3105.752, 2008.856, 4412.19, 7037.561, 3625.8050000000003, 3662.891, 2263.876, 3873.591, 3989.526, 8824.882, 2773.406, 4701.113, 3436.627, 3141.655, 7735.468, 3364.931, 4773.898, 5028.429, 4591.048, 5103.025000000001, 4416.143]",4639.118393939394,24615.452999999998,564.5360000000001,4062.3055598056253,682.260652996443,33,4703.405333333333,4613.3626911735255,4225.506433712122,4772.201362731815,7857.628708316269,4617.602089999998,"{""MAE"": 1977.2189777777778, ""MSE"": 7578380.552476482, ""RMSE"": 2752.8858589626416, ""MAPE"": 70.6878097353587, ""R2"": -1.0428520558589307}","{""MAE"": 2528.4831830341695, ""MSE"": 24277182.444992043, ""RMSE"": 4927.188087032201, ""MAPE"": 78.1185435483714, ""R2"": -0.47286263272779716}","{""MAE"": 2295.3130092367524, ""MSE"": 16448655.918908307, ""RMSE"": 4055.694258558984, ""MAPE"": 90.66622475755966, ""R2"": 0.003252301573689498}","{""MAE"": 3194.5112876614003, ""MSE"": 31380317.519258074, ""RMSE"": 5601.813770490597, ""MAPE"": 121.33343327681013, ""R2"": -0.9015693086054442}","{""MAE"": 1687.864579757313, ""MSE"": 10730843.70879446, ""RMSE"": 3275.7966525403344, ""MAPE"": 60.3385508653012, ""R2"": 0.3497375213121232}","{""MAE"": 1255.889371212121, ""MSE"": 5291054.67022038, ""RMSE"": 2300.229264708277, ""MAPE"": 57.2147700937286, ""R2"": 0.6793752273261748}"
