ref_article,designation,marque,famille,frequency,next_period,avg_forecast,historical_periods,historical_values,avg_sales,max_sales,min_sales,std_sales,trend_pct,data_points,sma_forecast,es_forecast,lr_forecast,arima_forecast,prophet_forecast,xgb_forecast,sma_metrics,es_metrics,lr_metrics,arima_metrics,prophet_metrics,xgb_metrics
6192488209205,KIT SO NATURAL RB S/A 5.0,RENEE BLANCHE,MASS MARKET,monthly,2025-09,1613.4197018388834,"[""2024-03"", ""2024-04"", ""2024-05"", ""2024-06"", ""2024-07"", ""2024-08"", ""2024-09"", ""2024-10"", ""2024-11"", ""2024-12"", ""2025-01"", ""2025-02"", ""2025-03"", ""2025-04"", ""2025-05"", ""2025-06"", ""2025-07"", ""2025-08""]","[390.735, 726.63, 6914.584999999999, 1052.801, 3920.0229999999997, 717.552, 4065.015, 503.189, 864.1850000000001, -124.84300000000002, 525.926, 1294.542, 881.932, 1104.563, 1826.741, 748.186, 2070.161, 858.712]",1574.479722222222,6914.584999999999,-124.84300000000002,1687.7041078534537,119.76838522272126,18,1225.6863333333333,1123.9995223822468,765.6274183006535,1738.9633121431666,3759.1596348739,1067.0819899999997,"{""MAE"": 1172.334177777778, ""MSE"": 2141998.743013407, ""RMSE"": 1463.5568806894412, ""MAPE"": 212.7255663173036, ""R2"": -0.6142767954299879}","{""MAE"": 1354.3404551624997, ""MSE"": 3892140.2631046753, ""RMSE"": 1972.8507959561148, ""MAPE"": 176.50325058841068, ""R2"": -0.3290016047302029}","{""MAE"": 1209.9441609907115, ""MSE"": 2653220.333867054, ""RMSE"": 1628.8708769779923, ""MAPE"": 174.44440469216886, ""R2"": 0.06850462676907709}","{""MAE"": 1119.4053852426944, ""MSE"": 3207872.6079000332, ""RMSE"": 1791.0534910772578, ""MAPE"": 110.79458135544256, ""R2"": -0.12622327442287062}","{""MAE"": 0.056282653633486585, ""MSE"": 0.004310965787161663, ""RMSE"": 0.06565794534678696, ""MAPE"": 0.006272638164388648, ""R2"": 0.9999999984865016}","{""MAE"": 644.6055788888885, ""MSE"": 755211.2893645588, ""RMSE"": 869.0289347107832, ""MAPE"": 70.80491207717652, ""R2"": 0.7348596296827207}"
