ref_article,designation,marque,famille,frequency,next_period,avg_forecast,historical_periods,historical_values,avg_sales,max_sales,min_sales,std_sales,trend_pct,data_points,sma_forecast,es_forecast,lr_forecast,arima_forecast,prophet_forecast,xgb_forecast,sma_metrics,es_metrics,lr_metrics,arima_metrics,prophet_metrics,xgb_metrics
6192488209267,KIT SO NATURAL RB S/A 6.1,RENEE BLANCHE,MASS MARKET,monthly,2025-09,1943.8586558297654,"[""2024-03"", ""2024-04"", ""2024-05"", ""2024-06"", ""2024-07"", ""2024-08"", ""2024-09"", ""2024-10"", ""2024-11"", ""2024-12"", ""2025-01"", ""2025-02"", ""2025-03"", ""2025-04"", ""2025-05"", ""2025-06"", ""2025-07"", ""2025-08""]","[390.735, 726.63, 7147.655, 1880.785, 3786.444, 755.569, 3524.226, 605.923, 2457.7470000000003, -124.84300000000002, 889.15, 2014.317, 1098.329, 1064.7640000000001, 7565.308, 1077.226, 2824.2110000000002, 1579.6950000000002]",2181.3261666666667,7565.308,-124.84300000000002,2101.1260878715925,304.28807247878996,18,1827.044,2092.567532579506,2219.67868627451,2404.533392822883,1323.3946533016924,1795.9336700000028,"{""MAE"": 1600.3801111111106, ""MSE"": 4981647.824184628, ""RMSE"": 2231.960533742617, ""MAPE"": 222.5757278273307, ""R2"": -0.5163015002223335}","{""MAE"": 1696.5974326977278, ""MSE"": 6355900.799493946, ""RMSE"": 2521.0911922209293, ""MAPE"": 186.69847412634198, ""R2"": -0.42040008423183717}","{""MAE"": 1580.1856785919047, ""MSE"": 4414292.142960468, ""RMSE"": 2101.02169026416, ""MAPE"": 206.47043451035444, ""R2"": 9.937053702702148e-05}","{""MAE"": 1658.8050444035687, ""MSE"": 6237690.953139808, ""RMSE"": 2497.536977331829, ""MAPE"": 139.90227877597735, ""R2"": -0.4129266728271095}","{""MAE"": 0.030923930130948445, ""MSE"": 0.0015571527060140673, ""RMSE"": 0.039460774270331636, ""MAPE"": 0.002474758849071389, ""R2"": 0.9999999996472825}","{""MAE"": 920.2047199999989, ""MSE"": 1244478.5034523488, ""RMSE"": 1115.5619675537298, ""MAPE"": 91.97730176972851, ""R2"": 0.7181077285653756}"
