ref_article,designation,marque,famille,frequency,next_period,avg_forecast,historical_periods,historical_values,avg_sales,max_sales,min_sales,std_sales,trend_pct,data_points,sma_forecast,es_forecast,lr_forecast,arima_forecast,prophet_forecast,xgb_forecast,sma_metrics,es_metrics,lr_metrics,arima_metrics,prophet_metrics,xgb_metrics
6192488206082,KIT COLORATION RB SO COLOR 6.4,RENEE BLANCHE,MASS MARKET,monthly,2025-09,3454.4839493912127,"[""2022-12"", ""2023-01"", ""2023-02"", ""2023-03"", ""2023-04"", ""2023-05"", ""2023-06"", ""2023-07"", ""2023-08"", ""2023-09"", ""2023-10"", ""2023-11"", ""2023-12"", ""2024-01"", ""2024-02"", ""2024-03"", ""2024-04"", ""2024-05"", ""2024-06"", ""2024-07"", ""2024-08"", ""2024-09"", ""2024-10"", ""2024-11"", ""2024-12"", ""2025-01"", ""2025-02"", ""2025-03"", ""2025-04"", ""2025-05"", ""2025-06"", ""2025-07"", ""2025-08""]","[535.105, 2097.6059999999998, 889.444, 855.066, 3220.9620000000004, 358.639, 3733.5000000000005, 1852.41, 532.886, 3211.902, 645.486, 6358.301, 1947.46, 6231.9710000000005, 2917.7540000000004, 3454.317, 1651.055, 2329.199, 1575.669, 1448.118, 1639.82, 5694.379, 2143.946, 1618.7089999999998, 1395.932, 2004.858, 5966.193, 1305.439, 3876.014, 2772.048, 2487.5789999999997, 4075.96, 2071.762]",2512.1057272727276,6358.301,358.639,1637.4616299744253,287.1692471571,33,2878.4336666666663,2621.092486611938,3225.5297272727257,3538.32122500686,5850.2291407890925,2613.297449999996,"{""MAE"": 1497.8472888888891, ""MSE"": 3755761.0587269706, ""RMSE"": 1937.9786012046084, ""MAPE"": 76.0263899911305, ""R2"": -0.38705375905165584}","{""MAE"": 1405.108330669012, ""MSE"": 3314442.7411203245, ""RMSE"": 1820.5611061209465, ""MAPE"": 71.24567294422593, ""R2"": -0.25589314289998444}","{""MAE"": 1287.2212001296384, ""MSE"": 2521602.533551913, ""RMSE"": 1587.9554570427701, ""MAPE"": 82.93746114697494, ""R2"": 0.0595529079290118}","{""MAE"": 1336.6723859312203, ""MSE"": 3102722.8984834915, ""RMSE"": 1761.4547676518666, ""MAPE"": 75.19335156905672, ""R2"": -0.15717948747087673}","{""MAE"": 540.2099069039679, ""MSE"": 448372.9516407925, ""RMSE"": 669.6065648130942, ""MAPE"": 32.38124904138746, ""R2"": 0.8327765645365585}","{""MAE"": 635.1216281818179, ""MSE"": 640554.2813141121, ""RMSE"": 800.3463508470019, ""MAPE"": 38.79440843806568, ""R2"": 0.7611013618681088}"
