ref_article,designation,marque,famille,frequency,next_period,avg_forecast,historical_periods,historical_values,avg_sales,max_sales,min_sales,std_sales,trend_pct,data_points,sma_forecast,es_forecast,lr_forecast,arima_forecast,prophet_forecast,xgb_forecast,sma_metrics,es_metrics,lr_metrics,arima_metrics,prophet_metrics,xgb_metrics
6192488209182,KIT SO NATURAL RB S/A 3.0,RENEE BLANCHE,MASS MARKET,monthly,2025-09,1384.0080678417323,"[""2024-03"", ""2024-04"", ""2024-05"", ""2024-06"", ""2024-07"", ""2024-08"", ""2024-09"", ""2024-10"", ""2024-11"", ""2024-12"", ""2025-01"", ""2025-02"", ""2025-03"", ""2025-04"", ""2025-05"", ""2025-06"", ""2025-07"", ""2025-08""]","[390.735, 596.385, 7175.074999999999, 1156.815, 3290.11, 457.062, 2803.6949999999997, 723.2760000000001, 807.302, -108.38600000000001, 720.9670000000001, 2274.807, 595.896, 844.0730000000001, 1701.521, 247.58900000000003, 2378.636, 609.027]",1481.3658333333333,7175.074999999999,-108.38600000000001,1660.9351781903285,55.86701984721103,18,1078.4173333333333,979.9004592482418,714.4013921568621,1805.8189632642268,2835.0350590477283,890.4752000000012,"{""MAE"": 1087.3469333333333, ""MSE"": 1840817.5821378515, ""RMSE"": 1356.7673279298303, ""MAPE"": 226.53932200117555, ""R2"": -0.9249917442864475}","{""MAE"": 1336.24850924277, ""MSE"": 3829346.843303807, ""RMSE"": 1956.8716982223968, ""MAPE"": 196.85925943208088, ""R2"": -0.3450947444639587}","{""MAE"": 1210.7905775713803, ""MSE"": 2583267.3202116257, ""RMSE"": 1607.254590975439, ""MAPE"": 196.54066102396857, ""R2"": 0.06359444144084503}","{""MAE"": 1264.7216310711406, ""MSE"": 3637504.4337467146, ""RMSE"": 1907.2242746323031, ""MAPE"": 147.43413827257064, ""R2"": -0.3185547405000868}","{""MAE"": 0.03158675301866825, ""MSE"": 0.0016737649832279347, ""RMSE"": 0.04091167294584682, ""MAPE"": 0.003267073986735787, ""R2"": 0.9999999993932789}","{""MAE"": 670.2415488888884, ""MSE"": 765821.2854031953, ""RMSE"": 875.1121558995711, ""MAPE"": 87.41384034944129, ""R2"": 0.7223983352773102}"
