ref_article,designation,marque,famille,frequency,next_period,avg_forecast,historical_periods,historical_values,avg_sales,max_sales,min_sales,std_sales,trend_pct,data_points,sma_forecast,es_forecast,lr_forecast,arima_forecast,prophet_forecast,xgb_forecast,sma_metrics,es_metrics,lr_metrics,arima_metrics,prophet_metrics,xgb_metrics
6192488208994,TEINT HZ TRESOR SA 8.11,H. ZONE,TRESOR,monthly,2025-09,2308.3210901558455,"[""2023-06"", ""2023-07"", ""2023-08"", ""2023-09"", ""2023-10"", ""2023-11"", ""2023-12"", ""2024-01"", ""2024-03"", ""2024-04"", ""2024-05"", ""2024-06"", ""2024-07"", ""2024-08"", ""2024-09"", ""2024-10"", ""2024-11"", ""2024-12"", ""2025-01"", ""2025-02"", ""2025-03"", ""2025-04"", ""2025-05"", ""2025-06"", ""2025-07"", ""2025-08""]","[359.169, 113.821, 1525.204, 3245.168, 1207.771, 2190.742, 902.985, 103.06200000000001, 4926.42, 879.66, 1286.585, 1286.585, 1253.6779999999999, 1132.155, 1031.048, 955.246, 866.3019999999999, 1292.99, 788.762, 391.611, 1273.769, 537.2439999999999, 573.408, 1276.702, 2917.536, 3046.88]",1360.1731923076923,4926.42,103.06200000000001,1074.66947644631,748.3137464536195,26,2413.706,2296.8959343270367,1439.6822064991766,2983.679769398148,1865.3839207107121,2850.5787100000002,"{""MAE"": 847.4006811594203, ""MSE"": 1561921.1790657053, ""RMSE"": 1249.7684501801546, ""MAPE"": 107.02390703618757, ""R2"": -0.3179989419898477}","{""MAE"": 845.5100653973391, ""MSE"": 1469892.210975985, ""RMSE"": 1212.3911130390163, ""MAPE"": 110.41647499636456, ""R2"": -0.26777417839409345}","{""MAE"": 749.5093505778452, ""MSE"": 1152858.6280973353, ""RMSE"": 1073.7125444444316, ""MAPE"": 143.1894334528893, ""R2"": 0.0017800932772380484}","{""MAE"": 860.7122561617914, ""MSE"": 1672167.5817217426, ""RMSE"": 1293.123188919657, ""MAPE"": 114.3562005889066, ""R2"": -0.44787134065684864}","{""MAE"": 475.7547946433359, ""MSE"": 330437.33441242116, ""RMSE"": 574.836789369314, ""MAPE"": 60.052540372853144, ""R2"": 0.7138858858355734}","{""MAE"": 283.2641234615387, ""MSE"": 180282.171658791, ""RMSE"": 424.5964809778703, ""MAPE"": 52.81002047064859, ""R2"": 0.8438999820177246}"
