ref_article,designation,marque,famille,frequency,next_period,avg_forecast,historical_periods,historical_values,avg_sales,max_sales,min_sales,std_sales,trend_pct,data_points,sma_forecast,es_forecast,lr_forecast,arima_forecast,prophet_forecast,xgb_forecast,sma_metrics,es_metrics,lr_metrics,arima_metrics,prophet_metrics,xgb_metrics
6192488206068,KIT COLORATION RB SO COLOR 6.0,RENEE BLANCHE,MASS MARKET,monthly,2025-09,6828.648394179217,"[""2022-12"", ""2023-01"", ""2023-02"", ""2023-03"", ""2023-04"", ""2023-05"", ""2023-06"", ""2023-07"", ""2023-08"", ""2023-09"", ""2023-10"", ""2023-11"", ""2023-12"", ""2024-01"", ""2024-02"", ""2024-03"", ""2024-04"", ""2024-05"", ""2024-06"", ""2024-07"", ""2024-08"", ""2024-09"", ""2024-10"", ""2024-11"", ""2024-12"", ""2025-01"", ""2025-02"", ""2025-03"", ""2025-04"", ""2025-05"", ""2025-06"", ""2025-07"", ""2025-08""]","[564.5360000000001, 2755.785, 1126.228, 941.6859999999999, 4244.349, 894.192, 4029.89, 2564.545, 1678.923, 3807.969, 3360.257, 8439.904999999999, 3118.449, 15364.788, 6810.335, 6717.516, 4355.115, 4664.775, 3423.934, 5148.244, 2644.8959999999997, 10090.605, 2746.831, 4798.57, 4403.348, 4029.611, 8620.729, 3644.856, 7910.601, 2560.078, 8736.533, 6314.649, 5000.369]",4712.518090909091,15364.788,564.5360000000001,3054.549898263854,785.7484730823188,33,6683.850333333333,5566.502650582822,6855.808602272722,5974.208327711337,10548.108171175085,5343.412279999999,"{""MAE"": 2392.1773555555556, ""MSE"": 10587829.011085715, ""RMSE"": 3253.894437606376, ""MAPE"": 51.70805569331433, ""R2"": -0.17263599947603914}","{""MAE"": 2167.868855618155, ""MSE"": 9618068.091328071, ""RMSE"": 3101.3010320393073, ""MAPE"": 47.40265245805706, ""R2"": -0.06073477113361703}","{""MAE"": 1993.2703614081984, ""MSE"": 7889116.1112264125, ""RMSE"": 2808.7570402629012, ""MAPE"": 66.89000750545259, ""R2"": 0.15446050167315772}","{""MAE"": 2179.0928011715027, ""MSE"": 8127573.444927713, ""RMSE"": 2850.8899391115947, ""MAPE"": 52.77002119763399, ""R2"": 0.12890312725154962}","{""MAE"": 1189.1424508249254, ""MSE"": 2482710.4756747675, ""RMSE"": 1575.6619166797068, ""MAPE"": 35.03028071816316, ""R2"": 0.7339081158780789}","{""MAE"": 1019.9627954545444, ""MSE"": 1817506.585702543, ""RMSE"": 1348.1493187709375, ""MAPE"": 28.742318715709995, ""R2"": 0.8052033225250935}"
