ref_article,designation,marque,famille,frequency,next_period,avg_forecast,historical_periods,historical_values,avg_sales,max_sales,min_sales,std_sales,trend_pct,data_points,sma_forecast,es_forecast,lr_forecast,arima_forecast,prophet_forecast,xgb_forecast,sma_metrics,es_metrics,lr_metrics,arima_metrics,prophet_metrics,xgb_metrics
61924880208512,Renée Blanche Argan Olio 125 ml ,RENEE BLANCHE,0%SSP,monthly,2025-09,3296.0957671710435,"[""2023-05"", ""2023-07"", ""2023-08"", ""2023-09"", ""2023-10"", ""2023-11"", ""2023-12"", ""2024-01"", ""2024-02"", ""2024-03"", ""2024-04"", ""2024-05"", ""2024-06"", ""2024-07"", ""2024-08"", ""2024-09"", ""2024-10"", ""2024-11"", ""2024-12"", ""2025-01"", ""2025-02"", ""2025-03"", ""2025-04"", ""2025-05"", ""2025-06"", ""2025-07"", ""2025-08""]","[142.656, 336.828, 9177.725999999999, 4660.1759999999995, 5763.642, 3646.989, 3755.83, 1368.444, 5381.862, 1838.253, 1311.06, 3644.7419999999997, 1975.098, 2304.991, 5709.513, 5551.281, 3217.104, 2966.904, 2358.753, 1300.335, 2151.36, 1080.091, 2196.4700000000003, 4214.207, 1891.702, 4199.452, 2847.323]",3147.8811851851856,9177.725999999999,142.656,1973.1192424451722,1895.9363784208165,27,2979.4923333333336,2921.902093098227,2627.6683025092316,3471.0550294750724,4649.622254610396,3126.834589999998,"{""MAE"": 1428.0998749999999, ""MSE"": 2812269.7274862826, ""RMSE"": 1676.9823277203259, ""MAPE"": 54.330166859926145, ""R2"": -0.30242744107068953}","{""MAE"": 1613.4436891427954, ""MSE"": 5457852.404996191, ""RMSE"": 2336.2047010046426, ""MAPE"": 56.75076398702209, ""R2"": -0.4822190080801516}","{""MAE"": 1515.3759317722306, ""MSE"": 3808505.645796436, ""RMSE"": 1951.5393016274195, ""MAPE"": 173.76453050899175, ""R2"": 0.02175431753087509}","{""MAE"": 1604.6378115571151, ""MSE"": 5414187.267606641, ""RMSE"": 2326.8406192961825, ""MAPE"": 58.381325499829885, ""R2"": -0.39067807985562797}","{""MAE"": 631.2042601768594, ""MSE"": 722907.8355667456, ""RMSE"": 850.2398694290604, ""MAPE"": 42.88868415922667, ""R2"": 0.814315236805069}","{""MAE"": 767.0023292592589, ""MSE"": 1137689.6869391827, ""RMSE"": 1066.6253732867892, ""MAPE"": 100.15725585461608, ""R2"": 0.7077751412903137}"
