ref_article,designation,marque,famille,frequency,next_period,avg_forecast,historical_periods,historical_values,avg_sales,max_sales,min_sales,std_sales,trend_pct,data_points,sma_forecast,es_forecast,lr_forecast,arima_forecast,prophet_forecast,xgb_forecast,sma_metrics,es_metrics,lr_metrics,arima_metrics,prophet_metrics,xgb_metrics
6192488206051,KIT COLORATION RB SO COLOR 5.0,RENEE BLANCHE,MASS MARKET,monthly,2025-09,4148.8284613759615,"[""2022-12"", ""2023-01"", ""2023-02"", ""2023-03"", ""2023-04"", ""2023-05"", ""2023-06"", ""2023-07"", ""2023-08"", ""2023-09"", ""2023-10"", ""2023-11"", ""2023-12"", ""2024-01"", ""2024-02"", ""2024-03"", ""2024-04"", ""2024-05"", ""2024-06"", ""2024-07"", ""2024-08"", ""2024-09"", ""2024-10"", ""2024-11"", ""2024-12"", ""2025-01"", ""2025-02"", ""2025-03"", ""2025-04"", ""2025-05"", ""2025-06"", ""2025-07"", ""2025-08""]","[564.5360000000001, 24591.373, 1126.228, 941.6859999999999, 4093.8510000000006, 920.784, 4160.253000000001, 2203.79, 1560.757, 4090.1369999999997, 2596.241, 7383.7119999999995, 2562.2180000000003, 11278.961000000001, 3705.6020000000003, 7055.104, 3752.958, 3125.807, 2548.076, 3606.6859999999997, 1890.569, 6760.426, 2816.807, 4965.773, 2172.947, 3725.726, 5359.099, 2688.699, 5238.762, 4155.813, 4167.524, 5090.618, 3006.774]",4360.857484848485,24591.373,564.5360000000001,4170.408744358448,432.60978927827443,33,4088.3053333333332,3710.7157607662534,3605.654797348481,4187.405229681881,5692.370587125826,3608.519059999996,"{""MAE"": 2091.794066666667, ""MSE"": 8003996.324000757, ""RMSE"": 2829.1334934924434, ""MAPE"": 76.95883355958128, ""R2"": -0.7920740067853729}","{""MAE"": 2700.6900495835444, ""MSE"": 24936074.41197356, ""RMSE"": 4993.603349483573, ""MAPE"": 87.80178220356221, ""R2"": -0.42725371211531016}","{""MAE"": 2447.743297979797, ""MSE"": 17213381.691348545, ""RMSE"": 4148.901263147695, ""MAPE"": 102.10893676794655, ""R2"": 0.01028773135845873}","{""MAE"": 2909.9082708868677, ""MSE"": 30314276.495499533, ""RMSE"": 5505.84021703314, ""MAPE"": 116.48523633526604, ""R2"": -0.7429702019369628}","{""MAE"": 1448.3164335145782, ""MSE"": 5888997.9067685865, ""RMSE"": 2426.7257584590366, ""MAPE"": 43.84245614987789, ""R2"": 0.6614021821602556}","{""MAE"": 1357.5303821212121, ""MSE"": 5505071.957571096, ""RMSE"": 2346.288975716993, ""MAPE"": 61.65129007329955, ""R2"": 0.6834766489317432}"
