ref_article,designation,marque,famille,frequency,next_period,avg_forecast,historical_periods,historical_values,avg_sales,max_sales,min_sales,std_sales,trend_pct,data_points,sma_forecast,es_forecast,lr_forecast,arima_forecast,prophet_forecast,xgb_forecast,sma_metrics,es_metrics,lr_metrics,arima_metrics,prophet_metrics,xgb_metrics
6192488208482,Cristalli Semi Di Lino Olio 125 ml ,RENEE BLANCHE,0%SSP,monthly,2025-09,1449.8917935728969,"[""2023-05"", ""2023-07"", ""2023-08"", ""2023-09"", ""2023-10"", ""2023-11"", ""2023-12"", ""2024-01"", ""2024-02"", ""2024-03"", ""2024-04"", ""2024-05"", ""2024-06"", ""2024-07"", ""2024-08"", ""2024-09"", ""2024-10"", ""2024-11"", ""2024-12"", ""2025-01"", ""2025-02"", ""2025-03"", ""2025-04"", ""2025-05"", ""2025-06"", ""2025-07"", ""2025-08""]","[142.656, 338.148, 9334.74, 3812.094, 5221.914, 3153.015, 1943.017, 1236.378, 3328.542, 1315.578, 1150.618, 2559.823, 911.3779999999999, 1442.328, 3249.831, 3166.913, 1788.8819999999998, 2198.7239999999997, 802.91, 1589.6009999999999, 1116.3, 646.721, 1024.093, 2567.863, 2149.841, 1724.978, 994.299]",2181.8957407407406,9334.74,142.656,1816.2552888098694,596.9906628532974,27,1623.0393333333334,1369.3416515792965,1112.4418361881035,1322.5454766954203,1951.1148036412274,1320.8676599999997,"{""MAE"": 981.1158611111113, ""MSE"": 1485626.6450494814, ""RMSE"": 1218.862849154687, ""MAPE"": 58.650516101983015, ""R2"": -0.19245372458747578}","{""MAE"": 1211.0939918374988, ""MSE"": 4279608.014063618, ""RMSE"": 2068.721347611519, ""MAPE"": 61.125152717485655, ""R2"": -0.31293811728028986}","{""MAE"": 1180.625955800085, ""MSE"": 2940840.1188172903, ""RMSE"": 1714.8877860715231, ""MAPE"": 159.65158519161105, ""R2"": 0.10850763010702869}","{""MAE"": 1244.2284900266661, ""MSE"": 4276104.782456953, ""RMSE"": 2067.8744600330438, ""MAPE"": 61.818561634437096, ""R2"": -0.2962672679929046}","{""MAE"": 544.80341749147, ""MSE"": 557510.1320370205, ""RMSE"": 746.6660110364074, ""MAPE"": 39.78294906597276, ""R2"": 0.8309952228722619}","{""MAE"": 620.0583770370368, ""MSE"": 1012825.1822772151, ""RMSE"": 1006.3921612757201, ""MAPE"": 99.4459475605978, ""R2"": 0.6929700746877996}"
