ref_article,designation,marque,famille,frequency,next_period,avg_forecast,historical_periods,historical_values,avg_sales,max_sales,min_sales,std_sales,trend_pct,data_points,sma_forecast,es_forecast,lr_forecast,arima_forecast,prophet_forecast,xgb_forecast,sma_metrics,es_metrics,lr_metrics,arima_metrics,prophet_metrics,xgb_metrics
6192488209120,TEINT HZ TRESOR SA VERDE,H. ZONE,TRESOR,monthly,2025-09,76.14598304982779,"[""2024-02"", ""2024-04"", ""2024-05"", ""2024-06"", ""2024-07"", ""2024-08"", ""2024-09"", ""2024-10"", ""2024-11"", ""2024-12"", ""2025-02"", ""2025-03"", ""2025-04"", ""2025-05"", ""2025-06"", ""2025-08""]","[326.451, 58.644, 58.644, 146.60999999999999, 147.913, 117.288, 58.644, 57.667, 58.644, 234.576, 30.625, 30.625, 58.644, 205.254, 30.625, 110.772]",108.22662500000001,326.451,30.625,82.55745309773295,-66.0678019059522,16,115.55033333333334,99.99403088485074,58.486778983437944,74.02759509734463,0.0,108.81716000000011,"{""MAE"": 64.24105128205129, ""MSE"": 6985.730010452991, ""RMSE"": 83.58067964818778, ""MAPE"": 98.92246932023448, ""R2"": -0.6385826518395221}","{""MAE"": 90.89542175452016, ""MSE"": 12615.069021780917, ""RMSE"": 112.31682430420172, ""MAPE"": 150.13750832733106, ""R2"": -2.248233503297887}","{""MAE"": 64.50944103369507, ""MSE"": 6155.457868363513, ""RMSE"": 78.45672608746501, ""MAPE"": 85.53283630047301, ""R2"": 0.09687515453086515}","{""MAE"": 103.97744189846082, ""MSE"": 18837.499036982234, ""RMSE"": 137.24976880484073, ""MAPE"": 144.27994597594514, ""R2"": -1.7638258226471333}","{""MAE"": 0.005043213058677498, ""MSE"": 2.9533908533317115e-05, ""RMSE"": 0.005434510882620175, ""MAPE"": 0.007792836119824162, ""R2"": 0.9999999956668039}","{""MAE"": 25.605822499999967, ""MSE"": 1677.3559179201077, ""RMSE"": 40.95553586415526, ""MAPE"": 29.442183121461476, ""R2"": 0.7538994114549797}"
