ref_article,designation,marque,famille,frequency,next_period,avg_forecast,historical_periods,historical_values,avg_sales,max_sales,min_sales,std_sales,trend_pct,data_points,sma_forecast,es_forecast,lr_forecast,arima_forecast,prophet_forecast,xgb_forecast,sma_metrics,es_metrics,lr_metrics,arima_metrics,prophet_metrics,xgb_metrics
6192488209175,KIT SO NATURAL RB S/A 1.0,RENEE BLANCHE,MASS MARKET,monthly,2025-09,2845.9597338071376,"[""2024-03"", ""2024-04"", ""2024-05"", ""2024-06"", ""2024-07"", ""2024-08"", ""2024-09"", ""2024-10"", ""2024-11"", ""2024-12"", ""2025-01"", ""2025-02"", ""2025-03"", ""2025-04"", ""2025-05"", ""2025-06"", ""2025-07"", ""2025-08""]","[390.735, 4243.245, 7033.775, 1263.043, 3998.3979999999997, 1825.839, 9381.7, 3211.0960000000005, 1429.587, 185.267, 3188.7670000000003, 883.242, 2078.014, 1455.499, 2250.64, 1261.9470000000001, 2063.397, 1769.116]",2661.850388888889,9381.7,185.267,2271.1427071061275,352.7661970389138,18,1698.1533333333334,1819.450293239376,1305.380751634002,1914.9194372162103,8559.587977419902,1778.2666100000008,"{""MAE"": 1821.0416666666667, ""MSE"": 6759338.814974722, ""RMSE"": 2599.8728459243393, ""MAPE"": 229.61876030225264, ""R2"": -0.5557975972768259}","{""MAE"": 1927.6084406938996, ""MSE"": 7201564.9394738125, ""RMSE"": 2683.573166409631, ""MAPE"": 166.8276184156473, ""R2"": -0.4010148396440385}","{""MAE"": 1472.7637376447647, ""MSE"": 4609314.320506159, ""RMSE"": 2146.9313730313224, ""MAPE"": 166.99982573767446, ""R2"": 0.10639111784967892}","{""MAE"": 1950.2119838358008, ""MSE"": 7849306.470076076, ""RMSE"": 2801.661376768448, ""MAPE"": 141.66253536100157, ""R2"": -0.5217469438295368}","{""MAE"": 0.041088136165667616, ""MSE"": 0.0027211390641243426, ""RMSE"": 0.052164538377372255, ""MAPE"": 0.0027999779892029, ""R2"": 0.9999999994724521}","{""MAE"": 838.2112172222226, ""MSE"": 1164004.0023001644, ""RMSE"": 1078.8901715652823, ""MAPE"": 74.51302636256062, ""R2"": 0.7743342625417381}"
