ref_article,designation,marque,famille,frequency,next_period,avg_forecast,historical_periods,historical_values,avg_sales,max_sales,min_sales,std_sales,trend_pct,data_points,sma_forecast,es_forecast,lr_forecast,arima_forecast,prophet_forecast,xgb_forecast,sma_metrics,es_metrics,lr_metrics,arima_metrics,prophet_metrics,xgb_metrics
6192488209236,KIT SO NATURAL RB S/A 8.0,RENEE BLANCHE,MASS MARKET,monthly,2025-09,2933.42342292419,"[""2024-03"", ""2024-04"", ""2024-05"", ""2024-06"", ""2024-07"", ""2024-08"", ""2024-09"", ""2024-10"", ""2024-11"", ""2024-12"", ""2025-01"", ""2025-02"", ""2025-03"", ""2025-04"", ""2025-05"", ""2025-06"", ""2025-07"", ""2025-08""]","[390.735, 4243.245, 7291.61, 1780.198, 4320.385, 654.342, 8541.33, 3642.87, 2084.829, -113.78900000000002, 4660.9439999999995, 2089.722, 938.918, 2434.433, 2106.072, 1419.794, 3160.106, 1759.882]",2855.868111111111,8541.33,-113.78900000000002,2233.5714060497344,350.4029585268788,18,2113.260666666667,2045.4568806235661,1756.8038758170005,2508.1162282317923,7207.592956206113,1969.3099300000029,"{""MAE"": 1799.082244444444, ""MSE"": 6630846.861114911, ""RMSE"": 2575.0430794677804, ""MAPE"": 366.886535292502, ""R2"": -0.6207081861008665}","{""MAE"": 2094.279518601001, ""MSE"": 7370747.291399718, ""RMSE"": 2714.91202277343, ""MAPE"": 263.93205975373786, ""R2"": -0.5030649404853553}","{""MAE"": 1600.7510402094572, ""MSE"": 4628577.764762554, ""RMSE"": 2151.41296936747, ""MAPE"": 248.21428189027105, ""R2"": 0.07221385585262452}","{""MAE"": 2231.0284033508524, ""MSE"": 8254166.90689016, ""RMSE"": 2873.006597084344, ""MAPE"": 240.80350253281, ""R2"": -0.6545258774722889}","{""MAE"": 0.027091055019170085, ""MSE"": 0.0012555565399297716, ""RMSE"": 0.03543383326609995, ""MAPE"": 0.005843149665835722, ""R2"": 0.999999999748327}","{""MAE"": 918.4566827777776, ""MSE"": 1288363.430846735, ""RMSE"": 1135.0609811136735, ""MAPE"": 112.52038058108589, ""R2"": 0.741750965303897}"
