ref_article,designation,marque,famille,frequency,next_period,avg_forecast,historical_periods,historical_values,avg_sales,max_sales,min_sales,std_sales,trend_pct,data_points,sma_forecast,es_forecast,lr_forecast,arima_forecast,prophet_forecast,xgb_forecast,sma_metrics,es_metrics,lr_metrics,arima_metrics,prophet_metrics,xgb_metrics
6192488206044,KIT COLORATION RB SO COLOR 4.0,RENEE BLANCHE,MASS MARKET,monthly,2025-09,3821.7463682500306,"[""2022-12"", ""2023-01"", ""2023-02"", ""2023-03"", ""2023-04"", ""2023-05"", ""2023-06"", ""2023-07"", ""2023-08"", ""2023-09"", ""2023-10"", ""2023-11"", ""2023-12"", ""2024-01"", ""2024-02"", ""2024-03"", ""2024-04"", ""2024-05"", ""2024-06"", ""2024-07"", ""2024-08"", ""2024-09"", ""2024-10"", ""2024-11"", ""2024-12"", ""2025-01"", ""2025-02"", ""2025-03"", ""2025-04"", ""2025-05"", ""2025-06"", ""2025-07"", ""2025-08""]","[535.105, 24561.943, 1126.228, 881.038, 4047.478, 517.273, 4254.939, 2036.129, 1198.657, 3493.3540000000007, 2535.594, 6724.569, 2707.79, 8897.454, 3774.34, 6914.727, 2555.969, 3579.422, 2134.008, 3144.1929999999998, 1577.85, 6846.356, 2482.044, 3453.7400000000002, 1902.9650000000001, 4177.750999999999, 5095.135, 2019.795, 5000.523, 3356.486, 3422.367, 3938.328, 3485.339]",4011.481484848485,24561.943,517.273,4102.189805739,551.3374010708178,33,3615.3446666666664,3595.5548650892915,3074.3588598484857,3734.335625712377,5319.341222183362,3591.5429699999972,"{""MAE"": 1975.5684111111113, ""MSE"": 7088377.073549434, ""RMSE"": 2662.400622286104, ""MAPE"": 87.93277560848954, ""R2"": -1.0084066526626794}","{""MAE"": 2579.921627965541, ""MSE"": 24007737.33217269, ""RMSE"": 4899.769110088015, ""MAPE"": 102.85165618527614, ""R2"": -0.4151858438891054}","{""MAE"": 2311.632751660995, ""MSE"": 16552447.848807212, ""RMSE"": 4068.4699641028706, ""MAPE"": 116.44812214577018, ""R2"": 0.016372354926986743}","{""MAE"": 2849.6303964945987, ""MSE"": 29648049.101004783, ""RMSE"": 5445.002213131303, ""MAPE"": 129.16510147682664, ""R2"": -0.7618325086782798}","{""MAE"": 1523.8181912411503, ""MSE"": 6686841.052911418, ""RMSE"": 2585.8926994195676, ""MAPE"": 52.78847715354428, ""R2"": 0.6026351040080891}","{""MAE"": 1296.3589775757578, ""MSE"": 5290155.360640725, ""RMSE"": 2300.03377380436, ""MAPE"": 67.32287444963708, ""R2"": 0.6856330189354811}"
