ref_article,designation,marque,famille,frequency,next_period,avg_forecast,historical_periods,historical_values,avg_sales,max_sales,min_sales,std_sales,trend_pct,data_points,sma_forecast,es_forecast,lr_forecast,arima_forecast,prophet_forecast,xgb_forecast,sma_metrics,es_metrics,lr_metrics,arima_metrics,prophet_metrics,xgb_metrics
6192488208901,TEINT RENEE BLANCHE 9.11 60ML,RENEE BLANCHE,COLORATION 60ML,monthly,2025-09,473.7375316693581,"[""2023-06"", ""2023-07"", ""2023-08"", ""2023-09"", ""2023-10"", ""2023-11"", ""2023-12"", ""2024-01"", ""2024-02"", ""2024-03"", ""2024-04"", ""2024-05"", ""2024-06"", ""2024-07"", ""2024-08"", ""2024-09"", ""2024-10"", ""2024-11"", ""2024-12"", ""2025-01"", ""2025-02"", ""2025-03"", ""2025-04"", ""2025-05"", ""2025-06"", ""2025-07"", ""2025-08""]","[88.452, 47.666, 136.118, 344.227, 1327.861, 740.295, 1096.437, 209.367, 468.012, 1571.9850000000001, 307.395, 482.46, 1068.72, 775.677, 992.222, 537.629, 635.325, 94.94399999999999, 639.981, 223.299, 459.111, 461.304, 48.374999999999986, 265.568, 225.105, 819.924, 469.818]",538.4176666666666,1571.9850000000001,47.666,395.54394564915754,431.1558811558811,27,504.949,458.9771502315481,472.2761282051283,643.7608003188477,236.77034126062458,525.6917699999995,"{""MAE"": 339.4852638888889, ""MSE"": 203289.20386704165, ""RMSE"": 450.8760404668246, ""MAPE"": 113.83057047515838, ""R2"": -0.37668406070288674}","{""MAE"": 305.748998273128, ""MSE"": 181817.1596798653, ""RMSE"": 426.4002341461192, ""MAPE"": 110.48414203716649, ""R2"": -0.17768112313960738}","{""MAE"": 315.1937254103922, ""MSE"": 155100.93816754254, ""RMSE"": 393.8285644383131, ""MAPE"": 167.89822927866547, ""R2"": 0.008654722828747241}","{""MAE"": 310.67210414986005, ""MSE"": 203874.411854088, ""RMSE"": 451.52454180707383, ""MAPE"": 109.42520727572133, ""R2"": -0.3030864784924423}","{""MAE"": 127.1453308878915, ""MSE"": 30617.911319784824, ""RMSE"": 174.9797454558236, ""MAPE"": 70.222899094654, ""R2"": 0.8043021393530888}","{""MAE"": 118.85579703703688, ""MSE"": 22906.415903440593, ""RMSE"": 151.34865676126958, ""MAPE"": 39.62859507578923, ""R2"": 0.8535910388996707}"
