ref_article,designation,marque,famille,frequency,next_period,avg_forecast,historical_periods,historical_values,avg_sales,max_sales,min_sales,std_sales,trend_pct,data_points,sma_forecast,es_forecast,lr_forecast,arima_forecast,prophet_forecast,xgb_forecast,sma_metrics,es_metrics,lr_metrics,arima_metrics,prophet_metrics,xgb_metrics
6192488208895,TEINT RENEE BLANCHE 8.11 60ML,RENEE BLANCHE,COLORATION 60ML,monthly,2025-09,825.7906078440137,"[""2023-06"", ""2023-07"", ""2023-08"", ""2023-09"", ""2023-10"", ""2023-11"", ""2023-12"", ""2024-01"", ""2024-02"", ""2024-03"", ""2024-04"", ""2024-05"", ""2024-06"", ""2024-07"", ""2024-08"", ""2024-09"", ""2024-10"", ""2024-11"", ""2024-12"", ""2025-01"", ""2025-02"", ""2025-03"", ""2025-04"", ""2025-05"", ""2025-06"", ""2025-07"", ""2025-08""]","[44.226, 91.892, 136.118, 438.08299999999997, 1450.22, 740.295, 1387.224, 327.531, 491.23199999999997, 1928.493, 314.959, 616.491, 1432.368, 1123.9769999999999, 1328.138, 628.746, 907.6009999999999, 227.427, 760.725, 291.15299999999996, 459.111, 887.004, 61.91999999999999, 380.54999999999995, 409.188, 884.295, 1195.056]",701.6304814814813,1928.493,44.226,493.98715963529446,2602.157102157102,27,829.5129999999999,889.6094879277899,745.249165242165,1038.6062529394335,426.4556809546961,1025.3100599999984,"{""MAE"": 450.2218055555555, ""MSE"": 305315.55167481484, ""RMSE"": 552.5536640678577, ""MAPE"": 103.65855066248926, ""R2"": -0.3760905871443767}","{""MAE"": 414.45031496707117, ""MSE"": 288377.71173915104, ""RMSE"": 537.0081114277056, ""MAPE"": 103.51332927664684, ""R2"": -0.22117791400717013}","{""MAE"": 412.24645620223384, ""MSE"": 243434.41711194624, ""RMSE"": 493.3907347244638, ""MAPE"": 179.1535259958075, ""R2"": 0.0024132807772551113}","{""MAE"": 422.4369864529014, ""MSE"": 316176.54650996334, ""RMSE"": 562.2957820488816, ""MAPE"": 107.41906655982834, ""R2"": -0.2956817177704385}","{""MAE"": 161.3246692105826, ""MSE"": 47139.33035531834, ""RMSE"": 217.11593758938642, ""MAPE"": 69.28783433700426, ""R2"": 0.8068244808050544}","{""MAE"": 153.27114962962972, ""MSE"": 38423.734666371056, ""RMSE"": 196.01973029868972, ""MAPE"": 40.417076184113554, ""R2"": 0.8425407226272226}"
