ref_article,designation,marque,famille,frequency,next_period,avg_forecast,historical_periods,historical_values,avg_sales,max_sales,min_sales,std_sales,trend_pct,data_points,sma_forecast,es_forecast,lr_forecast,arima_forecast,prophet_forecast,xgb_forecast,sma_metrics,es_metrics,lr_metrics,arima_metrics,prophet_metrics,xgb_metrics
6192488209014,TEINT HZ TRESOR SA 10.11,H. ZONE,TRESOR,monthly,2025-09,506.77376670102484,"[""2023-06"", ""2023-07"", ""2023-08"", ""2023-09"", ""2023-10"", ""2023-11"", ""2023-12"", ""2024-01"", ""2024-02"", ""2024-03"", ""2024-04"", ""2024-05"", ""2024-06"", ""2024-07"", ""2024-08"", ""2024-09"", ""2024-10"", ""2024-11"", ""2024-12"", ""2025-01"", ""2025-02"", ""2025-03"", ""2025-04"", ""2025-05"", ""2025-06"", ""2025-07"", ""2025-08""]","[359.169, 113.821, 1525.204, 2078.501, 1043.9950000000001, 1008.582, 1289.977, 360.335, 330.03499999999997, 777.358, 654.206, 636.939, 722.625, 179.516, 602.078, 403.34, 371.41200000000003, 117.288, 647.6899999999999, 208.512, 120.872, 485.76800000000003, 807.0070000000001, 452.536, 240.76600000000002, 797.883, 530.729]",624.672,2078.501,113.821,450.4178840125805,47.76581497846419,27,523.1260000000001,527.9148279180674,301.18778632478825,584.9229024361568,537.0875835271365,566.4035,"{""MAE"": 294.38869444444447, ""MSE"": 180984.99200349077, ""RMSE"": 425.4233091915519, ""MAPE"": 74.21042214811423, ""R2"": -0.0020858885960801654}","{""MAE"": 313.3437241320252, ""MSE"": 219071.34313129933, ""RMSE"": 468.05057753548317, ""MAPE"": 81.3984595534974, ""R2"": -0.05391822606882557}","{""MAE"": 311.80541645186094, ""MSE"": 170487.06846546737, ""RMSE"": 412.9007973659864, ""MAPE"": 98.08150676661533, ""R2"": 0.15965002577604182}","{""MAE"": 376.93622021630915, ""MSE"": 233334.19743604, ""RMSE"": 483.04678597009627, ""MAPE"": 86.80969761047638, ""R2"": -0.15013055574159995}","{""MAE"": 155.0672504121672, ""MSE"": 46945.225182784314, ""RMSE"": 216.66846836303688, ""MAPE"": 44.53221252954546, ""R2"": 0.7686016943843368}","{""MAE"": 128.7694122222222, ""MSE"": 26265.027339860688, ""RMSE"": 162.0648862025969, ""MAPE"": 39.19699712532669, ""R2"": 0.8705367201940352}"
