ref_article,designation,marque,famille,frequency,next_period,avg_forecast,historical_periods,historical_values,avg_sales,max_sales,min_sales,std_sales,trend_pct,data_points,sma_forecast,es_forecast,lr_forecast,arima_forecast,prophet_forecast,xgb_forecast,sma_metrics,es_metrics,lr_metrics,arima_metrics,prophet_metrics,xgb_metrics
6192488208598,Gel douche RB creamy MM 470ml ,RENEE BLANCHE,MASS MARKET,monthly,2025-09,3804.030896253759,"[""2023-04"", ""2023-05"", ""2023-06"", ""2023-07"", ""2023-08"", ""2023-09"", ""2023-10"", ""2023-11"", ""2023-12"", ""2024-01"", ""2024-02"", ""2024-03"", ""2024-04"", ""2024-05"", ""2024-06"", ""2024-07"", ""2024-08"", ""2024-09"", ""2024-10"", ""2024-11"", ""2024-12"", ""2025-01"", ""2025-02"", ""2025-03"", ""2025-04"", ""2025-05"", ""2025-06"", ""2025-07"", ""2025-08""]","[38.915, 38.9, 689.159, 10436.795, 5419.059, 2191.033, 5270.46, 1590.251, 2336.553, 1456.785, 3187.991, 14100.798, 6162.649, 8418.333, 3685.516, 12909.384, 2092.96, 2746.275, 1584.618, 2773.4030000000002, -757.753, 2046.236, 1213.813, 1724.825, 3223.57, 4209.357, 6434.252, 3497.1330000000003, 4179.7300000000005]",3893.1379310344832,14100.798,-757.753,3574.540948029251,10640.665553128614,29,4703.705000000001,3995.2324402335853,3832.8982266009857,3820.2176969154298,2241.9598937725555,4230.172119999996,"{""MAE"": 2920.879948717949, ""MSE"": 17389620.274789438, ""RMSE"": 4170.086362989313, ""MAPE"": 91.83977729685158, ""R2"": -0.38695656159747926}","{""MAE"": 2639.8150011581342, ""MSE"": 14998267.773548556, ""RMSE"": 3872.7597102774857, ""MAPE"": 87.84946227089601, ""R2"": -0.18243777778058545}","{""MAE"": 2663.550733140819, ""MSE"": 12776214.022296451, ""RMSE"": 3574.3830268028705, ""MAPE"": 787.5835375821398, ""R2"": 8.835693323450133e-05}","{""MAE"": 2595.370049264496, ""MSE"": 15230387.618609807, ""RMSE"": 3902.612921954957, ""MAPE"": 83.4588199729689, ""R2"": -0.1919839384101456}","{""MAE"": 1746.305651222473, ""MSE"": 6205135.031364989, ""RMSE"": 2491.010845292527, ""MAPE"": 532.9192529627828, ""R2"": 0.5143642119774015}","{""MAE"": 1082.867950689655, ""MSE"": 2460782.1282740515, ""RMSE"": 1568.6880277078842, ""MAPE"": 178.32571738274262, ""R2"": 0.8074104975998542}"
