ref_article,designation,marque,famille,frequency,next_period,avg_forecast,historical_periods,historical_values,avg_sales,max_sales,min_sales,std_sales,trend_pct,data_points,sma_forecast,es_forecast,lr_forecast,arima_forecast,prophet_forecast,xgb_forecast,sma_metrics,es_metrics,lr_metrics,arima_metrics,prophet_metrics,xgb_metrics
6192488209281,KIT SO NATURAL RB S/A 8.1,RENEE BLANCHE,MASS MARKET,monthly,2025-09,2013.2079210668298,"[""2024-03"", ""2024-04"", ""2024-05"", ""2024-06"", ""2024-07"", ""2024-08"", ""2024-09"", ""2024-10"", ""2024-11"", ""2024-12"", ""2025-01"", ""2025-02"", ""2025-03"", ""2025-04"", ""2025-05"", ""2025-06"", ""2025-07"", ""2025-08""]","[390.735, 726.63, 7341.818, 1787.633, 4601.4400000000005, 726.551, 4551.72, 530.7, 1049.452, -124.843, 460.47700000000003, 1938.9119999999998, 1048.961, 1680.383, 1650.987, 556.2460000000001, 2488.3160000000003, 673.205]",1782.1846111111113,7341.818,-124.843,1855.9317193510212,72.29196258333653,18,1239.2556666666667,1114.8056417024811,831.4992287581699,1986.9148843296052,5911.917384944056,994.8547200000011,"{""MAE"": 1306.892266666667, ""MSE"": 2739285.179249422, ""RMSE"": 1655.078602136292, ""MAPE"": 233.06495987019395, ""R2"": -0.4998857971391528}","{""MAE"": 1543.338331782445, ""MSE"": 4688794.838248757, ""RMSE"": 2165.3625188981073, ""MAPE"": 201.69597037953272, ""R2"": -0.32958515092485996}","{""MAE"": 1380.972518671405, ""MSE"": 3174927.356792664, ""RMSE"": 1781.8325838284202, ""MAPE"": 200.2574657160066, ""R2"": 0.07825709273623693}","{""MAE"": 1254.0635743537023, ""MSE"": 3808239.925580292, ""RMSE"": 1951.4712207922237, ""MAPE"": 123.9259155638548, ""R2"": -0.10560581269751146}","{""MAE"": 0.052635539028370225, ""MSE"": 0.004155981797993093, ""RMSE"": 0.0644669046720338, ""MAPE"": 0.008349180859588804, ""R2"": 0.999999998793438}","{""MAE"": 725.0292516666664, ""MSE"": 871882.6747385357, ""RMSE"": 933.7465795056685, ""MAPE"": 75.82208444002696, ""R2"": 0.7468755719128457}"
