ref_article,designation,marque,famille,frequency,next_period,avg_forecast,historical_periods,historical_values,avg_sales,max_sales,min_sales,std_sales,trend_pct,data_points,sma_forecast,es_forecast,lr_forecast,arima_forecast,prophet_forecast,xgb_forecast,sma_metrics,es_metrics,lr_metrics,arima_metrics,prophet_metrics,xgb_metrics
6192488208673,Gel douche RB Soft Sensitive MM 470ml ,RENEE BLANCHE,MASS MARKET,monthly,2025-09,4614.680262783765,"[""2023-04"", ""2023-05"", ""2023-06"", ""2023-07"", ""2023-08"", ""2023-09"", ""2023-10"", ""2023-11"", ""2023-12"", ""2024-01"", ""2024-02"", ""2024-03"", ""2024-04"", ""2024-05"", ""2024-06"", ""2024-07"", ""2024-08"", ""2024-09"", ""2024-10"", ""2024-11"", ""2024-12"", ""2025-01"", ""2025-02"", ""2025-03"", ""2025-04"", ""2025-05"", ""2025-06"", ""2025-07"", ""2025-08""]","[38.915, 38.9, 501.866, 11659.809, 6220.3640000000005, 917.558, 5642.389, 3997.691, 3332.958, 4453.202, 3180.183, 13371.276, 8124.15, 8176.657, 5012.669, 14075.788, 3172.445, 3758.884, 2218.9030000000002, 4386.752, -739.639, 2093.499, 2320.629, 1515.251, 2176.819, 4471.589, 7651.817, 5217.454, 4760.441]",4543.0765172413785,14075.788,-739.639,3691.1357359898807,12132.92046768598,29,5876.5706666666665,4687.6614311560625,4570.693615763546,4974.138970008112,2521.302603108205,5057.714289999998,"{""MAE"": 2819.6729358974353, ""MSE"": 17500052.95223296, ""RMSE"": 4183.306461667967, ""MAPE"": 87.82688860831065, ""R2"": -0.37191623472601987}","{""MAE"": 2660.268002666598, ""MSE"": 15551653.379865514, ""RMSE"": 3943.5584666472887, ""MAPE"": 86.28751429995984, ""R2"": -0.16398995216699652}","{""MAE"": 2753.777007643961, ""MSE"": 13624245.735771986, ""RMSE"": 3691.1035932051523, ""MAPE"": 900.8814348982652, ""R2"": 1.7416127217506627e-05}","{""MAE"": 2735.922204083498, ""MSE"": 16626379.613972867, ""RMSE"": 4077.545783185379, ""MAPE"": 98.07465104766176, ""R2"": -0.22033104578968943}","{""MAE"": 1934.0224134108512, ""MSE"": 6758893.359324681, ""RMSE"": 2599.787175775102, ""MAPE"": 567.6902248023338, ""R2"": 0.5039156092265599}","{""MAE"": 1108.3691517241382, ""MSE"": 2450089.3764533703, ""RMSE"": 1565.2761342502383, ""MAPE"": 195.2976073148905, ""R2"": 0.820170103145437}"
