ref_article,designation,marque,famille,frequency,next_period,avg_forecast,historical_periods,historical_values,avg_sales,max_sales,min_sales,std_sales,trend_pct,data_points,sma_forecast,es_forecast,lr_forecast,arima_forecast,prophet_forecast,xgb_forecast,sma_metrics,es_metrics,lr_metrics,arima_metrics,prophet_metrics,xgb_metrics
6192488205986,Gel douche RB relaxant MM 470ml ,RENEE BLANCHE,MASS MARKET,monthly,2025-09,1532.464888065294,"[""2023-04"", ""2023-06"", ""2023-07"", ""2023-08"", ""2023-09"", ""2023-10"", ""2023-11"", ""2023-12"", ""2024-01"", ""2024-02"", ""2024-03"", ""2024-04"", ""2024-05"", ""2024-06"", ""2024-07"", ""2024-08"", ""2024-09"", ""2024-10"", ""2024-11"", ""2024-12"", ""2025-01"", ""2025-02"", ""2025-03"", ""2025-04"", ""2025-05"", ""2025-06"", ""2025-07"", ""2025-08""]","[38.915, 508.945, 8926.803, 4646.167, 2003.232, 2571.3070000000002, 1824.536, 1909.897, 1111.083, 1899.329, 10603.896999999999, 5376.178, 2294.46, 1509.128, 4184.13, 1679.906, 1823.9879999999998, 1293.153, 483.246, -426.74600000000004, 872.238, 679.599, 937.639, 2044.7050000000002, 3034.743, 3906.5660000000003, 1964.302, 1387.25]",2467.449857142857,10603.896999999999,-426.74600000000004,2425.1215842653673,3464.8207632018502,28,2419.3726666666666,1828.0581968914946,1522.9119660948345,1512.8047143359138,162.0162744028546,1749.6255099999994,"{""MAE"": 1729.8445066666668, ""MSE"": 6207588.127776363, ""RMSE"": 2491.5031863869576, ""MAPE"": 93.74633560652424, ""R2"": -0.37280784585066407}","{""MAE"": 1717.5685432083567, ""MSE"": 7351739.554731357, ""RMSE"": 2711.4091455793528, ""MAPE"": 88.34416099426669, ""R2"": -0.25189032596310423}","{""MAE"": 1683.8219299700452, ""MSE"": 5601481.806782899, ""RMSE"": 2366.7449813579196, ""MAPE"": 413.3756256809447, ""R2"": 0.04756379524108345}","{""MAE"": 1786.6352199317964, ""MSE"": 8021291.2325005485, ""RMSE"": 2832.1884175493246, ""MAPE"": 79.19710367189688, ""R2"": -0.363883422686067}","{""MAE"": 986.7088959463134, ""MSE"": 1814493.3982800453, ""RMSE"": 1347.031327876247, ""MAPE"": 139.8132882128506, ""R2"": 0.6914764225913809}","{""MAE"": 698.1371300000004, ""MSE"": 1161307.1190527861, ""RMSE"": 1077.6396053657206, ""MAPE"": 197.35139647720422, ""R2"": 0.8025395809211069}"
