ref_article,designation,marque,famille,frequency,next_period,avg_forecast,historical_periods,historical_values,avg_sales,max_sales,min_sales,std_sales,trend_pct,data_points,sma_forecast,es_forecast,lr_forecast,arima_forecast,prophet_forecast,xgb_forecast,sma_metrics,es_metrics,lr_metrics,arima_metrics,prophet_metrics,xgb_metrics
6192488206167,KIT COLORATION RB SO COLOR 8.1,RENEE BLANCHE,MASS MARKET,monthly,2025-09,6126.272197965979,"[""2022-12"", ""2023-01"", ""2023-02"", ""2023-03"", ""2023-04"", ""2023-05"", ""2023-06"", ""2023-07"", ""2023-08"", ""2023-09"", ""2023-10"", ""2023-11"", ""2023-12"", ""2024-01"", ""2024-02"", ""2024-03"", ""2024-04"", ""2024-05"", ""2024-06"", ""2024-07"", ""2024-08"", ""2024-09"", ""2024-10"", ""2024-11"", ""2024-12"", ""2025-01"", ""2025-02"", ""2025-03"", ""2025-04"", ""2025-05"", ""2025-06"", ""2025-07"", ""2025-08""]","[564.5360000000001, 2638.062, 1096.797, 941.6859999999999, 4325.961, 1175.131, 4837.035, 3996.601, 4309.073, 6757.76, 3252.21, 9338.049, 3755.336, 16233.835000000001, 754.002, 10692.004, 5258.486, 3794.756, 4033.52, 4797.836, 3226.511, 9055.098, 3093.9069999999997, 3913.9539999999997, 2237.271, 4725.981, 6284.6089999999995, 2788.9210000000003, 6584.4529999999995, 5348.851, 5343.595, 4931.809, 5337.942]",4709.866,16233.835000000001,564.5360000000001,3103.881915903482,845.5450139583658,33,5204.448666666667,5210.646414598757,5947.454818181817,5005.361480875787,10152.707107472845,5237.014699999996,"{""MAE"": 2483.852822222222, ""MSE"": 11774730.11071105, ""RMSE"": 3431.432661544016, ""MAPE"": 84.24207117148462, ""R2"": -0.26079814921276134}","{""MAE"": 2378.697818950536, ""MSE"": 10870213.263201475, ""RMSE"": 3297.0006465273063, ""MAPE"": 75.32000878620119, ""R2"": -0.15870155968835342}","{""MAE"": 2015.2136062226539, ""MSE"": 9153572.804221323, ""RMSE"": 3025.487201133286, ""MAPE"": 82.37755932435752, ""R2"": 0.0498760646188382}","{""MAE"": 2101.602509225915, ""MSE"": 7655481.992510182, ""RMSE"": 2766.8541689995486, ""MAPE"": 67.19690122498419, ""R2"": 0.2053751214379348}","{""MAE"": 1288.603701196596, ""MSE"": 3186596.6052797395, ""RMSE"": 1785.1040880799471, ""MAPE"": 36.500762804116206, ""R2"": 0.6692371632545075}","{""MAE"": 1082.0656681818186, ""MSE"": 2702012.668429651, ""RMSE"": 1643.7799939254799, ""MAPE"": 46.96222832125855, ""R2"": 0.7195360800763823}"
