ref_article,designation,marque,famille,frequency,next_period,avg_forecast,historical_periods,historical_values,avg_sales,max_sales,min_sales,std_sales,trend_pct,data_points,sma_forecast,es_forecast,lr_forecast,arima_forecast,prophet_forecast,xgb_forecast,sma_metrics,es_metrics,lr_metrics,arima_metrics,prophet_metrics,xgb_metrics
6192488208987,TEINT HZ TRESOR SA 7.11,H. ZONE,TRESOR,monthly,2025-09,3445.133236668253,"[""2023-06"", ""2023-07"", ""2023-08"", ""2023-09"", ""2023-10"", ""2023-11"", ""2023-12"", ""2024-01"", ""2024-03"", ""2024-04"", ""2024-05"", ""2024-06"", ""2024-07"", ""2024-08"", ""2024-09"", ""2024-10"", ""2024-11"", ""2024-12"", ""2025-01"", ""2025-02"", ""2025-03"", ""2025-04"", ""2025-05"", ""2025-06"", ""2025-07"", ""2025-08""]","[359.169, 227.642, 1525.204, 3823.127, 1207.771, 2282.747, 306.899, 133.687, 5456.17, 1182.002, 2128.4519999999998, 1526.374, 31.603, 3663.621, 2664.283, 1015.193, 891.389, 1419.3999999999999, 1416.904, 697.428, 2562.958, 1396.705, 1366.406, 2586.526, 3404.716, 4255.923]",1828.1653461538465,5456.17,31.603,1368.215316199367,1084.9360607402086,26,3415.721666666667,3299.6170816377644,2450.615759263237,3857.2110917507725,3811.7168606910745,3835.9169600000037,"{""MAE"": 1239.7550434782609, ""MSE"": 2656344.9123725994, ""RMSE"": 1629.8297188272766, ""MAPE"": 331.39956403611365, ""R2"": -0.40883026978114745}","{""MAE"": 1158.0081469437066, ""MSE"": 2356548.294213879, ""RMSE"": 1535.1053039494975, ""MAPE"": 332.99370550803854, ""R2"": -0.2689242242325347}","{""MAE"": 1061.4084604391148, ""MSE"": 1746013.4926359837, ""RMSE"": 1321.3680382981813, ""MAPE"": 342.5473710643613, ""R2"": 0.06730703721112496}","{""MAE"": 1272.591489567196, ""MSE"": 2832472.5591350445, ""RMSE"": 1682.9951156004715, ""MAPE"": 324.2737568549132, ""R2"": -0.513062318441448}","{""MAE"": 473.3748035453769, ""MSE"": 346370.0968384736, ""RMSE"": 588.5321544643705, ""MAPE"": 176.27203370606972, ""R2"": 0.8149745387396627}","{""MAE"": 434.34258269230753, ""MSE"": 325952.6043718483, ""RMSE"": 570.9225905250626, ""MAPE"": 136.7759243073987, ""R2"": 0.8258812422798892}"
