ref_article,designation,marque,famille,frequency,next_period,avg_forecast,historical_periods,historical_values,avg_sales,max_sales,min_sales,std_sales,trend_pct,data_points,sma_forecast,es_forecast,lr_forecast,arima_forecast,prophet_forecast,xgb_forecast,sma_metrics,es_metrics,lr_metrics,arima_metrics,prophet_metrics,xgb_metrics
6192488206174,KIT COLORATION RB SO COLOR 9.0,RENEE BLANCHE,MASS MARKET,monthly,2025-09,3852.448694862334,"[""2022-12"", ""2023-01"", ""2023-02"", ""2023-03"", ""2023-04"", ""2023-05"", ""2023-06"", ""2023-07"", ""2023-08"", ""2023-09"", ""2023-10"", ""2023-11"", ""2023-12"", ""2024-01"", ""2024-02"", ""2024-03"", ""2024-04"", ""2024-05"", ""2024-06"", ""2024-07"", ""2024-08"", ""2024-09"", ""2024-10"", ""2024-11"", ""2024-12"", ""2025-01"", ""2025-02"", ""2025-03"", ""2025-04"", ""2025-05"", ""2025-06"", ""2025-07"", ""2025-08""]","[564.5360000000001, 24347.902, 1072.7169999999999, 941.6859999999999, 4269.106, 1263.251, 4392.216, 2915.944, 2974.814, 5661.202, 75.363, 8708.114, 2113.785, 9802.354000000001, 3705.161, 6950.256, 3311.858, 3442.16, 2161.405, 3142.311, 1839.018, 6845.014, 1892.204, 930.201, 1312.072, 2847.308, 6209.432, 2051.534, 3603.122, 3371.59, 3230.738, 4824.813, 3083.692]",4056.269060606061,24347.902,75.363,4233.242868377672,446.2347839641758,33,3713.0809999999997,3407.0993731734943,2664.148299242428,4087.271416918588,5708.192529839493,3534.899549999999,"{""MAE"": 2374.821366666666, ""MSE"": 9332092.911388256, ""RMSE"": 3054.847444863369, ""MAPE"": 255.46548802387633, ""R2"": -0.8398729914720509}","{""MAE"": 2880.2224554758905, ""MSE"": 25379710.93279027, ""RMSE"": 5037.827997539244, ""MAPE"": 257.6084930611379, ""R2"": -0.40316740941884954}","{""MAE"": 2568.789753119431, ""MSE"": 17312345.115464255, ""RMSE"": 4160.810632012019, ""MAPE"": 286.00851984259407, ""R2"": 0.03392792164484193}","{""MAE"": 3115.7367907832486, ""MSE"": 30925767.426367693, ""RMSE"": 5561.094085372742, ""MAPE"": 289.41713731378564, ""R2"": -0.725735029717729}","{""MAE"": 1639.177467748784, ""MSE"": 6374274.272859678, ""RMSE"": 2524.7325151111904, ""MAPE"": 91.08774844245163, ""R2"": 0.6442995819620809}","{""MAE"": 1383.7421154545457, ""MSE"": 5635349.320633605, ""RMSE"": 2373.889070835789, ""MAPE"": 137.50635588662155, ""R2"": 0.6855334390498695}"
