ref_article,designation,marque,famille,frequency,next_period,avg_forecast,historical_periods,historical_values,avg_sales,max_sales,min_sales,std_sales,trend_pct,data_points,sma_forecast,es_forecast,lr_forecast,arima_forecast,prophet_forecast,xgb_forecast,sma_metrics,es_metrics,lr_metrics,arima_metrics,prophet_metrics,xgb_metrics
6192488209304,KIT SO NATURAL RB S/A 7.13,RENEE BLANCHE,MASS MARKET,monthly,2025-09,779.4467383838379,"[""2024-03"", ""2024-04"", ""2024-05"", ""2024-06"", ""2024-07"", ""2024-08"", ""2024-09"", ""2024-10"", ""2024-11"", ""2024-12"", ""2025-01"", ""2025-02"", ""2025-03"", ""2025-04"", ""2025-05"", ""2025-06"", ""2025-07"", ""2025-08""]","[390.735, 726.63, 6914.584999999999, 1294.997, 3093.538, 61.153999999999996, 3187.575, 212.77800000000002, 762.514, -135.897, 330.232, 1603.017, 964.772, 1029.1580000000001, 1826.741, 275.009, 1665.7160000000001, 744.077]",1385.9628333333335,6914.584999999999,-135.897,1622.4493982380893,90.43008688753247,18,894.9340000000001,951.1448305003253,590.9125098039149,1365.2651799987866,0.0,874.4239100000007,"{""MAE"": 1016.5072444444445, ""MSE"": 1899043.282876074, ""RMSE"": 1378.057793735834, ""MAPE"": 595.5934421150465, ""R2"": -0.9794431464464501}","{""MAE"": 1255.5246733945921, ""MSE"": 3598921.678985797, ""RMSE"": 1897.0824122809734, ""MAPE"": 406.71448948924825, ""R2"": -0.32046533840227553}","{""MAE"": 1136.8941054924892, ""MSE"": 2443819.5009299503, ""RMSE"": 1563.2720495582175, ""MAPE"": 327.57374910762667, ""R2"": 0.07161780093298364}","{""MAE"": 1171.6385633318034, ""MSE"": 3326726.1931923497, ""RMSE"": 1823.9315209712095, ""MAPE"": 282.29274481511897, ""R2"": -0.26378948107849043}","{""MAE"": 0.03240433239899213, ""MSE"": 0.0015206920588019019, ""RMSE"": 0.038996051836075685, ""MAPE"": 0.010411316723197828, ""R2"": 0.9999999994223046}","{""MAE"": 625.2149583333324, ""MSE"": 693884.7579820312, ""RMSE"": 832.9974537668355, ""MAPE"": 164.43516888224232, ""R2"": 0.7364002303487194}"
