ref_article,designation,marque,famille,frequency,next_period,avg_forecast,historical_periods,historical_values,avg_sales,max_sales,min_sales,std_sales,trend_pct,data_points,sma_forecast,es_forecast,lr_forecast,arima_forecast,prophet_forecast,xgb_forecast,sma_metrics,es_metrics,lr_metrics,arima_metrics,prophet_metrics,xgb_metrics
6192488208307,CIRE GLOSS WAX RB FCR 5 120ML-6192488208307,RENEE BLANCHE,MASS MARKET,monthly,2025-07,130.10195008825977,"[""2023-03"", ""2023-04"", ""2023-05"", ""2023-06"", ""2023-07"", ""2023-08"", ""2023-09"", ""2023-10"", ""2023-11"", ""2023-12"", ""2024-01"", ""2024-02"", ""2024-03"", ""2024-04"", ""2024-05"", ""2024-06"", ""2024-07"", ""2024-08"", ""2024-09"", ""2024-10"", ""2024-11"", ""2024-12"", ""2025-01"", ""2025-02"", ""2025-04"", ""2025-05"", ""2025-06""]","[5499.175, 1664.289, 1727.4669999999999, 2863.625, 2910.478, 1364.219, 1236.399, 4493.862, 3257.4590000000003, 435.206, 439.70000000000005, 207.891, 1390.562, 893.553, 166.34799999999998, 141.72100000000003, 913.033, 580.281, 772.658, 685.909, 1480.27, 409.467, 426.525, 889.9929999999999, -260.524, -55.332, -3.901]",1278.9012222222223,5499.175,-260.524,1381.7373261152688,-100.07093791341428,27,-106.58566666666667,140.2900677811323,0.0,0.0,746.907299415093,0.0,"{""MAE"": 820.7831527777777, ""MSE"": 1197144.5789639864, ""RMSE"": 1094.141023343877, ""MAPE"": 393.1564613625063, ""R2"": 0.11112798866218665}","{""MAE"": 993.0386454918936, ""MSE"": 1896446.0319286834, ""RMSE"": 1377.1151120834757, ""MAPE"": 492.61411394288723, ""R2"": -0.4917913717402451}","{""MAE"": 758.2230720797345, ""MSE"": 1036810.1273976272, ""RMSE"": 1018.2387379183858, ""MAPE"": 461.59861372701874, ""R2"": 0.45693945491516885}","{""MAE"": 1030.6182509343196, ""MSE"": 2595643.5809707902, ""RMSE"": 1611.100115129656, ""MAPE"": 245.19039463566946, ""R2"": -0.3595465367086905}","{""MAE"": 96.51129399517289, ""MSE"": 11682.921821597123, ""RMSE"": 108.0875655272017, ""MAPE"": 125.0862826963932, ""R2"": 0.9938807176695461}","{""MAE"": 313.4519170370369, ""MSE"": 211928.29623866783, ""RMSE"": 460.35670543467467, ""MAPE"": 47.96345340730914, ""R2"": 0.8889961690833944}"
