ref_article,designation,marque,famille,frequency,next_period,avg_forecast,historical_periods,historical_values,avg_sales,max_sales,min_sales,std_sales,trend_pct,data_points,sma_forecast,es_forecast,lr_forecast,arima_forecast,prophet_forecast,xgb_forecast,sma_metrics,es_metrics,lr_metrics,arima_metrics,prophet_metrics,xgb_metrics
6192488206129,KIT COLORATION RB SO COLOR 7.1,RENEE BLANCHE,MASS MARKET,monthly,2025-09,7150.652259483922,"[""2022-12"", ""2023-01"", ""2023-02"", ""2023-03"", ""2023-04"", ""2023-05"", ""2023-06"", ""2023-07"", ""2023-08"", ""2023-09"", ""2023-10"", ""2023-11"", ""2023-12"", ""2024-01"", ""2024-02"", ""2024-03"", ""2024-04"", ""2024-05"", ""2024-06"", ""2024-07"", ""2024-08"", ""2024-09"", ""2024-10"", ""2024-11"", ""2024-12"", ""2025-01"", ""2025-02"", ""2025-03"", ""2025-04"", ""2025-05"", ""2025-06"", ""2025-07"", ""2025-08""]","[564.5360000000001, 24591.372, 1280.07, 1000.548, 4197.976000000001, 1159.802, 4737.509000000001, 3423.072, 5329.773, 6837.767, 4032.802, 9661.562, 5065.148, 19457.082000000002, 7085.578, 10067.797, 6903.6410000000005, 4806.982, 4419.217, 6331.169, 3733.121, 9548.352, 4007.6549999999997, 5448.595, 4578.761, 5144.242, 8848.342, 3926.3540000000003, 8385.621000000001, 6075.297, 6911.692, 7548.14, 5953.408]",6395.84796969697,24591.372,564.5360000000001,4675.072638334319,954.5665821134523,33,6804.413333333334,6383.525966467913,6628.359179924242,6881.6107683163755,9820.289228861651,6385.71508000001,"{""MAE"": 2702.8808, ""MSE"": 14239989.440179456, ""RMSE"": 3773.591053648958, ""MAPE"": 65.31664405262345, ""R2"": -0.3014293202398657}","{""MAE"": 3184.5339772435973, ""MSE"": 30518149.73178269, ""RMSE"": 5524.323463717769, ""MAPE"": 71.39685732654728, ""R2"": -0.42319047686213507}","{""MAE"": 2956.49674989872, ""MSE"": 21839343.714759044, ""RMSE"": 4673.258361652932, ""MAPE"": 100.82422584910407, ""R2"": 0.0007759984857630409}","{""MAE"": 3509.847747361697, ""MSE"": 35398067.85176813, ""RMSE"": 5949.627538910997, ""MAPE"": 103.05646968083018, ""R2"": -0.6195815893868983}","{""MAE"": 1808.6364198840085, ""MSE"": 5173500.406645597, ""RMSE"": 2274.533008475717, ""MAPE"": 49.138123328410884, ""R2"": 0.7632948203168576}","{""MAE"": 1543.1066272727278, ""MSE"": 6410010.722603923, ""RMSE"": 2531.7998978205055, ""MAPE"": 54.775028293993856, ""R2"": 0.7067202820906688}"
