ref_article,designation,marque,famille,frequency,next_period,avg_forecast,historical_periods,historical_values,avg_sales,max_sales,min_sales,std_sales,trend_pct,data_points,sma_forecast,es_forecast,lr_forecast,arima_forecast,prophet_forecast,xgb_forecast,sma_metrics,es_metrics,lr_metrics,arima_metrics,prophet_metrics,xgb_metrics
6192488206105,KIT COLORATION RB SO COLOR 7.0,RENEE BLANCHE,MASS MARKET,monthly,2025-09,8271.993290742608,"[""2022-12"", ""2023-01"", ""2023-02"", ""2023-03"", ""2023-04"", ""2023-05"", ""2023-06"", ""2023-07"", ""2023-08"", ""2023-09"", ""2023-10"", ""2023-11"", ""2023-12"", ""2024-01"", ""2024-02"", ""2024-03"", ""2024-04"", ""2024-05"", ""2024-06"", ""2024-07"", ""2024-08"", ""2024-09"", ""2024-10"", ""2024-11"", ""2024-12"", ""2025-01"", ""2025-02"", ""2025-03"", ""2025-04"", ""2025-05"", ""2025-06"", ""2025-07"", ""2025-08""]","[564.5360000000001, 2916.315, 1326.8919999999998, 939.9, 4512.35, 1114.31, 4645.644, 3107.674, 3797.582, 6917.485, 3914.5950000000003, 10603.817000000001, 3438.309, 18061.355, 4608.219, 9637.030999999999, 5728.834, 4366.106, 4134.799, 5376.506, 3645.724, 11420.764, 4171.043, 5375.46, 4568.254, 5145.932, 8036.417, 5225.0289999999995, 8723.604, 6503.388, 6649.956, 8199.662, 6500.636]",5572.064484848485,18061.355,564.5360000000001,3398.5685450081473,1051.5007014610228,33,7116.751333333334,6807.571494509641,7996.115768939402,7851.731888491213,12929.807079182045,6929.982180000014,"{""MAE"": 2475.773688888889, ""MSE"": 12544064.057660377, ""RMSE"": 3541.7600225961637, ""MAPE"": 43.76623446952815, ""R2"": -0.1533641229256859}","{""MAE"": 2343.5041349373582, ""MSE"": 11672318.292317446, ""RMSE"": 3416.477468434037, ""MAPE"": 41.04238926739168, ""R2"": -0.051264528985293545}","{""MAE"": 2098.4174944633523, ""MSE"": 9706809.448325768, ""RMSE"": 3115.575299736113, ""MAPE"": 62.620255821382656, ""R2"": 0.15960310895258778}","{""MAE"": 2055.9976187210964, ""MSE"": 8499956.416844003, ""RMSE"": 2915.4684729634796, ""MAPE"": 41.487675011867836, ""R2"": 0.2640901230438508}","{""MAE"": 1198.2797791146445, ""MSE"": 2781376.5537438663, ""RMSE"": 1667.7459500007387, ""MAPE"": 29.769497577049275, ""R2"": 0.7591937679376537}","{""MAE"": 1099.853972121213, ""MSE"": 2523083.478733192, ""RMSE"": 1588.4216942402898, ""MAPE"": 26.175651605842127, ""R2"": 0.781556285546927}"
