ref_article,designation,marque,famille,frequency,next_period,avg_forecast,historical_periods,historical_values,avg_sales,max_sales,min_sales,std_sales,trend_pct,data_points,sma_forecast,es_forecast,lr_forecast,arima_forecast,prophet_forecast,xgb_forecast,sma_metrics,es_metrics,lr_metrics,arima_metrics,prophet_metrics,xgb_metrics
6192488205856,Gel douche RB sensuel MM 470ml ,RENEE BLANCHE,MASS MARKET,monthly,2025-09,3499.3866346333184,"[""2023-04"", ""2023-05"", ""2023-06"", ""2023-07"", ""2023-08"", ""2023-09"", ""2023-10"", ""2023-11"", ""2023-12"", ""2024-01"", ""2024-02"", ""2024-03"", ""2024-04"", ""2024-05"", ""2024-06"", ""2024-07"", ""2024-08"", ""2024-09"", ""2024-10"", ""2024-11"", ""2024-12"", ""2025-01"", ""2025-02"", ""2025-03"", ""2025-04"", ""2025-05"", ""2025-06"", ""2025-07"", ""2025-08""]","[38.915, 38.9, 501.866, 10433.178, 5547.616, 2272.987, 4738.05, 2313.071, 2544.239, 4471.847, 2793.948, 14168.297999999999, 6771.456999999999, 8642.922, 4074.208, 14911.037, 3136.998, 2972.112, 1731.275, 3146.407, -311.556, 865.008, 1289.364, 1839.937, 2429.686, 4395.276, 6429.098, 3193.141, 3553.634]",4101.1351379310345,14911.037,-311.556,3743.6865612872934,9031.7846588719,29,4391.957666666666,3608.9524751840218,3801.9949334975354,3356.12634353834,2059.9947489133433,3777.293640000004,"{""MAE"": 2984.7294743589746, ""MSE"": 17990106.403282907, ""RMSE"": 4241.474555303014, ""MAPE"": 104.33446347011157, ""R2"": -0.3168582618300233}","{""MAE"": 2703.435635255559, ""MSE"": 15768560.522267241, ""RMSE"": 3970.964684087135, ""MAPE"": 116.0639172931292, ""R2"": -0.13399320457942054}","{""MAE"": 2701.9548093765916, ""MSE"": 13987349.334347097, ""RMSE"": 3739.96648839894, ""MAPE"": 898.9463616328543, ""R2"": 0.0019863973777732857}","{""MAE"": 2689.9281061671727, ""MSE"": 15735953.322352024, ""RMSE"": 3966.8568568013675, ""MAPE"": 98.86547315421153, ""R2"": -0.12277852583345128}","{""MAE"": 1926.1943547706753, ""MSE"": 7304037.276252202, ""RMSE"": 2702.5982454394143, ""MAPE"": 611.3630362604295, ""R2"": 0.4788484664596563}","{""MAE"": 1094.2909434482758, ""MSE"": 2567369.20889284, ""RMSE"": 1602.3012228956327, ""MAPE"": 179.02626395389026, ""R2"": 0.8168152283766408}"
