ref_article,designation,marque,famille,frequency,next_period,avg_forecast,historical_periods,historical_values,avg_sales,max_sales,min_sales,std_sales,trend_pct,data_points,sma_forecast,es_forecast,lr_forecast,arima_forecast,prophet_forecast,xgb_forecast,sma_metrics,es_metrics,lr_metrics,arima_metrics,prophet_metrics,xgb_metrics
6192488206143,KIT COLORATION RB SO COLOR 7.83,RENEE BLANCHE,MASS MARKET,monthly,2025-09,3877.6686495750178,"[""2022-12"", ""2023-01"", ""2023-02"", ""2023-03"", ""2023-04"", ""2023-05"", ""2023-06"", ""2023-07"", ""2023-08"", ""2023-09"", ""2023-10"", ""2023-11"", ""2023-12"", ""2024-01"", ""2024-02"", ""2024-03"", ""2024-04"", ""2024-05"", ""2024-06"", ""2024-07"", ""2024-08"", ""2024-09"", ""2024-10"", ""2024-11"", ""2024-12"", ""2025-01"", ""2025-02"", ""2025-03"", ""2025-04"", ""2025-05"", ""2025-06"", ""2025-07"", ""2025-08""]","[564.5360000000001, 2272.854, 962.0169999999999, 882.8249999999999, 3753.6190000000006, 373.795, 3783.5200000000004, 1743.5819999999999, 705.464, 4137.581999999999, 2238.788, 6599.891, 1966.083, 7112.577, 3564.449, 4758.397, 3288.004, 2475.484, 2145.448, 3324.237, 2070.451, 6954.348, 1682.432, 1784.3629999999998, 1917.163, 3124.596, 6150.6230000000005, 1934.118, 4682.59, 3029.627, 3442.15, 2877.066, 3047.799]",3010.6205454545457,7112.577,373.795,1761.9186138682282,439.8768191931072,33,3122.338333333333,3164.864759907536,3870.982943181818,2921.7893771449603,7169.817083882461,3016.219399999999,"{""MAE"": 1645.008977777778, ""MSE"": 4018497.011548178, ""RMSE"": 2004.6189192832082, ""MAPE"": 68.24253524805145, ""R2"": -0.32759837202373676}","{""MAE"": 1475.2784033163473, ""MSE"": 3599965.1953717936, ""RMSE"": 1897.3574242540053, ""MAPE"": 60.78139444299458, ""R2"": -0.19657965451958037}","{""MAE"": 1364.2341048047317, ""MSE"": 2872130.235488118, ""RMSE"": 1694.7360371125994, ""MAPE"": 76.14960276943053, ""R2"": 0.07480678005270669}","{""MAE"": 1407.238435756642, ""MSE"": 3236959.5692203566, ""RMSE"": 1799.155237665821, ""MAPE"": 67.96333568349897, ""R2"": -0.04271491928959037}","{""MAE"": 628.7665672873842, ""MSE"": 611184.5822585314, ""RMSE"": 781.7829508620224, ""MAPE"": 31.4353167633522, ""R2"": 0.8031204070570945}","{""MAE"": 667.0035699999997, ""MSE"": 708112.5474573406, ""RMSE"": 841.494234951934, ""MAPE"": 34.098765807320774, ""R2"": 0.7718972072463154}"
