ref_article,designation,marque,famille,frequency,next_period,avg_forecast,historical_periods,historical_values,avg_sales,max_sales,min_sales,std_sales,trend_pct,data_points,sma_forecast,es_forecast,lr_forecast,arima_forecast,prophet_forecast,xgb_forecast,sma_metrics,es_metrics,lr_metrics,arima_metrics,prophet_metrics,xgb_metrics
6192488205870,Gel douche RB tropical  MM 470ml ,RENEE BLANCHE,MASS MARKET,monthly,2025-09,2566.278592378377,"[""2023-04"", ""2023-05"", ""2023-06"", ""2023-07"", ""2023-08"", ""2023-09"", ""2023-10"", ""2023-11"", ""2023-12"", ""2024-01"", ""2024-02"", ""2024-03"", ""2024-04"", ""2024-05"", ""2024-06"", ""2024-07"", ""2024-08"", ""2024-09"", ""2024-10"", ""2024-11"", ""2024-12"", ""2025-01"", ""2025-02"", ""2025-03"", ""2025-04"", ""2025-05"", ""2025-06"", ""2025-07"", ""2025-08""]","[38.915, 38.9, 554.8, 9382.937, 5924.241, 2367.546, 4717.307, 1906.155, 2584.333, 3921.906, 2451.433, 11834.865, 7732.897, 6905.77, 3253.298, 13178.013, 2723.3070000000002, 2093.998, 1430.07, 1763.085, -424.64099999999996, 663.969, 1015.047, 1625.751, 2132.044, 3224.0299999999997, 6142.042, 2162.191, 2476.767]",3580.0336551724135,13178.013,-424.64099999999996,3362.288519315679,6264.556083772324,29,3593.6666666666665,2734.5537474963708,2931.392216748769,2331.70547554159,1023.1555178168705,2783.1979299999966,"{""MAE"": 2745.9590769230776, ""MSE"": 14090885.818433745, ""RMSE"": 3753.7828677793477, ""MAPE"": 95.4674706734093, ""R2"": -0.2646985721270465}","{""MAE"": 2535.149446570714, ""MSE"": 12565495.209437087, ""RMSE"": 3544.7842260759803, ""MAPE"": 104.92921289462981, ""R2"": -0.11743956116874066}","{""MAE"": 2515.29567222694, ""MSE"": 11174088.53114504, ""RMSE"": 3342.766598365049, ""MAPE"": 846.5577226805522, ""R2"": 0.011578570563941737}","{""MAE"": 2435.286325797773, ""MSE"": 13037028.666419722, ""RMSE"": 3610.6825762478375, ""MAPE"": 88.06955435514713, ""R2"": -0.15321070476080934}","{""MAE"": 1776.3080148111517, ""MSE"": 6031397.998833217, ""RMSE"": 2455.8904696328004, ""MAPE"": 551.4207590125517, ""R2"": 0.4664832827404124}","{""MAE"": 902.2370234482753, ""MSE"": 1820539.7052953227, ""RMSE"": 1349.2737695869296, ""MAPE"": 163.67963108086832, ""R2"": 0.838961320841736}"
