ref_article,designation,marque,famille,frequency,next_period,avg_forecast,historical_periods,historical_values,avg_sales,max_sales,min_sales,std_sales,trend_pct,data_points,sma_forecast,es_forecast,lr_forecast,arima_forecast,prophet_forecast,xgb_forecast,sma_metrics,es_metrics,lr_metrics,arima_metrics,prophet_metrics,xgb_metrics
6192488206181,KIT COLORATION RB SO COLOR 9.1,RENEE BLANCHE,MASS MARKET,monthly,2025-09,3896.619617829652,"[""2022-12"", ""2023-01"", ""2023-02"", ""2023-03"", ""2023-04"", ""2023-05"", ""2023-06"", ""2023-07"", ""2023-08"", ""2023-09"", ""2023-10"", ""2023-11"", ""2023-12"", ""2024-01"", ""2024-02"", ""2024-03"", ""2024-04"", ""2024-05"", ""2024-06"", ""2024-07"", ""2024-08"", ""2024-09"", ""2024-10"", ""2024-11"", ""2024-12"", ""2025-01"", ""2025-02"", ""2025-03"", ""2025-04"", ""2025-05"", ""2025-06"", ""2025-07"", ""2025-08""]","[535.105, 24259.608999999997, 1069.038, 853.279, 3743.8060000000005, 749.487, 4063.119, 3050.608, 1841.707, 5352.605, 1853.173, 7347.835999999999, 2289.264, 10581.28, 4097.746, 6367.0689999999995, 3255.5440000000003, 3183.938, 1763.777, 4330.261, 1775.25, 7237.612, 1927.364, 1567.206, 1044.797, 2698.016, 6628.791, 1426.574, 2650.194, 3291.141, 3047.525, 4270.78, 3595.495]",3992.3938181818176,24259.608999999997,535.105,4214.144873646325,571.9232673961185,33,3637.933333333333,3505.044469052833,2649.743846590907,3973.298529122535,5877.994538878305,3735.7029899999993,"{""MAE"": 2386.7402333333334, ""MSE"": 9194412.74207518, ""RMSE"": 3032.229005546115, ""MAPE"": 102.50749541166162, ""R2"": -0.8591998800518623}","{""MAE"": 2839.6287742637346, ""MSE"": 25056617.822329573, ""RMSE"": 5005.658580279879, ""MAPE"": 108.55425002521004, ""R2"": -0.3975634602969311}","{""MAE"": 2542.7485840017807, ""MSE"": 17193461.268248044, ""RMSE"": 4146.499881616789, ""MAPE"": 122.7103346557777, ""R2"": 0.03184611779579272}","{""MAE"": 3224.498986961724, ""MSE"": 30724382.324544303, ""RMSE"": 5542.957903912342, ""MAPE"": 142.59097449120355, ""R2"": -0.7300722386112604}","{""MAE"": 1634.1599305208326, ""MSE"": 6204019.285850627, ""RMSE"": 2490.786880857258, ""MAPE"": 61.578016785172395, ""R2"": 0.6506552541599965}","{""MAE"": 1348.0867333333335, ""MSE"": 5434784.0098514445, ""RMSE"": 2331.262321115203, ""MAPE"": 67.05501053525266, ""R2"": 0.693970448649798}"
