ref_article,designation,marque,famille,frequency,next_period,avg_forecast,historical_periods,historical_values,avg_sales,max_sales,min_sales,std_sales,trend_pct,data_points,sma_forecast,es_forecast,lr_forecast,arima_forecast,prophet_forecast,xgb_forecast,sma_metrics,es_metrics,lr_metrics,arima_metrics,prophet_metrics,xgb_metrics
6192488209298,KIT SO NATURAL RB S/A 9.1,RENEE BLANCHE,MASS MARKET,monthly,2025-09,1751.4915907959967,"[""2024-03"", ""2024-04"", ""2024-05"", ""2024-06"", ""2024-07"", ""2024-08"", ""2024-09"", ""2024-10"", ""2024-11"", ""2024-12"", ""2025-01"", ""2025-02"", ""2025-03"", ""2025-04"", ""2025-05"", ""2025-06"", ""2025-07"", ""2025-08""]","[390.735, 4113.0, 6798.049999999999, 1301.232, 3614.951, 587.307, 8140.945, 3389.053, 1276.548, -102.73400000000001, 3042.157, 1500.192, 447.413, 1159.403, 1641.544, 1104.464, 2317.032, 654.856]",2298.6748888888887,8140.945,-102.73400000000001,2178.6984399333696,67.59594098301918,18,1358.7839999999999,1155.078211720148,814.1104379085009,1450.0540967851393,4740.194238362194,990.7285600000002,"{""MAE"": 1748.879533333333, ""MSE"": 6029478.102171312, ""RMSE"": 2455.4995626493833, ""MAPE"": 393.89688406979405, ""R2"": -0.5875222216506415}","{""MAE"": 1931.1883771619819, ""MSE"": 6481810.322432141, ""RMSE"": 2545.9399683480638, ""MAPE"": 283.51230664461514, ""R2"": -0.35059698679424556}","{""MAE"": 1490.797039024575, ""MSE"": 4089413.956116337, ""RMSE"": 2022.2299463998493, ""MAPE"": 244.2028692395064, ""R2"": 0.1384770918959547}","{""MAE"": 2050.234804312321, ""MSE"": 7364916.796642198, ""RMSE"": 2713.8380196029016, ""MAPE"": 249.16386311689885, ""R2"": -0.5515779533880503}","{""MAE"": 0.043506772003997045, ""MSE"": 0.002699686602440434, ""RMSE"": 0.051958508470128686, ""MAPE"": 0.004474877595582273, ""R2"": 0.9999999994312531}","{""MAE"": 814.6141772222229, ""MSE"": 1078478.8836718302, ""RMSE"": 1038.4983792340893, ""MAPE"": 103.57172685502762, ""R2"": 0.7727952527769661}"
