ref_article,designation,marque,famille,frequency,next_period,avg_forecast,historical_periods,historical_values,avg_sales,max_sales,min_sales,std_sales,trend_pct,data_points,sma_forecast,es_forecast,lr_forecast,arima_forecast,prophet_forecast,xgb_forecast,sma_metrics,es_metrics,lr_metrics,arima_metrics,prophet_metrics,xgb_metrics
6192488205894,Gel douche RB Energisant MM 470ml ,RENEE BLANCHE,MASS MARKET,monthly,2025-09,1365.2274218724326,"[""2023-04"", ""2023-05"", ""2023-06"", ""2023-07"", ""2023-08"", ""2023-09"", ""2023-10"", ""2023-11"", ""2023-12"", ""2024-01"", ""2024-02"", ""2024-03"", ""2024-04"", ""2024-05"", ""2024-06"", ""2024-07"", ""2024-08"", ""2024-09"", ""2024-10"", ""2024-11"", ""2024-12"", ""2025-01"", ""2025-02"", ""2025-03"", ""2025-04"", ""2025-05"", ""2025-06"", ""2025-07"", ""2025-08""]","[38.915, 38.9, 403.076, 7550.508, 4276.245, 856.346, 2205.89, 879.037, 1126.782, 3397.6, 737.422, 8182.169, 5607.982, 2226.593, 2117.91, 4319.862, 1336.381, 1242.29, 622.38, 315.752, -502.481, 514.012, 669.804, 644.291, 788.577, 2626.2400000000002, 3950.957, 1525.843, 1095.741]",2027.4146206896553,8182.169,-502.481,2152.348857459721,2715.729153282796,29,2190.847,1500.0336421545098,1421.4283128078823,1226.2114535110966,331.0988627611082,1521.745259999998,"{""MAE"": 1883.3861410256409, ""MSE"": 6336168.212795482, ""RMSE"": 2517.1746488464964, ""MAPE"": 114.05279843895411, ""R2"": -0.34380983188014125}","{""MAE"": 1634.2027528563235, ""MSE"": 5423419.632252545, ""RMSE"": 2328.8236584706333, ""MAPE"": 108.59609426065104, ""R2"": -0.16587717139868108}","{""MAE"": 1633.2650764396128, ""MSE"": 4518359.566991221, ""RMSE"": 2125.643330145305, ""MAPE"": 571.293884335634, ""R2"": 0.0246612915015183}","{""MAE"": 1621.5125452727582, ""MSE"": 5950156.451221982, ""RMSE"": 2439.2942526931806, ""MAPE"": 103.23907127495924, ""R2"": -0.28440816239935884}","{""MAE"": 1042.2997544806183, ""MSE"": 2003662.8043902363, ""RMSE"": 1415.5079669116087, ""MAPE"": 347.55338027707415, ""R2"": 0.5674868582444944}","{""MAE"": 586.7215717241378, ""MSE"": 740078.3748721496, ""RMSE"": 860.2780799672566, ""MAPE"": 140.18090096787643, ""R2"": 0.8402457627301843}"
