ref_article,designation,marque,famille,frequency,next_period,avg_forecast,historical_periods,historical_values,avg_sales,max_sales,min_sales,std_sales,trend_pct,data_points,sma_forecast,es_forecast,lr_forecast,arima_forecast,prophet_forecast,xgb_forecast,sma_metrics,es_metrics,lr_metrics,arima_metrics,prophet_metrics,xgb_metrics
6192488208970,TEINT HZ TRESOR SA 6.11,H. ZONE,TRESOR,monthly,2025-09,1867.022734412568,"[""2023-06"", ""2023-07"", ""2023-08"", ""2023-09"", ""2023-10"", ""2023-11"", ""2023-12"", ""2024-01"", ""2024-03"", ""2024-04"", ""2024-05"", ""2024-06"", ""2024-07"", ""2024-08"", ""2024-09"", ""2024-10"", ""2024-11"", ""2024-12"", ""2025-01"", ""2025-02"", ""2025-03"", ""2025-04"", ""2025-05"", ""2025-06"", ""2025-07"", ""2025-08""]","[359.169, 113.821, 1402.53, 2600.181, 1353.842, 1932.43, 1670.0140000000001, 164.312, 3737.25, 762.372, 424.192, 1286.585, 655.836, 1069.927, 1905.495, 925.2719999999999, 415.395, 1210.889, 473.71299999999997, 613.155, 589.59, 473.71299999999997, 1007.048, 1459.258, 2260.508, 2050.91]",1189.1310384615385,3737.25,113.821,836.7645793050149,471.0153159097806,26,1923.5586666666666,1710.898710834403,1174.5363887338058,2155.352940910977,2184.3155893295543,2053.474110000002,"{""MAE"": 666.515724637681, ""MSE"": 853439.44802043, ""RMSE"": 923.8178651771301, ""MAPE"": 94.96964105966559, ""R2"": -0.21246457098556593}","{""MAE"": 714.4411895019482, ""MSE"": 887564.9379156241, ""RMSE"": 942.1066489074494, ""MAPE"": 102.28908792580036, ""R2"": -0.26880845773109163}","{""MAE"": 660.8062586401502, ""MSE"": 700105.690858057, ""RMSE"": 836.7231865187298, ""MAPE"": 124.69973351333495, ""R2"": 9.893287432716225e-05}","{""MAE"": 730.375022031188, ""MSE"": 998008.6744538472, ""RMSE"": 999.0038410606073, ""MAPE"": 110.59653626471714, ""R2"": -0.42537041423564337}","{""MAE"": 348.94270889617434, ""MSE"": 177994.54062997672, ""RMSE"": 421.8939921709916, ""MAPE"": 48.00130727909011, ""R2"": 0.7457856243100563}","{""MAE"": 240.89009000000036, ""MSE"": 111097.34262893222, ""RMSE"": 333.3126799702229, ""MAPE"": 46.90724211391284, ""R2"": 0.8413291694381927}"
