ref_article,designation,marque,famille,frequency,next_period,avg_forecast,historical_periods,historical_values,avg_sales,max_sales,min_sales,std_sales,trend_pct,data_points,sma_forecast,es_forecast,lr_forecast,arima_forecast,prophet_forecast,xgb_forecast,sma_metrics,es_metrics,lr_metrics,arima_metrics,prophet_metrics,xgb_metrics
6192488208291,CIRE GLOSS WAX RB FCR 4 120ML-6192488208291,RENEE BLANCHE,MASS MARKET,monthly,2025-07,98.85090301642595,"[""2023-03"", ""2023-04"", ""2023-05"", ""2023-06"", ""2023-07"", ""2023-08"", ""2023-09"", ""2023-10"", ""2023-11"", ""2023-12"", ""2024-01"", ""2024-02"", ""2024-03"", ""2024-04"", ""2024-05"", ""2024-06"", ""2024-07"", ""2024-08"", ""2024-09"", ""2024-10"", ""2024-11"", ""2024-12"", ""2025-01"", ""2025-02"", ""2025-04"", ""2025-05"", ""2025-06""]","[5407.591, 1755.873, 1683.201, 2542.557, 2399.924, 1099.283, 1192.091, 5567.476, 481.5, 433.774, 315.212, 203.742, 1060.425, 676.953, 166.87999999999997, 299.915, 879.702, 850.483, 864.5849999999999, 413.039, 761.146, 239.75399999999996, 286.006, 2468.851, -354.124, -67.357, -23.102]",1170.5696296296298,5567.476,-354.124,1435.4453203727187,-100.42721426232124,27,-148.19433333333333,199.32683531500476,0.0,0.0,530.7295061168842,11.243410000000026,"{""MAE"": 908.6606388888889, ""MSE"": 1635157.0024960367, ""RMSE"": 1278.7325766148435, ""MAPE"": 318.76705462988417, ""R2"": -0.09344695142546011}","{""MAE"": 1142.6710509187544, ""MSE"": 2352211.4082534555, ""RMSE"": 1533.6920839117138, ""MAPE"": 282.52707540421704, ""R2"": -0.6533180565607719}","{""MAE"": 778.6239029165394, ""MSE"": 1399347.0646262032, ""RMSE"": 1182.9400088872653, ""MAPE"": 153.25616251174654, ""R2"": 0.3208712228183399}","{""MAE"": 1150.6046837326026, ""MSE"": 3124966.9855706748, ""RMSE"": 1767.7576150509647, ""MAPE"": 217.37595488212108, ""R2"": -0.51660375134354}","{""MAE"": 158.62775139959118, ""MSE"": 30410.75544066422, ""RMSE"": 174.38679835544954, ""MAPE"": 56.43372937309071, ""R2"": 0.9852411030274997}","{""MAE"": 342.2946674074071, ""MSE"": 283384.01472031407, ""RMSE"": 532.3382521670917, ""MAPE"": 45.56802527868914, ""R2"": 0.8624685438981892}"
