ref_article,designation,marque,famille,frequency,next_period,avg_forecast,historical_periods,historical_values,avg_sales,max_sales,min_sales,std_sales,trend_pct,data_points,sma_forecast,es_forecast,lr_forecast,arima_forecast,prophet_forecast,xgb_forecast,sma_metrics,es_metrics,lr_metrics,arima_metrics,prophet_metrics,xgb_metrics
6192488209274,KIT SO NATURAL RB S/A 7.1,RENEE BLANCHE,MASS MARKET,monthly,2025-09,5177.063827107734,"[""2024-03"", ""2024-04"", ""2024-05"", ""2024-06"", ""2024-07"", ""2024-08"", ""2024-09"", ""2024-10"", ""2024-11"", ""2024-12"", ""2025-01"", ""2025-02"", ""2025-03"", ""2025-04"", ""2025-05"", ""2025-06"", ""2025-07"", ""2025-08""]","[390.735, 4633.98, 7266.209999999999, 2712.1820000000002, 6554.004, 3588.301, 12706.375, 4600.254, 2312.695, 1108.036, 6510.787, 3981.702, 1740.2820000000002, 3566.839, 2916.4, 3305.101, 4887.566, 1597.622]",4132.170611111112,12706.375,390.735,2782.0820363837047,308.8760924923542,18,3263.4296666666664,2687.467655548616,3114.0902875816973,3202.571476737756,16449.93173611167,2344.8921400000017,"{""MAE"": 2542.110888888889, ""MSE"": 11132870.707923217, ""RMSE"": 3336.595676422784, ""MAPE"": 90.27311100123072, ""R2"": -0.44900703805381004}","{""MAE"": 2543.266204663271, ""MSE"": 11314228.394707128, ""RMSE"": 3363.6629430885505, ""MAPE"": 75.42199746836033, ""R2"": -0.5449410775447603}","{""MAE"": 1911.846833084889, ""MSE"": 7430852.592823606, ""RMSE"": 2725.9590225870247, ""MAPE"": 116.68205581229849, ""R2"": 0.039939101404187105}","{""MAE"": 2728.9671673426224, ""MSE"": 12125889.849572513, ""RMSE"": 3482.2248419038815, ""MAPE"": 86.45782802778108, ""R2"": -0.5666563910172806}","{""MAE"": 0.05026619826398044, ""MSE"": 0.003162305709868095, ""RMSE"": 0.05623438191949917, ""MAPE"": 0.0023383643177671215, ""R2"": 0.9999999995914324}","{""MAE"": 1052.4243088888886, ""MSE"": 1637665.3249593084, ""RMSE"": 1279.7129853835618, ""MAPE"": 55.26134545856932, ""R2"": 0.7884147984582475}"
