ref_article,designation,marque,famille,frequency,next_period,avg_forecast,historical_periods,historical_values,avg_sales,max_sales,min_sales,std_sales,trend_pct,data_points,sma_forecast,es_forecast,lr_forecast,arima_forecast,prophet_forecast,xgb_forecast,sma_metrics,es_metrics,lr_metrics,arima_metrics,prophet_metrics,xgb_metrics
6192488208581,Gel douche RB delicious MM 470ml ,RENEE BLANCHE,MASS MARKET,monthly,2025-09,2201.054305847462,"[""2023-04"", ""2023-05"", ""2023-06"", ""2023-07"", ""2023-08"", ""2023-09"", ""2023-10"", ""2023-11"", ""2023-12"", ""2024-01"", ""2024-02"", ""2024-03"", ""2024-04"", ""2024-05"", ""2024-06"", ""2024-07"", ""2024-08"", ""2024-09"", ""2024-10"", ""2024-11"", ""2024-12"", ""2025-01"", ""2025-02"", ""2025-03"", ""2025-04"", ""2025-05"", ""2025-06"", ""2025-07"", ""2025-08""]","[38.915, 38.9, 554.8, 9852.432999999999, 5112.25, 1866.5020000000002, 2290.082, 791.646, 1641.3609999999999, 1148.654, 1931.8, 11298.621, 5877.179999999999, 5873.814, 2221.426, 10443.753, 812.312, 1562.463, 1139.591, 1393.048, -523.553, 561.8530000000001, 880.169, 850.6370000000001, 1721.887, 3226.973, 4818.967000000001, 2033.05, 2279.4]",2818.583931034483,11298.621,-523.553,3081.061411973779,5757.3814724399335,29,3043.805666666667,2401.029293459353,2300.9124507389133,2170.598897072239,786.258247147603,2503.7212799999966,"{""MAE"": 2566.905820512821, ""MSE"": 13476894.478837403, ""RMSE"": 3671.089004483193, ""MAPE"": 121.09120998921973, ""R2"": -0.38847086195727987}","{""MAE"": 2248.9665132530863, ""MSE"": 11283380.811516609, ""RMSE"": 3359.074398032382, ""MAPE"": 117.51239399009756, ""R2"": -0.1819799825832975}","{""MAE"": 2334.6058797010346, ""MSE"": 9409566.69855031, ""RMSE"": 3067.5017031047123, ""MAPE"": 698.3265290976304, ""R2"": 0.00878260379389506}","{""MAE"": 2193.3025260504014, ""MSE"": 12025786.257993558, ""RMSE"": 3467.821543562119, ""MAPE"": 104.62888986323439, ""R2"": -0.2668137570900071}","{""MAE"": 1447.3710686065742, ""MSE"": 4305708.073184302, ""RMSE"": 2075.020017538217, ""MAPE"": 435.80227429052275, ""R2"": 0.5464304699829712}","{""MAE"": 846.8434003448269, ""MSE"": 1738215.2956411187, ""RMSE"": 1318.4139318291197, ""MAPE"": 175.2907778470725, ""R2"": 0.8168938810267999}"
