ref_article,designation,marque,famille,frequency,next_period,avg_forecast,historical_periods,historical_values,avg_sales,max_sales,min_sales,std_sales,trend_pct,data_points,sma_forecast,es_forecast,lr_forecast,arima_forecast,prophet_forecast,xgb_forecast,sma_metrics,es_metrics,lr_metrics,arima_metrics,prophet_metrics,xgb_metrics
6192488209229,KIT SO NATURAL RB S/A 7.0,RENEE BLANCHE,MASS MARKET,monthly,2025-09,4166.176623723769,"[""2024-03"", ""2024-04"", ""2024-05"", ""2024-06"", ""2024-07"", ""2024-08"", ""2024-09"", ""2024-10"", ""2024-11"", ""2024-12"", ""2025-01"", ""2025-02"", ""2025-03"", ""2025-04"", ""2025-05"", ""2025-06"", ""2025-07"", ""2025-08""]","[390.735, 726.63, 7408.1449999999995, 2230.522, 5464.058999999999, 1377.018, 5047.943, 921.5260000000001, 2372.376, 1070.373, 1122.757, 2692.962, 1411.878, 2991.019, 5885.943, 4154.747, 3969.2270000000003, 3657.709]",2938.6427222222223,7408.1449999999995,390.735,1978.2753238114253,836.1098954534402,18,3927.227666666667,3673.3041925998536,3601.4507124183,3871.411954580632,6175.10760607717,3748.5576099999944,"{""MAE"": 1448.7276444444442, ""MSE"": 3415771.369494118, ""RMSE"": 1848.1805565187935, ""MAPE"": 73.83002741154193, ""R2"": -0.31115570541445803}","{""MAE"": 1636.778286266456, ""MSE"": 5458811.45372366, ""RMSE"": 2336.409949842634, ""MAPE"": 66.50954814399239, ""R2"": -0.45979079600369444}","{""MAE"": 1556.1799604020944, ""MSE"": 3782549.6543143224, ""RMSE"": 1944.877799326817, ""MAPE"": 100.73845901576412, ""R2"": 0.03347927683714047}","{""MAE"": 1345.545591884542, ""MSE"": 4407360.334958509, ""RMSE"": 2099.3714142472522, ""MAPE"": 56.23426168243185, ""R2"": -0.1261729488004808}","{""MAE"": 0.025362576664280014, ""MSE"": 0.0008989052753682876, ""RMSE"": 0.029981749037844466, ""MAPE"": 0.0016077548252401309, ""R2"": 0.9999999997703108}","{""MAE"": 755.0446977777764, ""MSE"": 926836.3559398274, ""RMSE"": 962.7234057297181, ""MAPE"": 48.89675986465057, ""R2"": 0.7631738835272533}"
