ref_article,designation,marque,famille,frequency,next_period,avg_forecast,historical_periods,historical_values,avg_sales,max_sales,min_sales,std_sales,trend_pct,data_points,sma_forecast,es_forecast,lr_forecast,arima_forecast,prophet_forecast,xgb_forecast,sma_metrics,es_metrics,lr_metrics,arima_metrics,prophet_metrics,xgb_metrics
6192488206464,Gel douche RB Exotique MM 470ml ,RENEE BLANCHE,MASS MARKET,monthly,2025-09,2128.41759824,"[""2023-04"", ""2023-05"", ""2023-06"", ""2023-07"", ""2023-08"", ""2023-09"", ""2023-10"", ""2023-11"", ""2023-12"", ""2024-01"", ""2024-02"", ""2024-03"", ""2024-04"", ""2024-05"", ""2024-06"", ""2024-07"", ""2024-08"", ""2024-09"", ""2024-10"", ""2024-11"", ""2024-12"", ""2025-01"", ""2025-02"", ""2025-03"", ""2025-04"", ""2025-05"", ""2025-06"", ""2025-07"", ""2025-08""]","[38.915, 38.9, 491.245, 8479.534, 3875.453, 3141.962, 3008.564, 2182.04, 1845.652, 4055.453, 2155.044, 10808.478, 5955.205999999999, 2897.494, 2561.449, 6899.512, 1802.7259999999999, 1487.532, 1726.708, 399.9, -445.74899999999997, 679.902, 752.686, 1693.724, 2041.819, 3676.693, 4804.673000000001, 1925.093, 1812.313]",2785.962793103448,10808.478,-445.74899999999997,2529.6314249235156,4557.1065141976105,29,2847.359666666667,2212.356293154816,2212.121899014779,1854.3347163085532,1430.6025042951883,2213.730509999997,"{""MAE"": 2140.6648461538457, ""MSE"": 8473960.380543726, ""RMSE"": 2911.006764084159, ""MAPE"": 90.92235204591114, ""R2"": -0.3526674859353309}","{""MAE"": 1849.5571662561347, ""MSE"": 7333452.751718563, ""RMSE"": 2708.03485053619, ""MAPE"": 96.5717435501044, ""R2"": -0.1551587691615901}","{""MAE"": 1798.929452114829, ""MSE"": 6296588.319200605, ""RMSE"": 2509.3003644842133, ""MAPE"": 685.4981812021224, ""R2"": 0.016009730283266466}","{""MAE"": 1947.092847600463, ""MSE"": 7858425.944641142, ""RMSE"": 2803.2884162428136, ""MAPE"": 87.30459255964041, ""R2"": -0.22806419489691554}","{""MAE"": 1346.414744170031, ""MSE"": 3151508.107148672, ""RMSE"": 1775.2487451477532, ""MAPE"": 449.47839763068254, ""R2"": 0.5075026101180149}","{""MAE"": 678.3879993103445, ""MSE"": 1025346.362192802, ""RMSE"": 1012.5938782121892, ""MAPE"": 142.58377107372573, ""R2"": 0.8397654741996444}"
