ref_article,designation,marque,famille,frequency,next_period,avg_forecast,historical_periods,historical_values,avg_sales,max_sales,min_sales,std_sales,trend_pct,data_points,sma_forecast,es_forecast,lr_forecast,arima_forecast,prophet_forecast,xgb_forecast,sma_metrics,es_metrics,lr_metrics,arima_metrics,prophet_metrics,xgb_metrics
6192488206075,KIT COLORATION RB SO COLOR 6.1,RENEE BLANCHE,MASS MARKET,monthly,2025-09,5787.4871624064035,"[""2022-12"", ""2023-01"", ""2023-02"", ""2023-03"", ""2023-04"", ""2023-05"", ""2023-06"", ""2023-07"", ""2023-08"", ""2023-09"", ""2023-10"", ""2023-11"", ""2023-12"", ""2024-01"", ""2024-02"", ""2024-03"", ""2024-04"", ""2024-05"", ""2024-06"", ""2024-07"", ""2024-08"", ""2024-09"", ""2024-10"", ""2024-11"", ""2024-12"", ""2025-01"", ""2025-02"", ""2025-03"", ""2025-04"", ""2025-05"", ""2025-06"", ""2025-07"", ""2025-08""]","[564.5360000000001, 2755.785, 1280.07, 941.6859999999999, 3833.6560000000004, 952.001, 3957.8030000000003, 3158.096, 1880.492, 5604.070000000001, 3458.183, 7533.347000000001, 3117.822, 13710.996000000001, 5482.5289999999995, 7521.494, 4917.743, 4871.058, 2351.55, 4413.329, 2659.779, 8201.243, 2611.43, 4074.103, 2711.609, 4055.985, 7834.795, 2219.001, 6480.863, 4259.092, 5124.258, 5990.126, 4015.067]",4319.502939393939,13710.996000000001,564.5360000000001,2600.3633152531866,611.2154052177362,33,5043.150333333334,4587.514602343756,5733.045484848488,5521.941031096919,9287.40304281593,4551.868479999994,"{""MAE"": 2046.6335222222226, ""MSE"": 7571729.63389988, ""RMSE"": 2751.6776035538537, ""MAPE"": 49.603353770577144, ""R2"": -0.1646987038706269}","{""MAE"": 1933.5163248457295, ""MSE"": 7038355.809115915, ""RMSE"": 2652.9899753138748, ""MAPE"": 47.054083246653946, ""R2"": -0.07969930778114231}","{""MAE"": 1790.10521838708, ""MSE"": 6135033.676315291, ""RMSE"": 2476.9000133867517, ""MAPE"": 66.5532842338336, ""R2"": 0.09270422223387964}","{""MAE"": 1765.1114990768438, ""MSE"": 5594960.955629833, ""RMSE"": 2365.366981174345, ""MAPE"": 47.9271750657695, ""R2"": 0.172574313421199}","{""MAE"": 1085.6810626000056, ""MSE"": 2101792.6965235905, ""RMSE"": 1449.7560817336102, ""MAPE"": 35.510231205390916, ""R2"": 0.6891707951567696}","{""MAE"": 906.0081027272719, ""MSE"": 1318726.1909981922, ""RMSE"": 1148.3580412912133, ""MAPE"": 27.38348697200137, ""R2"": 0.8049766687114809}"
