ref_article,designation,marque,famille,frequency,next_period,avg_forecast,historical_periods,historical_values,avg_sales,max_sales,min_sales,std_sales,trend_pct,data_points,sma_forecast,es_forecast,lr_forecast,arima_forecast,prophet_forecast,xgb_forecast,sma_metrics,es_metrics,lr_metrics,arima_metrics,prophet_metrics,xgb_metrics
6192488206099,KIT COLORATION RB SO COLOR 6.66,RENEE BLANCHE,MASS MARKET,monthly,2025-09,5208.936037627565,"[""2022-12"", ""2023-01"", ""2023-02"", ""2023-03"", ""2023-04"", ""2023-05"", ""2023-06"", ""2023-07"", ""2023-08"", ""2023-09"", ""2023-10"", ""2023-11"", ""2023-12"", ""2024-01"", ""2024-02"", ""2024-03"", ""2024-04"", ""2024-05"", ""2024-06"", ""2024-07"", ""2024-08"", ""2024-09"", ""2024-10"", ""2024-11"", ""2024-12"", ""2025-01"", ""2025-02"", ""2025-03"", ""2025-04"", ""2025-05"", ""2025-06"", ""2025-07"", ""2025-08""]","[564.5360000000001, 1256.154, 808.175, 855.066, 3485.17, 285.789, 4075.742, 2029.556, 997.096, 3009.793, 1101.502, 7332.1630000000005, 1802.496, 6811.2660000000005, 1436.9350000000002, 4291.687, 1231.624, 2776.853, 2240.619, 3620.6859999999997, 1571.144, 6782.9890000000005, 2596.972, 4628.583, 2788.452, 4418.54, 4572.529, 2937.686, 32.869, -57.97, 11122.118, 4000.341, 4539.454]",3028.685303030303,11122.118,-57.97,2398.4901867228073,704.1035469837175,33,6553.9710000000005,4479.3723615083245,4579.730314393935,4178.140021863845,7044.143817999278,4418.258710000008,"{""MAE"": 2037.1186777777775, ""MSE"": 8239185.893650412, ""RMSE"": 2870.3982116860393, ""MAPE"": 621.3535620689532, ""R2"": -0.41805130520503697}","{""MAE"": 1812.2972792372348, ""MSE"": 6833048.716476193, ""RMSE"": 2614.010083468729, ""MAPE"": 554.5574806393272, ""R2"": -0.19108064938569158}","{""MAE"": 1633.0681559174632, ""MSE"": 4998013.018228814, ""RMSE"": 2235.623630718913, ""MAPE"": 671.2427241075986, ""R2"": 0.13119664135039422}","{""MAE"": 1751.2406201016624, ""MSE"": 7277844.284050601, ""RMSE"": 2697.7480023253843, ""MAPE"": 540.6449919609723, ""R2"": -0.26510585999888736}","{""MAE"": 882.2868105170372, ""MSE"": 1715024.6079822802, ""RMSE"": 1309.58948070847, ""MAPE"": 362.0408070833456, ""R2"": 0.7018776993682665}","{""MAE"": 882.1674545454548, ""MSE"": 1426306.4118251067, ""RMSE"": 1194.2807089730231, ""MAPE"": 152.94007733017273, ""R2"": 0.7520655115267669}"
