ref_article,designation,marque,famille,frequency,next_period,avg_forecast,historical_periods,historical_values,avg_sales,max_sales,min_sales,std_sales,trend_pct,data_points,sma_forecast,es_forecast,lr_forecast,arima_forecast,prophet_forecast,xgb_forecast,sma_metrics,es_metrics,lr_metrics,arima_metrics,prophet_metrics,xgb_metrics
6192488208321,CIRE GLOSS WAX RB FCR 7 120ML-6192488208321,RENEE BLANCHE,MASS MARKET,monthly,2025-07,47.81082676764036,"[""2023-03"", ""2023-04"", ""2023-05"", ""2023-06"", ""2023-07"", ""2023-08"", ""2023-09"", ""2023-10"", ""2023-11"", ""2023-12"", ""2024-01"", ""2024-02"", ""2024-03"", ""2024-04"", ""2024-05"", ""2024-06"", ""2024-07"", ""2024-08"", ""2024-09"", ""2024-10"", ""2024-11"", ""2024-12"", ""2025-01"", ""2025-02"", ""2025-03"", ""2025-04"", ""2025-05"", ""2025-06""]","[5384.695, 1664.289, 1713.183, 2927.065, 2500.1259999999997, 1348.107, 1622.005, 4570.766, 808.27, 291.437, 373.30600000000004, 424.491, 1535.24, 881.104, 374.051, 623.765, 1303.515, 775.485, 1445.028, 948.612, 1139.8899999999999, -136.71600000000004, 281.856, 1967.889, 33.197, -287.726, -72.393, 21.992]",1230.8046071428573,5384.695,-287.726,1306.712884003607,-99.59158318159153,28,-112.709,140.39611286825624,0.0,0.0,259.1778477375859,0.0,"{""MAE"": 782.5204533333334, ""MSE"": 1095860.1874420177, ""RMSE"": 1046.8334095939133, ""MAPE"": 279.1682377173672, ""R2"": 0.05874833494746934}","{""MAE"": 1035.94344324129, ""MSE"": 1820325.246859434, ""RMSE"": 1349.1942954442975, ""MAPE"": 322.69054793550174, ""R2"": -0.6428880195107474}","{""MAE"": 732.695454570334, ""MSE"": 1008009.7479881936, ""RMSE"": 1003.9968864434758, ""MAPE"": 138.17638701306046, ""R2"": 0.4096570440051377}","{""MAE"": 1055.3368422491478, ""MSE"": 2513447.8782879068, ""RMSE"": 1585.3857190879155, ""MAPE"": 290.5815156158286, ""R2"": -0.47200585427758845}","{""MAE"": 256.27410604899796, ""MSE"": 93978.97516133166, ""RMSE"": 306.5599046863951, ""MAPE"": 148.0074463453746, ""R2"": 0.9449610223424565}","{""MAE"": 337.84853249999975, ""MSE"": 231631.23801140153, ""RMSE"": 481.28083071259084, ""MAPE"": 79.67827671529649, ""R2"": 0.8643446950574512}"
