ref_article,designation,marque,famille,frequency,next_period,avg_forecast,historical_periods,historical_values,avg_sales,max_sales,min_sales,std_sales,trend_pct,data_points,sma_forecast,es_forecast,lr_forecast,arima_forecast,prophet_forecast,xgb_forecast,sma_metrics,es_metrics,lr_metrics,arima_metrics,prophet_metrics,xgb_metrics
6192488208956,TEINT IALO 9.11 100ML,H. ZONE,IALO,monthly,2025-09,2261.4004211957267,"[""2023-06"", ""2023-09"", ""2023-10"", ""2023-11"", ""2023-12"", ""2024-02"", ""2024-03"", ""2024-04"", ""2024-05"", ""2024-06"", ""2024-07"", ""2024-08"", ""2024-09"", ""2024-10"", ""2024-11"", ""2024-12"", ""2025-01"", ""2025-02"", ""2025-03"", ""2025-04"", ""2025-05"", ""2025-06"", ""2025-07"", ""2025-08""]","[80.53, 3213.7889999999998, 1137.715, 1125.616, 1020.289, 1332.6109999999999, 5061.397, 931.738, 2190.988, 1135.636, 1944.546, 1659.119, 1705.289, 2881.183, 99.372, 1328.614, 1369.368, 1267.812, 1635.2839999999999, 515.948, 2535.016, 1532.702, 1972.981, 3162.126]",1701.6528749999998,5061.397,80.53,1068.5368794920507,3826.6434868992924,24,2222.603,2439.865091773918,1882.6600005760556,2419.839326118942,1918.9159487054458,2684.519159999998,"{""MAE"": 828.4930317460319, ""MSE"": 1478553.3406034657, ""RMSE"": 1215.9577873443905, ""MAPE"": 140.75584190752056, ""R2"": -0.4018949649834196}","{""MAE"": 803.9512841207696, ""MSE"": 1674304.9043054944, ""RMSE"": 1293.9493437942208, ""MAPE"": 124.45207785244196, ""R2"": -0.5615853583679098}","{""MAE"": 764.523455979774, ""MSE"": 1130908.7346515274, ""RMSE"": 1063.4419281989626, ""MAPE"": 181.2680979980608, ""R2"": 0.009513578103927944}","{""MAE"": 913.3387019191427, ""MSE"": 1826463.892141511, ""RMSE"": 1351.4673107927956, ""MAPE"": 135.8317719231759, ""R2"": -0.5996761098560812}","{""MAE"": 328.74633173927947, ""MSE"": 144008.11193091847, ""RMSE"": 379.4840074771511, ""MAPE"": 40.93095587672746, ""R2"": 0.8738730410863647}","{""MAE"": 421.22907416666675, ""MSE"": 313409.0213117455, ""RMSE"": 559.8294573454897, ""MAPE"": 103.08484047836811, ""R2"": 0.7255062494457838}"
