ref_article,designation,marque,famille,frequency,next_period,avg_forecast,historical_periods,historical_values,avg_sales,max_sales,min_sales,std_sales,trend_pct,data_points,sma_forecast,es_forecast,lr_forecast,arima_forecast,prophet_forecast,xgb_forecast,sma_metrics,es_metrics,lr_metrics,arima_metrics,prophet_metrics,xgb_metrics
6192488208963,TEINT IALO 10.11 100ML,H. ZONE,IALO,monthly,2025-09,1100.4961010756545,"[""2023-06"", ""2023-09"", ""2023-10"", ""2023-11"", ""2023-12"", ""2024-01"", ""2024-02"", ""2024-03"", ""2024-04"", ""2024-05"", ""2024-06"", ""2024-07"", ""2024-08"", ""2024-09"", ""2024-10"", ""2024-11"", ""2024-12"", ""2025-01"", ""2025-02"", ""2025-03"", ""2025-04"", ""2025-05"", ""2025-06"", ""2025-07"", ""2025-08""]","[80.53, 2208.272, 978.2669999999999, 678.103, 1762.749, 143.161, 734.086, 2105.659, 440.33799999999997, 1675.04, 1095.8, 1063.455, 1157.722, 575.331, 2539.3289999999997, 119.28999999999999, 709.494, 654.108, 278.722, 1621.991, 595.402, 902.147, 661.752, 1304.6779999999999, 1272.289]",1014.3086,2539.3289999999997,80.53,654.577234727087,1479.8944492735627,25,1079.573,1117.2241921201232,965.0765052373058,1294.0523330045055,903.3780360919905,1243.672540000001,"{""MAE"": 544.7287878787878, ""MSE"": 474593.3041269092, ""RMSE"": 688.9073262253125, ""MAPE"": 125.14687112470477, ""R2"": -0.24139965055455304}","{""MAE"": 603.5302853516329, ""MSE"": 657326.2764377935, ""RMSE"": 810.7566073969385, ""MAPE"": 121.56074420939309, ""R2"": -0.6092021977224109}","{""MAE"": 532.8343595407739, ""MSE"": 427705.2898028773, ""RMSE"": 653.9918117246402, ""MAPE"": 149.17862327444232, ""R2"": 0.0017879057933666287}","{""MAE"": 668.1606724831819, ""MSE"": 751728.1967442269, ""RMSE"": 867.0226045174525, ""MAPE"": 123.10905640016556, ""R2"": -0.7544421250718483}","{""MAE"": 44.93671596189336, ""MSE"": 3188.972052096961, ""RMSE"": 56.470984160867616, ""MAPE"": 8.248201466538527, ""R2"": 0.9925573273317305}","{""MAE"": 280.1771032000004, ""MSE"": 123861.34502947581, ""RMSE"": 351.9394053377311, ""MAPE"": 80.23487261858898, ""R2"": 0.7109226947599663}"
