ref_article,designation,marque,famille,frequency,next_period,avg_forecast,historical_periods,historical_values,avg_sales,max_sales,min_sales,std_sales,trend_pct,data_points,sma_forecast,es_forecast,lr_forecast,arima_forecast,prophet_forecast,xgb_forecast,sma_metrics,es_metrics,lr_metrics,arima_metrics,prophet_metrics,xgb_metrics
6192488206006,KIT COLORATION RB SO COLOR 1.1,RENEE BLANCHE,MASS MARKET,monthly,2025-09,3173.5022389805345,"[""2022-12"", ""2023-01"", ""2023-02"", ""2023-03"", ""2023-04"", ""2023-05"", ""2023-06"", ""2023-07"", ""2023-08"", ""2023-09"", ""2023-10"", ""2023-11"", ""2023-12"", ""2024-01"", ""2024-02"", ""2024-03"", ""2024-04"", ""2024-05"", ""2024-06"", ""2024-07"", ""2024-08"", ""2024-09"", ""2024-10"", ""2024-11"", ""2024-12"", ""2025-01"", ""2025-02"", ""2025-03"", ""2025-04"", ""2025-05"", ""2025-06"", ""2025-07"", ""2025-08""]","[535.105, 2341.081, 987.769, 853.279, 3737.117, 791.919, 4207.683, 2135.582, 1440.8200000000002, 4164.992, 1859.4189999999999, 6601.876, 2426.51, 1981.751, 3978.109, 4457.599, 2247.9500000000003, 2668.5029999999997, 2313.3289999999997, 2443.152, 1064.954, 5654.339, 3747.716, 3588.953, 845.1370000000001, 2216.854, 4791.224999999999, 709.88, 3265.551, 1596.769, 2304.803, 4197.73, 1582.7720000000002]",2658.794787878788,6601.876,535.105,1500.3902090967265,195.78718195494343,33,2695.1016666666665,2230.681240163659,3007.292418560606,3237.2310481896748,5611.974750302601,2258.732309999999,"{""MAE"": 1417.541522222222, ""MSE"": 3054616.909250218, ""RMSE"": 1747.7462370865564, ""MAPE"": 69.55234597972132, ""R2"": -0.3817300171564446}","{""MAE"": 1352.4598025220569, ""MSE"": 2861526.108754812, ""RMSE"": 1691.6045958659522, ""MAPE"": 65.15997805617543, ""R2"": -0.3149331021931181}","{""MAE"": 1219.2942457057202, ""MSE"": 2213068.6309757996, ""RMSE"": 1487.6386089960827, ""MAPE"": 73.6748210261736, ""R2"": 0.016925481142341048}","{""MAE"": 1484.7723256576921, ""MSE"": 3367125.744636512, ""RMSE"": 1834.9729547425247, ""MAPE"": 74.6012450064374, ""R2"": -0.49572203727014563}","{""MAE"": 488.0168500954155, ""MSE"": 456680.47514387843, ""RMSE"": 675.7813811758049, ""MAPE"": 30.52757717998526, ""R2"": 0.7971364592629913}","{""MAE"": 622.3612690909091, ""MSE"": 561724.2567140134, ""RMSE"": 749.4826593817987, ""MAPE"": 33.35708239916491, ""R2"": 0.750474614446856}"
