ref_article,designation,marque,famille,frequency,next_period,avg_forecast,historical_periods,historical_values,avg_sales,max_sales,min_sales,std_sales,trend_pct,data_points,sma_forecast,es_forecast,lr_forecast,arima_forecast,prophet_forecast,xgb_forecast,sma_metrics,es_metrics,lr_metrics,arima_metrics,prophet_metrics,xgb_metrics
6192488208925,TEINT IALO 6.11 100ML,H. ZONE,IALO,monthly,2025-09,2639.8327976176706,"[""2023-06"", ""2023-09"", ""2023-10"", ""2023-11"", ""2023-12"", ""2024-02"", ""2024-03"", ""2024-04"", ""2024-05"", ""2024-06"", ""2024-07"", ""2024-08"", ""2024-09"", ""2024-10"", ""2024-12"", ""2025-01"", ""2025-02"", ""2025-03"", ""2025-04"", ""2025-05"", ""2025-06"", ""2025-07"", ""2025-08""]","[80.53, 3115.648, 1325.01, 1519.533, 620.645, 2780.821, 5955.177, 909.898, 2273.456, 1689.324, 1765.982, 2517.387, 1191.219, 1802.389, 2927.054, 1620.222, 2397.464, 2702.932, 465.454, 2018.978, 2238.862, 3252.478, 2873.641]",2088.874086956522,5955.177,80.53,1186.2390878146348,3468.410530237178,23,2788.3269999999998,2613.242190479348,2477.3243055648927,3050.2365841858204,2083.77294547596,2826.0937600000016,"{""MAE"": 1000.3647833333334, ""MSE"": 1984817.130164472, ""RMSE"": 1408.8353807895626, ""MAPE"": 68.93410736771696, ""R2"": -0.49564836060232076}","{""MAE"": 997.3653464745803, ""MSE"": 2057990.983722453, ""RMSE"": 1434.569964735932, ""MAPE"": 61.500996047252265, ""R2"": -0.60849268883585}","{""MAE"": 824.5430732517674, ""MSE"": 1356258.0399060189, ""RMSE"": 1164.5849217236237, ""MAPE"": 138.58076367967055, ""R2"": 0.03617571473828107}","{""MAE"": 1097.7651097515654, ""MSE"": 2446927.5485642697, ""RMSE"": 1564.265817744628, ""MAPE"": 77.31335560715915, ""R2"": -0.7389081769023778}","{""MAE"": 139.01779058779672, ""MSE"": 38950.68424539205, ""RMSE"": 197.35927706949082, ""MAPE"": 22.64275385595027, ""R2"": 0.9723197103363374}","{""MAE"": 402.6422978260861, ""MSE"": 276946.96116550785, ""RMSE"": 526.2575046168063, ""MAPE"": 71.13165997761965, ""R2"": 0.8031877422682432}"
