ref_article,designation,marque,famille,frequency,next_period,avg_forecast,historical_periods,historical_values,avg_sales,max_sales,min_sales,std_sales,trend_pct,data_points,sma_forecast,es_forecast,lr_forecast,arima_forecast,prophet_forecast,xgb_forecast,sma_metrics,es_metrics,lr_metrics,arima_metrics,prophet_metrics,xgb_metrics
6192488208918,TEINT RENEE BLANCHE 10.11 60ML,RENEE BLANCHE,COLORATION 60ML,monthly,2025-09,361.22497350891945,"[""2023-06"", ""2023-07"", ""2023-08"", ""2023-09"", ""2023-10"", ""2023-11"", ""2023-12"", ""2024-01"", ""2024-02"", ""2024-03"", ""2024-04"", ""2024-05"", ""2024-06"", ""2024-07"", ""2024-08"", ""2024-09"", ""2024-10"", ""2024-11"", ""2024-12"", ""2025-01"", ""2025-02"", ""2025-03"", ""2025-04"", ""2025-05"", ""2025-06"", ""2025-07"", ""2025-08""]","[44.226, 91.892, 136.118, 209.583, 1327.861, 668.796, 866.666, 222.13799999999998, 259.032, 1007.0310000000001, 201.099, 436.02, 844.848, 266.514, 604.2669999999999, 316.13599999999997, 413.058, 94.94399999999999, 97.481, 25.026, 325.08, 554.614, 101.523, 136.95499999999998, 259.935, 701.115, 365.328]",391.75133333333326,1327.861,25.026,323.54961817282026,726.048026048026,27,442.126,369.9656238510029,313.93818803418753,525.0034646701749,86.73624449815104,429.58032000000037,"{""MAE"": 278.56937500000004, ""MSE"": 144730.8959664954, ""RMSE"": 380.43514028871647, ""MAPE"": 120.3771367889564, ""R2"": -0.38032687900140827}","{""MAE"": 264.8087629303931, ""MSE"": 127001.0336854361, ""RMSE"": 356.37204391679785, ""MAPE"": 124.16963956641007, ""R2"": -0.22249361314493976}","{""MAE"": 260.2731721611721, ""MSE"": 102810.22416840885, ""RMSE"": 320.64033459377634, ""MAPE"": 175.9503909100117, ""R2"": 0.017902687023804043}","{""MAE"": 273.7352402548044, ""MSE"": 138891.9349407492, ""RMSE"": 372.6820829349718, ""MAPE"": 104.5622227787777, ""R2"": -0.3267687839677773}","{""MAE"": 123.05553357274337, ""MSE"": 25098.01650193953, ""RMSE"": 158.42353518950247, ""MAPE"": 77.82975227777787, ""R2"": 0.760250551275804}","{""MAE"": 94.88175888888885, ""MSE"": 15081.025797398986, ""RMSE"": 122.80482807039382, ""MAPE"": 34.6957318951873, ""R2"": 0.8559381128447989}"
