ref_article,designation,marque,famille,frequency,next_period,avg_forecast,historical_periods,historical_values,avg_sales,max_sales,min_sales,std_sales,trend_pct,data_points,sma_forecast,es_forecast,lr_forecast,arima_forecast,prophet_forecast,xgb_forecast,sma_metrics,es_metrics,lr_metrics,arima_metrics,prophet_metrics,xgb_metrics
6192488208314,CIRE GLOSS WAX RB FCR 6 120ML-6192488208314,RENEE BLANCHE,MASS MARKET,monthly,2025-07,60.45728140243923,"[""2023-03"", ""2023-04"", ""2023-05"", ""2023-06"", ""2023-07"", ""2023-08"", ""2023-09"", ""2023-10"", ""2023-11"", ""2023-12"", ""2024-01"", ""2024-02"", ""2024-03"", ""2024-04"", ""2024-05"", ""2024-06"", ""2024-07"", ""2024-08"", ""2024-09"", ""2024-10"", ""2024-11"", ""2024-12"", ""2025-01"", ""2025-02"", ""2025-03"", ""2025-04"", ""2025-05"", ""2025-06""]","[5499.175, 1664.289, 1703.299, 2819.317, 2482.816, 1163.275, 1192.006, 4867.9259999999995, 631.866, 295.338, 215.211, 266.19100000000003, 1315.879, 676.953, 213.52899999999997, 340.689, 707.596, 650.6659999999999, 1054.646, 636.114, 749.508, 140.57299999999998, 538.063, 2730.58, 294.491, -328.303, -55.332, 164.174]",1165.37625,5499.175,-328.303,1368.2182874230116,-97.01457036737328,28,-73.15366666666667,265.45040288989816,0.0,69.36767219140371,0.0,101.07928000000014,"{""MAE"": 849.4344133333332, ""MSE"": 1376886.2918654, ""RMSE"": 1173.4079818483424, ""MAPE"": 232.75006470057295, ""R2"": -0.0776199750928459}","{""MAE"": 1075.1680114105784, ""MSE"": 2118060.8106368417, ""RMSE"": 1455.3559051437699, ""MAPE"": 217.55776266503807, ""R2"": -0.7361596057917783}","{""MAE"": 772.2668222886853, ""MSE"": 1262126.9482596705, ""RMSE"": 1123.4442346016426, ""MAPE"": 126.17190893862241, ""R2"": 0.325794551392531}","{""MAE"": 1113.0692426593503, ""MSE"": 2852474.952915198, ""RMSE"": 1688.9271603343934, ""MAPE"": 151.9888911614679, ""R2"": -0.5237406648543326}","{""MAE"": 320.19107232118694, ""MSE"": 129480.38976877702, ""RMSE"": 359.833836331128, ""MAPE"": 97.77195342914182, ""R2"": 0.9308339114458335}","{""MAE"": 345.8247142857145, ""MSE"": 261314.95892823357, ""RMSE"": 511.18974845768724, ""MAPE"": 44.739538334376036, ""R2"": 0.8604102627275456}"
