ref_article,designation,marque,famille,frequency,next_period,avg_forecast,historical_periods,historical_values,avg_sales,max_sales,min_sales,std_sales,trend_pct,data_points,sma_forecast,es_forecast,lr_forecast,arima_forecast,prophet_forecast,xgb_forecast,sma_metrics,es_metrics,lr_metrics,arima_metrics,prophet_metrics,xgb_metrics
6192488208932,TEINT IALO 7.11 100ML,H. ZONE,IALO,monthly,2025-09,5470.575746893966,"[""2023-06"", ""2023-09"", ""2023-10"", ""2023-11"", ""2024-02"", ""2024-03"", ""2024-04"", ""2024-05"", ""2024-06"", ""2024-07"", ""2024-08"", ""2024-09"", ""2024-10"", ""2024-12"", ""2025-01"", ""2025-02"", ""2025-03"", ""2025-04"", ""2025-05"", ""2025-06"", ""2025-07"", ""2025-08""]","[80.53, 3967.991, 1673.363, 834.627, 4289.135, 9368.616, 1366.878, 3813.0879999999997, 2491.594, 3208.994, 2195.138, 1588.816, 3621.668, 6179.401, 2281.093, 2308.1240000000003, 5398.832, 1586.37, 4841.906, 4995.026, 4919.197, 6598.103]",3527.6586363636366,9368.616,80.53,2148.152157991344,8093.347820687943,22,5504.108666666667,5473.162821276931,4900.784615133525,5842.701494164802,5396.657904121871,5706.038979999999,"{""MAE"": 1966.8544210526318, ""MSE"": 5936823.576154444, ""RMSE"": 2436.559783004399, ""MAPE"": 65.73565773740937, ""R2"": -0.3307875717146014}","{""MAE"": 1894.0182475381876, ""MSE"": 6052991.158631796, ""RMSE"": 2460.2827395711647, ""MAPE"": 58.6051492570045, ""R2"": -0.42708369121229306}","{""MAE"": 1502.5054606690062, ""MSE"": 3947255.5941622, ""RMSE"": 1986.7701412499132, ""MAPE"": 159.1424672223602, ""R2"": 0.1446080304955889}","{""MAE"": 2051.6886914766906, ""MSE"": 7145485.3125882065, ""RMSE"": 2673.104059438803, ""MAPE"": 79.86876797328357, ""R2"": -0.5484659173424955}","{""MAE"": 0.15424994151743088, ""MSE"": 0.03062575908329489, ""RMSE"": 0.1750021687959749, ""MAPE"": 0.020483989620409617, ""R2"": 0.9999999933632298}","{""MAE"": 795.7015945454539, ""MSE"": 943176.6503419406, ""RMSE"": 971.172822077482, ""MAPE"": 87.32047437244503, ""R2"": 0.7956084390076582}"
