ref_article,designation,marque,famille,frequency,next_period,avg_forecast,historical_periods,historical_values,avg_sales,max_sales,min_sales,std_sales,trend_pct,data_points,sma_forecast,es_forecast,lr_forecast,arima_forecast,prophet_forecast,xgb_forecast,sma_metrics,es_metrics,lr_metrics,arima_metrics,prophet_metrics,xgb_metrics
6192488206013,KIT COLORATION RB SO COLOR 10.0,RENEE BLANCHE,MASS MARKET,monthly,2025-09,3479.234075397715,"[""2022-12"", ""2023-01"", ""2023-02"", ""2023-03"", ""2023-04"", ""2023-05"", ""2023-06"", ""2023-07"", ""2023-08"", ""2023-09"", ""2023-10"", ""2023-11"", ""2023-12"", ""2024-01"", ""2024-02"", ""2024-03"", ""2024-04"", ""2024-05"", ""2024-06"", ""2024-07"", ""2024-08"", ""2024-09"", ""2024-10"", ""2024-11"", ""2024-12"", ""2025-01"", ""2025-02"", ""2025-03"", ""2025-04"", ""2025-05"", ""2025-06"", ""2025-07"", ""2025-08""]","[535.105, 2565.825, 1044.9579999999999, 913.927, 4275.795, 1158.016, 4075.237, 2851.294, 2838.353, 4484.2660000000005, 1131.915, 8265.112000000001, 2183.918, 9389.876, 1910.955, 6287.238, 2932.342, 3323.8160000000003, 2698.1730000000002, 3567.543, 1990.826, 6486.333, 3772.713, 1284.523, 558.202, 1918.1870000000001, 5393.353, 1457.576, 2727.566, 3178.761, 3255.541, 2941.807, 2554.383]",3150.1040909090907,9389.876,535.105,2057.293309319935,377.3610786668037,33,2917.2436666666667,2751.7569153531144,3346.251375,2857.7493847151636,6305.154250651347,2697.24886,"{""MAE"": 1789.2651444444446, ""MSE"": 5858019.245760521, ""RMSE"": 2420.3345317869844, ""MAPE"": 77.66970770872649, ""R2"": -0.3824571271781039}","{""MAE"": 1689.6467468758865, ""MSE"": 5089678.757562539, ""RMSE"": 2256.0316393088415, ""MAPE"": 69.71167194939007, ""R2"": -0.2281012988424509}","{""MAE"": 1504.2504231485982, ""MSE"": 4220385.562280414, ""RMSE"": 2054.3577006647147, ""MAPE"": 82.01606481359154, ""R2"": 0.0028518191269936155}","{""MAE"": 1558.5873001574282, ""MSE"": 4077701.8353896188, ""RMSE"": 2019.3320270301313, ""MAPE"": 72.80779138753488, ""R2"": 0.036563624982110854}","{""MAE"": 766.6875342821365, ""MSE"": 965460.1228434895, ""RMSE"": 982.5783036702416, ""MAPE"": 37.74823201445729, ""R2"": 0.7718912665698172}","{""MAE"": 767.1213469696967, ""MSE"": 1136375.3848269898, ""RMSE"": 1066.0090922815762, ""MAPE"": 32.89427512003587, ""R2"": 0.7315092114103372}"
