ref_article,designation,marque,famille,frequency,next_period,avg_forecast,historical_periods,historical_values,avg_sales,max_sales,min_sales,std_sales,trend_pct,data_points,sma_forecast,es_forecast,lr_forecast,arima_forecast,prophet_forecast,xgb_forecast,sma_metrics,es_metrics,lr_metrics,arima_metrics,prophet_metrics,xgb_metrics
6192488206136,KIT COLORATION RB SO COLOR 7.2,RENEE BLANCHE,MASS MARKET,monthly,2025-09,1937.5699430140648,"[""2022-12"", ""2023-01"", ""2023-02"", ""2023-03"", ""2023-04"", ""2023-05"", ""2023-06"", ""2023-07"", ""2023-08"", ""2023-09"", ""2023-10"", ""2023-11"", ""2023-12"", ""2024-01"", ""2024-02"", ""2024-03"", ""2024-04"", ""2024-05"", ""2024-06"", ""2024-07"", ""2024-08"", ""2024-09"", ""2024-10"", ""2024-11"", ""2024-12"", ""2025-01"", ""2025-02"", ""2025-03"", ""2025-04"", ""2025-05"", ""2025-06"", ""2025-07"", ""2025-08""]","[535.105, 1173.214, 693.9639999999999, 794.418, 841.1949999999999, 467.336, 3815.0340000000006, 1530.0, 542.698, 2633.634, 1229.782, 672.639, 1689.558, 1268.049, 3232.0000000000005, 2121.416, 1136.2540000000001, 1606.907, 644.165, 1124.8509999999999, 954.949, 4712.017, 1514.277, 1685.4099999999999, 740.454, 2016.316, 3974.587, 633.224, 1130.339, 1753.6260000000002, 1827.49, 1020.322, 1330.4850000000001]",1546.8398484848483,4712.017,467.336,1035.1333477438552,148.63998654469685,33,1392.765666666667,1418.7108173250494,1875.412399621211,1187.8588545704997,4465.89187990096,1284.7800400000006,"{""MAE"": 885.7817333333336, ""MSE"": 1664636.6273047188, ""RMSE"": 1290.2079783138527, ""MAPE"": 65.47075256426554, ""R2"": -0.4995851125300912}","{""MAE"": 795.8549815334522, ""MSE"": 1372764.188555433, ""RMSE"": 1171.6501988884877, ""MAPE"": 58.54127061336267, ""R2"": -0.2805658695703859}","{""MAE"": 729.1533003362497, ""MSE"": 1037631.2683611239, ""RMSE"": 1018.6418744392574, ""MAPE"": 59.99492430343453, ""R2"": 0.03160965574954877}","{""MAE"": 990.9498098619616, ""MSE"": 1836847.2310298074, ""RMSE"": 1355.3033723228934, ""MAPE"": 77.38378042579428, ""R2"": -0.7142747878077413}","{""MAE"": 321.5345238894556, ""MSE"": 207633.09473106492, ""RMSE"": 455.66774598501587, ""MAPE"": 31.320818595377194, ""R2"": 0.8062222195732591}","{""MAE"": 340.7008242424242, ""MSE"": 218470.48888629198, ""RMSE"": 467.40826788396885, ""MAPE"": 25.798351269272814, ""R2"": 0.7961080025322345}"
