ref_article,designation,marque,famille,frequency,next_period,avg_forecast,historical_periods,historical_values,avg_sales,max_sales,min_sales,std_sales,trend_pct,data_points,sma_forecast,es_forecast,lr_forecast,arima_forecast,prophet_forecast,xgb_forecast,sma_metrics,es_metrics,lr_metrics,arima_metrics,prophet_metrics,xgb_metrics
6192488209250,KIT SO NATURAL RB S/A 10.0,RENEE BLANCHE,MASS MARKET,monthly,2025-09,1460.6385738417982,"[""2024-03"", ""2024-04"", ""2024-05"", ""2024-06"", ""2024-07"", ""2024-08"", ""2024-09"", ""2024-10"", ""2024-11"", ""2024-12"", ""2025-01"", ""2025-02"", ""2025-03"", ""2025-04"", ""2025-05"", ""2025-06"", ""2025-07"", ""2025-08""]","[390.735, 4113.0, 6959.048999999999, 1417.305, 2860.468, 717.552, 6916.695, 2436.571, 1060.665, -75.22300000000001, 2067.203, 1500.192, 577.658, 638.423, 1481.836, 1268.9840000000002, 2262.192, 659.075]",2069.5766666666664,6959.048999999999,-75.22300000000001,1981.000103934682,68.6757009226202,18,1396.7503333333334,1103.0003689778207,630.6990784313675,1331.291690846189,3308.3863514620807,993.7036199999983,"{""MAE"": 1647.979311111111, ""MSE"": 4530903.012360704, ""RMSE"": 2128.5917909173436, ""MAPE"": 416.9579305100857, ""R2"": -0.7933687812047219}","{""MAE"": 1684.8346983703893, ""MSE"": 5331947.145149862, ""RMSE"": 2309.1009387096665, ""MAPE"": 292.3638506467388, ""R2"": -0.3398000358794324}","{""MAE"": 1279.1796446508426, ""MSE"": 3306883.0234253863, ""RMSE"": 1818.483715468848, ""MAPE"": 252.6321937271924, ""R2"": 0.15734493426340945}","{""MAE"": 1897.9450523413284, ""MSE"": 6059118.648244004, ""RMSE"": 2461.527706170297, ""MAPE"": 232.84649858386004, ""R2"": -0.5439756975597945}","{""MAE"": 0.053928272579857627, ""MSE"": 0.003674865115599716, ""RMSE"": 0.06062066574691931, ""MAPE"": 0.00857722373508487, ""R2"": 0.9999999990635763}","{""MAE"": 699.4208411111105, ""MSE"": 871309.3659649609, ""RMSE"": 933.4395352485135, ""MAPE"": 94.80346531081777, ""R2"": 0.7779742295530045}"
