ref_article,designation,marque,famille,frequency,next_period,avg_forecast,historical_periods,historical_values,avg_sales,max_sales,min_sales,std_sales,trend_pct,data_points,sma_forecast,es_forecast,lr_forecast,arima_forecast,prophet_forecast,xgb_forecast,sma_metrics,es_metrics,lr_metrics,arima_metrics,prophet_metrics,xgb_metrics
6192488206037,KIT COLORATION RB SO COLOR 3.0,RENEE BLANCHE,MASS MARKET,monthly,2025-09,4180.378354326048,"[""2022-12"", ""2023-01"", ""2023-02"", ""2023-03"", ""2023-04"", ""2023-05"", ""2023-06"", ""2023-07"", ""2023-08"", ""2023-09"", ""2023-10"", ""2023-11"", ""2023-12"", ""2024-01"", ""2024-02"", ""2024-03"", ""2024-04"", ""2024-05"", ""2024-06"", ""2024-07"", ""2024-08"", ""2024-09"", ""2024-10"", ""2024-11"", ""2024-12"", ""2025-01"", ""2025-02"", ""2025-03"", ""2025-04"", ""2025-05"", ""2025-06"", ""2025-07"", ""2025-08""]","[535.105, 2448.102, 1043.287, 913.927, 3883.822, 483.216, 3922.724, 2756.699, 1560.758, 4704.280000000001, 1907.0610000000001, 7030.1230000000005, 3240.324, 9013.318000000001, 4492.623, 6288.1849999999995, 2356.945, 3636.188, 2393.613, 3083.3199999999997, 1516.741, 6363.146, 2500.09, 3650.367, 1836.344, 3143.81, 5779.061000000001, 2018.772, 4870.523999999999, 3383.641, 3636.238, 4438.797, 2516.163]",3374.16103030303,9013.318000000001,483.216,1918.2493947136861,370.2185552368227,33,3530.3993333333333,3190.241900483345,4193.820695075759,4048.5036937905415,7054.181633273311,3065.12287,"{""MAE"": 1625.945188888889, ""MSE"": 4326162.588930204, ""RMSE"": 2079.942929248349, ""MAPE"": 57.160774518458105, ""R2"": -0.22623698497038558}","{""MAE"": 1569.2574973438786, ""MSE"": 4046080.035432116, ""RMSE"": 2011.4870209454787, ""MAPE"": 54.437294567195835, ""R2"": -0.14460398302134192}","{""MAE"": 1445.2870836641828, ""MSE"": 3468906.790184416, ""RMSE"": 1862.500145015945, ""MAPE"": 72.60345331696631, ""R2"": 0.05728049931764223}","{""MAE"": 1356.9995112491365, ""MSE"": 2936832.9535330976, ""RMSE"": 1713.7190415972793, ""MAPE"": 51.26369962417906, ""R2"": 0.20187832565111108}","{""MAE"": 765.9157769934476, ""MSE"": 1010326.3157611832, ""RMSE"": 1005.1498971602113, ""MAPE"": 33.795769648642974, ""R2"": 0.7254309851692515}","{""MAE"": 761.8832496969698, ""MSE"": 818645.2091922744, ""RMSE"": 904.7901464938013, ""MAPE"": 32.846622555163954, ""R2"": 0.7775227616292576}"
