ref_article,designation,marque,famille,frequency,next_period,avg_forecast,historical_periods,historical_values,avg_sales,max_sales,min_sales,std_sales,trend_pct,data_points,sma_forecast,es_forecast,lr_forecast,arima_forecast,prophet_forecast,xgb_forecast,sma_metrics,es_metrics,lr_metrics,arima_metrics,prophet_metrics,xgb_metrics
6192488209199,KIT SO NATURAL RB S/A 4.0,RENEE BLANCHE,MASS MARKET,monthly,2025-09,1276.098807562338,"[""2024-03"", ""2024-04"", ""2024-05"", ""2024-06"", ""2024-07"", ""2024-08"", ""2024-09"", ""2024-10"", ""2024-11"", ""2024-12"", ""2025-01"", ""2025-02"", ""2025-03"", ""2025-04"", ""2025-05"", ""2025-06"", ""2025-07"", ""2025-08""]","[390.735, 726.63, 6914.584999999999, 1272.888, 3510.582, 587.307, 4037.595, 427.966, 966.919, -86.27700000000002, 368.17, 1472.772, 891.205, 1234.808, 1786.5430000000001, 117.34400000000002, 1939.9160000000002, 697.826]",1514.3063333333332,6914.584999999999,-86.27700000000002,1683.4543310392405,78.59316416497114,18,918.3620000000001,963.4412252159759,615.2330980392144,1569.6821520464518,2714.9456700723854,874.9287000000003,"{""MAE"": 1160.4812, ""MSE"": 2121656.3015547995, ""RMSE"": 1456.5906430959933, ""MAPE"": 325.118180837796, ""R2"": -0.6614448609646821}","{""MAE"": 1372.156198052431, ""MSE"": 3849852.4182884335, ""RMSE"": 1962.1040793720483, ""MAPE"": 276.0537299233458, ""R2"": -0.31749613978329627}","{""MAE"": 1212.4235597981879, ""MSE"": 2592936.807481127, ""RMSE"": 1610.259857129006, ""MAPE"": 244.1386938576211, ""R2"": 0.0850670800192802}","{""MAE"": 1208.3799200300898, ""MSE"": 3382183.1961369314, ""RMSE"": 1839.0712863119068, ""MAPE"": 185.0655137503824, ""R2"": -0.19342312493815372}","{""MAE"": 0.030420861151180627, ""MSE"": 0.0012728071878627223, ""RMSE"": 0.03567642341747169, ""MAPE"": 0.006559420744343443, ""R2"": 0.9999999995508826}","{""MAE"": 652.6384688888888, ""MSE"": 741902.0955611581, ""RMSE"": 861.3373877646077, ""MAPE"": 100.47547521674953, ""R2"": 0.7382155058028632}"
