ref_article,designation,marque,famille,frequency,next_period,avg_forecast,historical_periods,historical_values,avg_sales,max_sales,min_sales,std_sales,trend_pct,data_points,sma_forecast,es_forecast,lr_forecast,arima_forecast,prophet_forecast,xgb_forecast,sma_metrics,es_metrics,lr_metrics,arima_metrics,prophet_metrics,xgb_metrics
6192488209212,KIT SO NATURAL RB S/A 6.0,RENEE BLANCHE,MASS MARKET,monthly,2025-09,4082.142133376217,"[""2024-03"", ""2024-04"", ""2024-05"", ""2024-06"", ""2024-07"", ""2024-08"", ""2024-09"", ""2024-10"", ""2024-11"", ""2024-12"", ""2025-01"", ""2025-02"", ""2025-03"", ""2025-04"", ""2025-05"", ""2025-06"", ""2025-07"", ""2025-08""]","[390.735, 4503.735, 7277.9, 2699.348, 5012.090999999999, 2740.701, 9597.0, 6049.066, 3472.196, 472.012, 5169.862, 2425.617, 1980.5700000000002, 3018.4390000000003, 2287.57, 2688.1510000000003, 4688.771000000001, 2670.589]",3730.2418333333335,9597.0,390.735,2249.0918818228797,583.4783165060718,18,3349.1703333333335,3007.9842643444345,2873.1660196078446,3512.545725295049,8741.977817676636,3008.0086400000023,"{""MAE"": 1672.671888888889, ""MSE"": 6338257.195827267, ""RMSE"": 2517.5895606367744, ""MAPE"": 114.33426904966663, ""R2"": -0.4264486581877507}","{""MAE"": 2060.3601379237434, ""MSE"": 7568230.4371804735, ""RMSE"": 2751.0417003710563, ""MAPE"": 95.43559970456718, ""R2"": -0.6236096672420903}","{""MAE"": 1663.198036234377, ""MSE"": 4839329.34274045, ""RMSE"": 2199.8475726150778, ""MAPE"": 125.63488524973022, ""R2"": 0.04331099381271308}","{""MAE"": 2189.8648811620164, ""MSE"": 7912959.911506338, ""RMSE"": 2812.99838455452, ""MAPE"": 100.36239614493718, ""R2"": -0.5643162962436259}","{""MAE"": 0.032333909616287175, ""MSE"": 0.0015674386443867469, ""RMSE"": 0.039590890926913314, ""MAPE"": 0.0019563176459062672, ""R2"": 0.9999999996901324}","{""MAE"": 856.8002344444437, ""MSE"": 1097469.2511586598, ""RMSE"": 1047.6016662637855, ""MAPE"": 59.50974424952983, ""R2"": 0.7830408528018226}"
