ref_article,designation,marque,famille,frequency,next_period,avg_forecast,historical_periods,historical_values,avg_sales,max_sales,min_sales,std_sales,trend_pct,data_points,sma_forecast,es_forecast,lr_forecast,arima_forecast,prophet_forecast,xgb_forecast,sma_metrics,es_metrics,lr_metrics,arima_metrics,prophet_metrics,xgb_metrics
6192488208284,CIRE GLOSS WAX RB FCR 3 120ML-6192488208284,RENEE BLANCHE,MASS MARKET,monthly,2025-07,-5.705084597856195,"[""2023-03"", ""2023-04"", ""2023-05"", ""2023-06"", ""2023-07"", ""2023-08"", ""2023-09"", ""2023-10"", ""2023-11"", ""2023-12"", ""2024-01"", ""2024-02"", ""2024-03"", ""2024-04"", ""2024-05"", ""2024-06"", ""2024-07"", ""2024-08"", ""2024-09"", ""2024-10"", ""2024-11"", ""2024-12"", ""2025-01"", ""2025-02"", ""2025-03"", ""2025-04"", ""2025-05"", ""2025-06""]","[5476.279, 1755.873, 1731.537, 2711.462, 2381.512, 1095.2549999999999, 1042.853, 5561.662, 431.378, 508.68499999999995, 219.361, 478.43600000000004, 1971.313, 1001.8530000000001, 451.19100000000003, 195.10199999999998, 1016.534, 859.125, 1158.637, 685.9100000000001, 872.684, 239.75399999999996, 286.006, 1955.184, 8.299, -328.303, -62.28500000000001, -31.005000000000003]",1202.6532857142854,5561.662,-328.303,1415.3396242001136,-100.56616910862284,28,-140.531,106.30049241286284,0.0,0.0,0.0,0.0,"{""MAE"": 913.93648, ""MSE"": 1610118.1000811735, ""RMSE"": 1268.9042911430213, ""MAPE"": 596.4547877287243, ""R2"": -0.11528075047570674}","{""MAE"": 1134.430101512208, ""MSE"": 2260307.100450514, ""RMSE"": 1503.431774458194, ""MAPE"": 647.8238642526363, ""R2"": -0.6428021905885559}","{""MAE"": 760.9260691414481, ""MSE"": 1285510.007872908, ""RMSE"": 1133.8033373883268, ""MAPE"": 163.09353883383548, ""R2"": 0.35826735696795664}","{""MAE"": 1164.0654980680279, ""MSE"": 3056439.0561910276, ""RMSE"": 1748.267444126049, ""MAPE"": 647.291348330434, ""R2"": -0.5257887544892206}","{""MAE"": 270.26874551596245, ""MSE"": 117118.20679342907, ""RMSE"": 342.2253742688129, ""MAPE"": 512.1657397389273, ""R2"": 0.941534040238953}","{""MAE"": 365.0131442857146, ""MSE"": 287850.13881056913, ""RMSE"": 536.5166715122365, ""MAPE"": 179.98038444001944, ""R2"": 0.8563038566446464}"
