ref_article,designation,marque,famille,frequency,next_period,avg_forecast,historical_periods,historical_values,avg_sales,max_sales,min_sales,std_sales,trend_pct,data_points,sma_forecast,es_forecast,lr_forecast,arima_forecast,prophet_forecast,xgb_forecast,sma_metrics,es_metrics,lr_metrics,arima_metrics,prophet_metrics,xgb_metrics
6192488208338,CIRE POMMADE RB 50ML-6192488208338,RENEE BLANCHE,MASS MARKET,monthly,2025-07,121.89383867205163,"[""2023-03"", ""2023-04"", ""2023-05"", ""2023-06"", ""2023-07"", ""2023-08"", ""2023-09"", ""2023-10"", ""2023-11"", ""2023-12"", ""2024-01"", ""2024-02"", ""2024-03"", ""2024-04"", ""2024-05"", ""2024-06"", ""2024-07"", ""2024-08"", ""2024-09"", ""2024-10"", ""2024-11"", ""2024-12"", ""2025-01"", ""2025-02"", ""2025-03"", ""2025-05"", ""2025-06""]","[5420.853, 4619.875, 3358.2799999999997, 1818.424, 2958.911, 741.628, 593.028, 7001.966, 6998.763999999999, -4252.172, 520.696, 783.579, 669.831, 654.191, 845.488, 1198.702, 1231.932, 2325.04, 2881.703, 555.739, 1111.454, 959.754, 374.444, 823.176, 28.244, -75.325, 56.487]",1637.210814814815,7001.966,-4252.172,2286.216447614414,-98.95796842305076,27,3.135333333333333,245.66947085416663,0.0,22.340416503083837,414.90689134172595,45.31092000000005,"{""MAE"": 1587.188, ""MSE"": 6784356.651527046, ""RMSE"": 2604.6797598797143, ""MAPE"": 249.01847419164403, ""R2"": -0.4544735543714755}","{""MAE"": 1541.24961353856, ""MSE"": 5784131.615520665, ""RMSE"": 2405.0221652867704, ""MAPE"": 286.5514572677686, ""R2"": -0.1911247525945614}","{""MAE"": 1310.6124943152918, ""MSE"": 4130439.731028671, ""RMSE"": 2032.3483291573498, ""MAPE"": 120.22448892544406, ""R2"": 0.2097552853140051}","{""MAE"": 1564.1016284778252, ""MSE"": 8280564.449416994, ""RMSE"": 2877.596992182365, ""MAPE"": 198.00361912194697, ""R2"": -0.5842556039762978}","{""MAE"": 29.22869964340853, ""MSE"": 2200.2371701884817, ""RMSE"": 46.90668577280302, ""MAPE"": 30.456476169923185, ""R2"": 0.9995790458382106}","{""MAE"": 433.3520077777772, ""MSE"": 607452.5935365362, ""RMSE"": 779.3924515521921, ""MAPE"": 53.070487404356925, ""R2"": 0.88378084835413}"
