ref_article,designation,marque,famille,frequency,next_period,avg_forecast,historical_periods,historical_values,avg_sales,max_sales,min_sales,std_sales,trend_pct,data_points,sma_forecast,es_forecast,lr_forecast,arima_forecast,prophet_forecast,xgb_forecast,sma_metrics,es_metrics,lr_metrics,arima_metrics,prophet_metrics,xgb_metrics
6192488206020,KIT COLORATION RB SO COLOR 11.2,RENEE BLANCHE,MASS MARKET,monthly,2025-09,3118.4005176367405,"[""2022-12"", ""2023-01"", ""2023-02"", ""2023-03"", ""2023-04"", ""2023-05"", ""2023-06"", ""2023-07"", ""2023-08"", ""2023-09"", ""2023-10"", ""2023-11"", ""2023-12"", ""2024-01"", ""2024-02"", ""2024-03"", ""2024-04"", ""2024-05"", ""2024-06"", ""2024-07"", ""2024-08"", ""2024-09"", ""2024-10"", ""2024-11"", ""2024-12"", ""2025-01"", ""2025-02"", ""2025-03"", ""2025-04"", ""2025-05"", ""2025-06"", ""2025-07"", ""2025-08""]","[564.5360000000001, 1514.344, 908.507, 855.066, 3463.7740000000003, 823.129, 4852.924, 2927.562, 2253.745, 4688.7880000000005, 1046.976, 7428.459, 2107.023, 7273.354, 3051.08, 4253.289, 2492.3430000000003, 2161.288, 1813.657, 3471.906, 2069.454, 5574.159, 2241.061, 1724.504, 866.9300000000001, 2253.263, 6979.127, 1343.241, 3195.411, 2015.613, 1672.872, 3144.9590000000003, 2044.88]",2820.52193939394,7428.459,564.5360000000001,1838.83950512543,262.2231354599175,33,2287.5703333333336,2330.324064561351,3056.625348484851,2874.4054092140213,5853.909120226881,2307.5688300000033,"{""MAE"": 1698.2606555555556, ""MSE"": 4651976.9614089895, ""RMSE"": 2156.844213523311, ""MAPE"": 67.27578427580187, ""R2"": -0.3937303447166638}","{""MAE"": 1555.566295681339, ""MSE"": 4054171.2111333264, ""RMSE"": 2013.4972587846567, ""MAPE"": 61.254864593535096, ""R2"": -0.22004040429025773}","{""MAE"": 1435.9733655269274, ""MSE"": 3363842.154697199, ""RMSE"": 1834.0780121622959, ""MAPE"": 75.56117736967408, ""R2"": 0.005172097121491137}","{""MAE"": 1457.6141692098277, ""MSE"": 3487473.386187516, ""RMSE"": 1867.4778141085146, ""MAPE"": 60.72596398498583, ""R2"": -0.03139079527881261}","{""MAE"": 721.8022332203102, ""MSE"": 829242.5438542654, ""RMSE"": 910.627554961009, ""MAPE"": 38.453897410258996, ""R2"": 0.7547585222665009}","{""MAE"": 684.433315757576, ""MSE"": 762297.3026781104, ""RMSE"": 873.0963879653325, ""MAPE"": 30.000106020638068, ""R2"": 0.7745570118579262}"
