ref_article,designation,marque,famille,frequency,next_period,avg_forecast,historical_periods,historical_values,avg_sales,max_sales,min_sales,std_sales,trend_pct,data_points,sma_forecast,es_forecast,lr_forecast,arima_forecast,prophet_forecast,xgb_forecast,sma_metrics,es_metrics,lr_metrics,arima_metrics,prophet_metrics,xgb_metrics
6192488209243,KIT SO NATURAL RB S/A 9.0,RENEE BLANCHE,MASS MARKET,monthly,2025-09,1544.022766273064,"[""2024-03"", ""2024-04"", ""2024-05"", ""2024-06"", ""2024-07"", ""2024-08"", ""2024-09"", ""2024-10"", ""2024-11"", ""2024-12"", ""2025-01"", ""2025-02"", ""2025-03"", ""2025-04"", ""2025-05"", ""2025-06"", ""2025-07"", ""2025-08""]","[390.735, 596.385, 6798.048999999999, 1294.997, 3042.869, 326.817, 2673.4500000000003, 215.188, 827.504, -169.061, 319.178, 1267.122, 474.92400000000004, 638.423, 1514.999, -40.502999999999986, 1864.602, 229.952]",1236.9794444444444,6798.048999999999,-169.061,1603.756814906737,-41.14886048088858,18,684.6836666666668,616.2669068460414,271.18816993464134,1348.72477541669,5840.386628774345,502.88644999999923,"{""MAE"": 940.2216222222222, ""MSE"": 1605107.804922911, ""RMSE"": 1266.9284924268263, ""MAPE"": 381.95511200096405, ""R2"": -0.8325885654894456}","{""MAE"": 1227.2422861921714, ""MSE"": 3390357.0523677007, ""RMSE"": 1841.2922235125257, ""MAPE"": 346.63332311487756, ""R2"": -0.26565888256323444}","{""MAE"": 1104.72653468639, ""MSE"": 2293846.493980369, ""RMSE"": 1514.5449791869403, ""MAPE"": 263.72018285117997, ""R2"": 0.10815923100807923}","{""MAE"": 1114.9030118795463, ""MSE"": 3085131.1892172787, ""RMSE"": 1756.454152324301, ""MAPE"": 258.06610606195034, ""R2"": -0.19948993075734744}","{""MAE"": 0.039351611967698354, ""MSE"": 0.0020053584733442406, ""RMSE"": 0.04478122902896079, ""MAPE"": 0.01289268684583291, ""R2"": 0.9999999992203226}","{""MAE"": 621.6780722222217, ""MSE"": 656754.0898726686, ""RMSE"": 810.4036586002488, ""MAPE"": 152.61144758248008, ""R2"": 0.7446559418480239}"
