ref_article,designation,marque,famille,frequency,next_period,avg_forecast,historical_periods,historical_values,avg_sales,max_sales,min_sales,std_sales,trend_pct,data_points,sma_forecast,es_forecast,lr_forecast,arima_forecast,prophet_forecast,xgb_forecast,sma_metrics,es_metrics,lr_metrics,arima_metrics,prophet_metrics,xgb_metrics
6192488208888,TEINT RENEE BLANCHE 7.11 60ML,RENEE BLANCHE,COLORATION 60ML,monthly,2025-09,978.6510613029847,"[""2023-06"", ""2023-07"", ""2023-08"", ""2023-09"", ""2023-10"", ""2023-11"", ""2023-12"", ""2024-01"", ""2024-02"", ""2024-03"", ""2024-04"", ""2024-05"", ""2024-06"", ""2024-07"", ""2024-08"", ""2024-09"", ""2024-10"", ""2024-11"", ""2024-12"", ""2025-01"", ""2025-02"", ""2025-03"", ""2025-04"", ""2025-05"", ""2025-06"", ""2025-07"", ""2025-08""]","[44.226, 91.892, 136.118, 438.08299999999997, 1450.22, 787.961, 1542.016, 327.531, 607.332, 2116.803, 311.177, 696.858, 1694.43, 788.1899999999999, 1183.684, 906.741, 1058.359, 313.46999999999997, 631.209, 214.398, 921.318, 1089.921, 236.71499999999997, 675.315, 741.492, 1345.212, 986.076]",790.2498888888889,2116.803,44.226,518.535522716824,2129.6296296296296,27,1024.26,932.9984296965954,942.7489829059823,1171.5490826366413,759.4166225786895,1040.9332500000003,"{""MAE"": 459.65325, ""MSE"": 335066.1608915648, ""RMSE"": 578.8489966230958, ""MAPE"": 77.59043064648091, ""R2"": -0.43494686473369737}","{""MAE"": 429.82988584436555, ""MSE"": 325423.214628497, ""RMSE"": 570.4587755732197, ""MAPE"": 74.68033408017483, ""R2"": -0.2662802767545438}","{""MAE"": 401.07887866865644, ""MSE"": 261680.8107528183, ""RMSE"": 511.5474667641492, ""MAPE"": 145.25555985085506, ""R2"": 0.026771429535069724}","{""MAE"": 448.5879363072981, ""MSE"": 380541.47867017717, ""RMSE"": 616.8804411473727, ""MAPE"": 81.48277727313398, ""R2"": -0.41528848914573513}","{""MAE"": 162.51100816264514, ""MSE"": 48655.87064605469, ""RMSE"": 220.58075765137514, ""MAPE"": 49.883143643688776, ""R2"": 0.8190418193166028}","{""MAE"": 168.3276692592593, ""MSE"": 48252.45009679006, ""RMSE"": 219.66440334471596, ""MAPE"": 33.137066958658146, ""R2"": 0.820542198359787}"
