ref_article,designation,marque,famille,frequency,next_period,avg_forecast,historical_periods,historical_values,avg_sales,max_sales,min_sales,std_sales,trend_pct,data_points,sma_forecast,es_forecast,lr_forecast,arima_forecast,prophet_forecast,xgb_forecast,sma_metrics,es_metrics,lr_metrics,arima_metrics,prophet_metrics,xgb_metrics
6192488209007,TEINT HZ TRESOR SA 9.11,H. ZONE,TRESOR,monthly,2025-09,1260.5675274178145,"[""2023-06"", ""2023-07"", ""2023-08"", ""2023-09"", ""2023-10"", ""2023-11"", ""2023-12"", ""2024-01"", ""2024-02"", ""2024-03"", ""2024-04"", ""2024-05"", ""2024-06"", ""2024-07"", ""2024-08"", ""2024-09"", ""2024-10"", ""2024-11"", ""2024-12"", ""2025-01"", ""2025-02"", ""2025-03"", ""2025-04"", ""2025-05"", ""2025-06"", ""2025-07"", ""2025-08""]","[236.495, 236.495, 1402.53, 2652.665, 1038.9360000000001, 1270.3709999999999, 1851.496, 685.158, 334.92199999999997, 1637.795, 947.4259999999999, 988.804, 988.804, 1095.666, 893.018, 745.43, 452.211, 293.22, 1401.808, 757.159, 173.977, 1012.477, 634.007, 663.654, 441.35, 1246.509, 1796.134]",958.4635925925924,2652.665,173.977,571.0682963218543,659.4807501215671,27,1161.331,1312.5460611868903,811.4738148148144,1658.0011727043916,1111.7340758007913,1508.3190400000003,"{""MAE"": 454.3828472222223, ""MSE"": 404016.804142764, ""RMSE"": 635.6231620565475, ""MAPE"": 65.25278465735428, ""R2"": -0.28874956908774885}","{""MAE"": 468.26009790572937, ""MSE"": 425152.88767079584, ""RMSE"": 652.037489467282, ""MAPE"": 63.892347768274846, ""R2"": -0.33761775725403553}","{""MAE"": 428.9629288653733, ""MSE"": 319431.42925382406, ""RMSE"": 565.1826512321694, ""MAPE"": 83.22081464583141, ""R2"": 0.020506532367989383}","{""MAE"": 530.6974935822576, ""MSE"": 472807.7828756184, ""RMSE"": 687.6101968961908, ""MAPE"": 70.66926281320049, ""R2"": -0.4498014044956351}","{""MAE"": 199.16448270879022, ""MSE"": 62923.85453347351, ""RMSE"": 250.84627669844636, ""MAPE"": 24.93685066442912, ""R2"": 0.8070524725205125}","{""MAE"": 180.8211125925926, ""MSE"": 55344.211663064205, ""RMSE"": 235.25350510261097, ""MAPE"": 30.99708511098615, ""R2"": 0.8302944268137767}"
