ref_article,designation,marque,famille,frequency,next_period,avg_forecast,historical_periods,historical_values,avg_sales,max_sales,min_sales,std_sales,trend_pct,data_points,sma_forecast,es_forecast,lr_forecast,arima_forecast,prophet_forecast,xgb_forecast,sma_metrics,es_metrics,lr_metrics,arima_metrics,prophet_metrics,xgb_metrics
6192488206112,KIT COLORATION RB SO COLOR 7.13,RENEE BLANCHE,MASS MARKET,monthly,2025-09,4389.383439537454,"[""2022-12"", ""2023-01"", ""2023-02"", ""2023-03"", ""2023-04"", ""2023-05"", ""2023-06"", ""2023-07"", ""2023-08"", ""2023-09"", ""2023-10"", ""2023-11"", ""2023-12"", ""2024-01"", ""2024-02"", ""2024-03"", ""2024-04"", ""2024-05"", ""2024-06"", ""2024-07"", ""2024-08"", ""2024-09"", ""2024-10"", ""2024-11"", ""2024-12"", ""2025-01"", ""2025-02"", ""2025-03"", ""2025-04"", ""2025-05"", ""2025-06"", ""2025-07"", ""2025-08""]","[564.438, 24123.158, 989.776, 882.8249999999999, 3650.6110000000003, 269.67, 3605.1490000000003, 2218.067, 2105.924, 4215.93, 1925.761, 6867.271999999999, 2025.903, 8320.996, 3847.866, 5661.467, 2887.658, 2795.792, 2719.065, 4354.564, 1961.112, 6701.767, 3168.732, 4606.49, 2472.099, 3624.5099999999998, 5833.537, 2257.222, 5354.7, 4320.7660000000005, 4188.889, 4072.169, 4288.673]",4147.9563030303025,24123.158,269.67,3975.6260431960895,659.8129466832495,33,4183.243666666666,4231.3555809596055,3696.6473882575774,4168.424608433814,5823.792192907058,4232.837200000004,"{""MAE"": 1865.4334666666662, ""MSE"": 6364915.049490059, ""RMSE"": 2522.878326334835, ""MAPE"": 90.440926899349, ""R2"": -1.0330218386784926}","{""MAE"": 2439.4946067991064, ""MSE"": 22788560.25950802, ""RMSE"": 4773.736509225035, ""MAPE"": 118.5077704347014, ""R2"": -0.4345341552362707}","{""MAE"": 2221.5693617795605, ""MSE"": 15741702.910145791, ""RMSE"": 3967.5814938254, ""MAPE"": 129.9602841948579, ""R2"": 0.004042840217866939}","{""MAE"": 2722.136476480921, ""MSE"": 28217888.147047684, ""RMSE"": 5312.051218413438, ""MAPE"": 135.87415769918482, ""R2"": -0.785309244774919}","{""MAE"": 1472.848375935871, ""MSE"": 6895234.59586191, ""RMSE"": 2625.8778714673517, ""MAPE"": 57.72836425080647, ""R2"": 0.5637474355014028}","{""MAE"": 1233.8197218181806, ""MSE"": 5046765.934946447, ""RMSE"": 2246.5008201526316, ""MAPE"": 70.55495783394778, ""R2"": 0.6806976541645371}"
