ref_article,designation,marque,famille,frequency,next_period,avg_forecast,historical_periods,historical_values,avg_sales,max_sales,min_sales,std_sales,trend_pct,data_points,sma_forecast,es_forecast,lr_forecast,arima_forecast,prophet_forecast,xgb_forecast,sma_metrics,es_metrics,lr_metrics,arima_metrics,prophet_metrics,xgb_metrics
6192488206150,KIT COLORATION RB SO COLOR 8.0,RENEE BLANCHE,MASS MARKET,monthly,2025-09,5690.159711202598,"[""2022-12"", ""2023-01"", ""2023-02"", ""2023-03"", ""2023-04"", ""2023-05"", ""2023-06"", ""2023-07"", ""2023-08"", ""2023-09"", ""2023-10"", ""2023-11"", ""2023-12"", ""2024-01"", ""2024-02"", ""2024-03"", ""2024-04"", ""2024-05"", ""2024-06"", ""2024-07"", ""2024-08"", ""2024-09"", ""2024-10"", ""2024-11"", ""2024-12"", ""2025-01"", ""2025-02"", ""2025-03"", ""2025-04"", ""2025-05"", ""2025-06"", ""2025-07"", ""2025-08""]","[564.5360000000001, 24508.431999999997, 1025.896, 941.6859999999999, 4194.183, 1182.546, 4519.8330000000005, 2524.404, 2760.823, 6509.861, 2783.5009999999997, 8334.867, 3646.685, 12758.908000000001, 6250.194, 8191.202, 3926.111, 4525.673, 3179.761, 4568.258, 3144.459, 7570.234, 2758.801, 4248.856, 2153.248, 4396.035, 7423.399, 3297.117, 7251.772, 3645.129, 6600.8, 5821.052, 4963.016]",5156.705393939394,24508.431999999997,564.5360000000001,4257.945447361317,779.1318888432269,33,5794.955999999999,5221.9556446441675,4861.49990530303,5453.650729015762,7634.952948252625,5173.943040000004,"{""MAE"": 2373.391666666666, ""MSE"": 9556758.837707141, ""RMSE"": 3091.4007889154623, ""MAPE"": 73.54802029090632, ""R2"": -0.5762713928165795}","{""MAE"": 2929.5593038126535, ""MSE"": 26045952.25437287, ""RMSE"": 5103.523513649454, ""MAPE"": 83.30174915854865, ""R2"": -0.44562635929756667}","{""MAE"": 2726.091417801005, ""MSE"": 18102759.423129737, ""RMSE"": 4254.7337664217885, ""MAPE"": 102.87072158900688, ""R2"": 0.001507990051389907}","{""MAE"": 3164.949273063951, ""MSE"": 31203830.594625957, ""RMSE"": 5586.0389002070115, ""MAPE"": 115.11340914720458, ""R2"": -0.7211064236270668}","{""MAE"": 1755.7119958626815, ""MSE"": 6411657.263779754, ""RMSE"": 2532.125049001284, ""MAPE"": 48.722209886298366, ""R2"": 0.6463528902542179}","{""MAE"": 1439.3061536363632, ""MSE"": 5600205.6134859575, ""RMSE"": 2366.4753566191976, ""MAPE"": 59.83955834464073, ""R2"": 0.691110044141086}"
