ref_article,designation,marque,famille,frequency,next_period,avg_forecast,historical_periods,historical_values,avg_sales,max_sales,min_sales,std_sales,trend_pct,data_points,sma_forecast,es_forecast,lr_forecast,arima_forecast,prophet_forecast,xgb_forecast,sma_metrics,es_metrics,lr_metrics,arima_metrics,prophet_metrics,xgb_metrics
6192488208871,TEINT RENEE BLANCHE 6.11 60ML,RENEE BLANCHE,COLORATION 60ML,monthly,2025-09,687.6309715839201,"[""2023-06"", ""2023-07"", ""2023-08"", ""2023-09"", ""2023-10"", ""2023-11"", ""2023-12"", ""2024-01"", ""2024-02"", ""2024-03"", ""2024-04"", ""2024-05"", ""2024-06"", ""2024-07"", ""2024-08"", ""2024-09"", ""2024-10"", ""2024-11"", ""2024-12"", ""2025-01"", ""2025-02"", ""2025-03"", ""2025-04"", ""2025-05"", ""2025-06"", ""2025-07"", ""2025-08""]","[44.226, 91.892, 136.118, 326.536, 1450.22, 764.1279999999999, 960.934, 327.531, 514.452, 1879.362, 314.959, 553.926, 1182.894, 536.2529999999999, 736.6669999999999, 609.611, 589.444, 311.406, 584.124, 83.979, 602.043, 701.115, 18.962999999999994, 355.524, 612.75, 779.805, 869.976]",590.3273333333334,1879.362,18.962999999999994,419.95547797347035,1867.114367114367,27,754.177,712.0072216811659,605.1025982905984,828.7659556607979,415.98199387095883,809.7510599999994,"{""MAE"": 351.83225, ""MSE"": 228674.74249109265, ""RMSE"": 478.1994798105626, ""MAPE"": 168.6315131232164, ""R2"": -0.40175643552380236}","{""MAE"": 333.1425272827039, ""MSE"": 215524.21864275282, ""RMSE"": 464.2458601245172, ""MAPE"": 176.5556374149305, ""R2"": -0.2586505307461926}","{""MAE"": 299.19945172522955, ""MSE"": 176295.03181542005, ""RMSE"": 419.87501928004724, ""MAPE"": 240.77962880708088, ""R2"": 0.00038314054778376683}","{""MAE"": 357.4203309449959, ""MSE"": 255516.05138068766, ""RMSE"": 505.4859556710628, ""MAPE"": 198.00465586613768, ""R2"": -0.4488108382328979}","{""MAE"": 139.71968151876533, ""MSE"": 35253.1435822524, ""RMSE"": 187.75820509967707, ""MAPE"": 105.99288427001522, ""R2"": 0.8001098708759705}","{""MAE"": 121.19670703703704, ""MSE"": 28342.159558474836, ""RMSE"": 168.351298059964, ""MAPE"": 64.90406756255776, ""R2"": 0.839296092259713}"
