ref_article,designation,marque,famille,frequency,next_period,avg_forecast,historical_periods,historical_values,avg_sales,max_sales,min_sales,std_sales,trend_pct,data_points,sma_forecast,es_forecast,lr_forecast,arima_forecast,prophet_forecast,xgb_forecast,sma_metrics,es_metrics,lr_metrics,arima_metrics,prophet_metrics,xgb_metrics
6192488208949,TEINT IALO 8.11 100ML,H. ZONE,IALO,monthly,2025-09,3359.101112326287,"[""2023-06"", ""2023-09"", ""2023-10"", ""2023-11"", ""2023-12"", ""2024-02"", ""2024-03"", ""2024-04"", ""2024-05"", ""2024-06"", ""2024-07"", ""2024-08"", ""2024-09"", ""2024-10"", ""2024-12"", ""2025-01"", ""2025-02"", ""2025-03"", ""2025-04"", ""2025-05"", ""2025-06"", ""2025-07"", ""2025-08""]","[80.53, 3643.393, 1366.588, 1617.27, 67.108, 2721.198, 8317.806, 1600.042, 2843.96, 2016.836, 2691.277, 2078.185, 1686.31, 3239.2059999999997, 3697.424, 1743.727, 2735.46, 3751.004, 1087.632, 3280.72, 2458.98, 3332.15, 3884.724]",2606.1534782608696,8317.806,67.108,1617.935626376882,4723.946355395505,23,3225.2846666666665,3361.98299949196,3261.694058438068,3632.4462538281946,3080.353375532839,3592.845319999995,"{""MAE"": 1368.8199666666667, ""MSE"": 3857386.120581, ""RMSE"": 1964.0229429874287, ""MAPE"": 205.74972020447922, ""R2"": -0.5173353594182553}","{""MAE"": 1263.8748193819874, ""MSE"": 3674151.382779198, ""RMSE"": 1916.8076019202338, ""MAPE"": 129.23151121342855, ""R2"": -0.5097726690798507}","{""MAE"": 1027.7550167612949, ""MSE"": 2472741.730706339, ""RMSE"": 1572.495383365668, ""MAPE"": 268.55213342546125, ""R2"": 0.05538185865108969}","{""MAE"": 1455.73336663594, ""MSE"": 4476493.113246841, ""RMSE"": 2115.7724625410083, ""MAPE"": 151.56641961617532, ""R2"": -0.7100761280024723}","{""MAE"": 0.4057845732039855, ""MSE"": 0.2638877450048806, ""RMSE"": 0.5137000535379382, ""MAPE"": 0.10134230174712121, ""R2"": 0.9999998991915945}","{""MAE"": 556.3208739130442, ""MSE"": 526659.0779245832, ""RMSE"": 725.7128067800535, ""MAPE"": 101.38953495725093, ""R2"": 0.7988096722209876}"
