ref_article,designation,marque,famille,frequency,next_period,avg_forecast,historical_periods,historical_values,avg_sales,max_sales,min_sales,std_sales,trend_pct,data_points,sma_forecast,es_forecast,lr_forecast,arima_forecast,prophet_forecast,xgb_forecast,sma_metrics,es_metrics,lr_metrics,arima_metrics,prophet_metrics,xgb_metrics
8006569145826,TEINT IALO ROSSO 100ML,H. ZONE,IALO,monthly,2022-05,47.572964325602015,"[""2020-01"", ""2020-05"", ""2020-06"", ""2020-08"", ""2020-09"", ""2021-01"", ""2021-09"", ""2022-04""]","[-230.724, 92.516, 25.636, -37.097, 19.227, 70.176, -6.409, -19.227]",-10.737749999999997,92.516,-230.724,92.60728471042383,-91.66666666666666,8,14.84666666666667,-14.122567031399992,35.30970576540767,0.0,249.40398055293772,0.0,"{""MAE"": 29.308333333333337, ""MSE"": 1479.2630932222223, ""RMSE"": 38.461189441074524, ""MAPE"": 150.7828161095941, ""R2"": -0.06590034340551743}","{""MAE"": 107.16160627714284, ""MSE"": 21950.34167267103, ""RMSE"": 148.15647698521664, ""MAPE"": 263.44337197206613, ""R2"": -10.551507035806052}","{""MAE"": 70.79094251159705, ""MSE"": 8093.291075606365, ""RMSE"": 89.96272047690846, ""MAPE"": 168.67568139006636, ""R2"": 0.0562980362792217}","{""MAE"": 119.68006654469733, ""MSE"": 23532.875898373924, ""RMSE"": 153.40428904816815, ""MAPE"": 299.8067108161394, ""R2"": -1.7440037668024906}","{""MAE"": 0.0013051149810882068, ""MSE"": 2.6168202857072622e-06, ""RMSE"": 0.0016176588904052863, ""MAPE"": 0.0026367956392209946, ""R2"": 0.999999999694871}","{""MAE"": 26.38429749999999, ""MSE"": 1409.9327546097477, ""RMSE"": 37.54907128824557, ""MAPE"": 54.5638939469429, ""R2"": 0.8355976206947706}"
