ref_article,designation,marque,famille,frequency,next_period,avg_forecast,historical_periods,historical_values,avg_sales,max_sales,min_sales,std_sales,trend_pct,data_points,sma_forecast,es_forecast,lr_forecast,arima_forecast,prophet_forecast,xgb_forecast,sma_metrics,es_metrics,lr_metrics,arima_metrics,prophet_metrics,xgb_metrics
8006569145680,TEINT IALO 7.52 100ML,H. ZONE,IALO,monthly,2022-05,21.852090066379006,"[""2020-01"", ""2020-09"", ""2022-04""]","[19.227000000000004, -6.409, -19.227]",-2.1363333333333316,19.227000000000004,-19.227,15.986854794556129,-200.0,3,-2.1363333333333316,-4.153031999999999,0.0,0.0,137.40190573160737,0.0,,"{""MAE"": 28.199600000000004, ""MSE"": 801.7894851200001, ""RMSE"": 28.315887503661262, ""MAPE"": 280.00000000000006, ""R2"": -18.52}","{""MAE"": 5.998024263431568, ""MSE"": 42.71259722703641, ""RMSE"": 6.535487527877045, ""MAPE"": 62.39168110918531, ""R2"": 0.8328794256003961}",,"{""MAE"": 8.416867966420938e-05, ""MSE"": 1.0261907077067203e-08, ""RMSE"": 0.00010130107145073641, ""MAPE"": 0.0010056570802935661, ""R2"": 0.9999999999598485}","{""MAE"": 6.750813333333333, ""MSE"": 46.28910333493335, ""RMSE"": 6.803609581312949, ""MAPE"": 59.111111111111114, ""R2"": 0.8188857142857142}"
