ref_article,designation,marque,famille,frequency,next_period,avg_forecast,historical_periods,historical_values,avg_sales,max_sales,min_sales,std_sales,trend_pct,data_points,sma_forecast,es_forecast,lr_forecast,arima_forecast,prophet_forecast,xgb_forecast,sma_metrics,es_metrics,lr_metrics,arima_metrics,prophet_metrics,xgb_metrics
8006569716569,H.ZONE P.MECHE 400G,H. ZONE,IALO,monthly,2021-02,253.55112794542455,"[""2020-01"", ""2020-02"", ""2020-03"", ""2020-05"", ""2020-06"", ""2020-07"", ""2020-08"", ""2020-11"", ""2020-12"", ""2021-01""]","[1671.8649999999998, 619.905, 2854.215, 11248.35, 2221.062, 4113.915, 1268.54, 162.57600000000002, 19.89, 18.785]",2419.9103,11248.35,18.785,3206.0172080992343,-98.87640449438202,10,67.08366666666667,788.4232224076837,511.8871842105291,19.293134387667884,0.0,134.61955999999992,"{""MAE"": 3257.797095238096, ""MSE"": 18590600.979544397, ""RMSE"": 4311.681920033573, ""MAPE"": 1960.936816242107, ""R2"": -0.3257494145090327}","{""MAE"": 2680.8802798266224, ""MSE"": 13578521.726340435, ""RMSE"": 3684.904574930053, ""MAPE"": 2456.9697102664672, ""R2"": -0.19618489965370145}","{""MAE"": 2019.687852631571, ""MSE"": 9157728.181263888, ""RMSE"": 3026.173851791051, ""MAPE"": 1073.1052765129195, ""R2"": 0.10904442325198349}","{""MAE"": 2569.8739105571335, ""MSE"": 13668831.161223615, ""RMSE"": 3697.138239398632, ""MAPE"": 585.482819664133, ""R2"": -0.32984088517011156}","{""MAE"": 0.12518261198633346, ""MSE"": 0.025602504401109276, ""RMSE"": 0.16000782606206884, ""MAPE"": 0.12898830644222403, ""R2"": 0.9999999975091318}","{""MAE"": 851.5900650000005, ""MSE"": 1816397.4809180547, ""RMSE"": 1347.73791254756, ""MAPE"": 167.38423225532765, ""R2"": 0.8232826490170362}"
