ref_article,designation,marque,famille,frequency,next_period,avg_forecast,historical_periods,historical_values,avg_sales,max_sales,min_sales,std_sales,trend_pct,data_points,sma_forecast,es_forecast,lr_forecast,arima_forecast,prophet_forecast,xgb_forecast,sma_metrics,es_metrics,lr_metrics,arima_metrics,prophet_metrics,xgb_metrics
8006569716217,TEINT IALO MOKA 100ML,H. ZONE,IALO,monthly,2023-09,-4.417864303797253,"[""2020-01"", ""2020-02"", ""2020-06"", ""2020-10"", ""2020-11"", ""2020-12"", ""2021-02"", ""2022-05"", ""2022-08"", ""2023-06"", ""2023-08""]","[-96.135, -40.716, -108.953, 19.227, 83.49600000000001, -25.636, -56.719, -19.224, -5.966, -5.966, -19.227]",-25.074454545454543,83.49600000000001,-108.953,50.34464052971394,-80.0,11,-10.386333333333333,-17.615560766451864,1.4947082770016777,0.0,0.0,0.0,"{""MAE"": 51.473625000000006, ""MSE"": 4424.975664180557, ""RMSE"": 66.52049055877863, ""MAPE"": 236.07163610488055, ""R2"": -1.9714469108478263}","{""MAE"": 43.0542166093827, ""MSE"": 3737.7712843885893, ""RMSE"": 61.13731499165292, ""MAPE"": 165.30164718475012, ""R2"": -0.6741899194872123}","{""MAE"": 32.92228574159804, ""MSE"": 2314.123447915864, ""RMSE"": 48.105337000335666, ""MAPE"": 82.0418483325814, ""R2"": 0.08698053957246332}","{""MAE"": 57.2642983910888, ""MSE"": 4584.859911505076, ""RMSE"": 67.7115936269785, ""MAPE"": 189.3646828395421, ""R2"": -0.8089209226535625}","{""MAE"": 0.0004592680692548418, ""MSE"": 2.7987119248467444e-07, ""RMSE"": 0.0005290285365504156, ""MAPE"": 0.002431575145774171, ""R2"": 0.999999999889579}","{""MAE"": 14.701066363636347, ""MSE"": 330.01505362200857, ""RMSE"": 18.166316457168982, ""MAPE"": 44.74294311355315, ""R2"": 0.8697951198488155}"
