ref_article,designation,marque,famille,frequency,next_period,avg_forecast,historical_periods,historical_values,avg_sales,max_sales,min_sales,std_sales,trend_pct,data_points,sma_forecast,es_forecast,lr_forecast,arima_forecast,prophet_forecast,xgb_forecast,sma_metrics,es_metrics,lr_metrics,arima_metrics,prophet_metrics,xgb_metrics
8006569716224,TEINT IALO CAPPUCCINO 100ML,H. ZONE,IALO,monthly,2021-10,-0.30653152239916004,"[""2020-01"", ""2020-06"", ""2021-02"", ""2021-03"", ""2021-09""]","[6.408999999999992, -12.818, -38.454, 28.836, -12.818]",-5.769000000000001,28.836,-38.454,22.420953307118765,-300.0000000000002,5,-7.478666666666666,-6.101324510000001,0.0,11.740802042271707,0.0,0.0,"{""MAE"": 24.564833333333336, ""MSE"": 973.0508869444445, ""RMSE"": 31.193763590571184, ""MAPE"": 96.75745398102468, ""R2"": -1.2432729461569516}","{""MAE"": 27.988242749999994, ""MSE"": 919.9689400549751, ""RMSE"": 30.330989763853324, ""MAPE"": 124.26414462299111, ""R2"": -0.5806237975934976}","{""MAE"": 17.439864526484737, ""MSE"": 491.77655041027276, ""RMSE"": 22.176035498038704, ""MAPE"": 83.27565486114803, ""R2"": 0.021727899978675635}","{""MAE"": 23.35150084142798, ""MSE"": 900.7249206997664, ""RMSE"": 30.012079579725334, ""MAPE"": 108.49716154718156, ""R2"": -0.7917773000347086}","{""MAE"": 0.0007525893063686339, ""MSE"": 1.0432613702069027e-06, ""RMSE"": 0.001021401669377382, ""MAPE"": 0.004062731945230591, ""R2"": 0.9999999979246804}","{""MAE"": 11.644406000000002, ""MSE"": 180.99874458058008, ""RMSE"": 13.45357738969751, ""MAPE"": 64.45457622070126, ""R2"": 0.6399461873195313}"
