ref_article,designation,marque,famille,frequency,next_period,avg_forecast,historical_periods,historical_values,avg_sales,max_sales,min_sales,std_sales,trend_pct,data_points,sma_forecast,es_forecast,lr_forecast,arima_forecast,prophet_forecast,xgb_forecast,sma_metrics,es_metrics,lr_metrics,arima_metrics,prophet_metrics,xgb_metrics
HZACCOND1000ML,H ZONE ARGAN ACTIVE CONDITIONER 1000ML,H. ZONE,IALO,monthly,2022-07,-0.27624853104445063,"[""2021-06"", ""2021-08"", ""2021-09"", ""2021-10"", ""2021-11"", ""2022-01"", ""2022-06""]","[350.856, 175.428, 1052.568, 175.428, 87.714, -116.952, -100.244]",232.11399999999998,1052.568,-116.952,367.77930229807265,-128.57126570444856,7,-43.160666666666664,41.50317548039996,0.0,0.0,0.0,0.0,"{""MAE"": 358.8615, ""MSE"": 149592.331683, ""RMSE"": 386.77167900843, ""MAPE"": 314.23618038652353, ""R2"": -8.70313950679148}","{""MAE"": 389.5601527933334, ""MSE"": 184453.1221535022, ""RMSE"": 429.4800602513488, ""MAPE"": 235.26791526896594, ""R2"": -0.18953192312458222}","{""MAE"": 227.0756285714277, ""MSE"": 95689.46358925717, ""RMSE"": 309.33713580696576, ""MAPE"": 98.19907339802808, ""R2"": 0.2925600995627792}","{""MAE"": 368.2303652188581, ""MSE"": 186869.10441301632, ""RMSE"": 432.28359257901093, ""MAPE"": 197.01066816623404, ""R2"": -0.3815383184526342}","{""MAE"": 0.011417332526739139, ""MSE"": 0.00024652525662028523, ""RMSE"": 0.015701122782154315, ""MAPE"": 0.008117419359572553, ""R2"": 0.9999999981774189}","{""MAE"": 129.24386285714283, ""MSE"": 29020.40858290755, ""RMSE"": 170.35377478326552, ""MAPE"": 61.10711578035304, ""R2"": 0.7854497852902118}"
