ref_article,designation,marque,famille,frequency,next_period,avg_forecast,historical_periods,historical_values,avg_sales,max_sales,min_sales,std_sales,trend_pct,data_points,sma_forecast,es_forecast,lr_forecast,arima_forecast,prophet_forecast,xgb_forecast,sma_metrics,es_metrics,lr_metrics,arima_metrics,prophet_metrics,xgb_metrics
HZACSH300ML,H ZONE ARGAN ACTIVE SHAMPOO 300ML,H. ZONE,IALO,monthly,2022-08,375.43902621807246,"[""2021-06"", ""2021-07"", ""2021-08"", ""2021-09"", ""2021-10"", ""2021-11"", ""2021-12"", ""2022-01"", ""2022-02"", ""2022-03"", ""2022-04"", ""2022-05"", ""2022-06"", ""2022-07""]","[1559.062, 768.852, 845.7379999999999, 1793.9879999999998, 721.867, 1020.865, 427.14, 294.727, 1025.136, 38.443, 170.856, 495.483, 170.856, 512.568]",703.2557857142856,1793.9879999999998,38.443,498.78968576376076,-67.123308758728,14,392.969,448.04482641297034,73.03627472527296,315.4013346038897,602.8342015663018,420.3485199999996,"{""MAE"": 371.09403030303025, ""MSE"": 191871.12341744444, ""RMSE"": 438.0309617109782, ""MAPE"": 195.70401169793087, ""R2"": 0.19540841065077452}","{""MAE"": 457.64953661431696, ""MSE"": 270287.8802412223, ""RMSE"": 519.892181361888, ""MAPE"": 244.5956588817018, ""R2"": -0.3041232797040989}","{""MAE"": 324.5137934065929, ""MSE"": 134051.2347041786, ""RMSE"": 366.13007893941, ""MAPE"": 135.6243233977691, ""R2"": 0.46118969920034003}","{""MAE"": 539.7651292752619, ""MSE"": 412118.45186911133, ""RMSE"": 641.9645253977134, ""MAPE"": 186.7862998613685, ""R2"": -0.6564835639649966}","{""MAE"": 0.025730440549382245, ""MSE"": 0.0010471368450820707, ""RMSE"": 0.03235949389409653, ""MAPE"": 0.016793594997020152, ""R2"": 0.9999999957911009}","{""MAE"": 169.1810299999997, ""MSE"": 41195.72259197005, ""RMSE"": 202.96729438993378, ""MAPE"": 75.95467819227608, ""R2"": 0.8344164473350665}"
