ref_article,designation,marque,famille,frequency,next_period,avg_forecast,historical_periods,historical_values,avg_sales,max_sales,min_sales,std_sales,trend_pct,data_points,sma_forecast,es_forecast,lr_forecast,arima_forecast,prophet_forecast,xgb_forecast,sma_metrics,es_metrics,lr_metrics,arima_metrics,prophet_metrics,xgb_metrics
HZAS,H ZONE AGELESS SERUM 50ML,H. ZONE,IALO,monthly,2021-03,123.3462119020325,"[""2020-01"", ""2020-02"", ""2020-03"", ""2020-05"", ""2020-06"", ""2020-07"", ""2020-08"", ""2020-09"", ""2020-10"", ""2020-12"", ""2021-02""]","[247.68, 123.84, 172.86, 454.08000000000004, 126.42, 41.28, -198.66, 41.28, 82.56, 41.28, 82.56]",110.47090909090907,454.08000000000004,-198.66,151.5679112989857,-66.66666666666666,11,68.8,70.0988757259932,0.0,72.08089718761737,460.08249849858424,69.0150000000001,"{""MAE"": 159.85250000000002, ""MSE"": 40121.35855, ""RMSE"": 200.30316660003155, ""MAPE"": 167.03555001546073, ""R2"": -0.4320470684512021}","{""MAE"": 122.35577324857202, ""MSE"": 28113.661727717514, ""RMSE"": 167.67129070809204, ""MAPE"": 111.15566692348739, ""R2"": -0.21183660615344246}","{""MAE"": 86.51842489061731, ""MSE"": 18427.61400291687, ""RMSE"": 135.74834806699076, ""MAPE"": 65.84417513094472, ""R2"": 0.19785187063331078}","{""MAE"": 155.42983741839623, ""MSE"": 33595.023166301355, ""RMSE"": 183.28945186862597, ""MAPE"": 153.1583695973209, ""R2"": -0.46238058734102205}","{""MAE"": 0.0028143595465738, ""MSE"": 1.5200904366176976e-05, ""RMSE"": 0.0038988337187134533, ""MAPE"": 0.004162070626102158, ""R2"": 0.9999999993383095}","{""MAE"": 42.656781818181805, ""MSE"": 2913.95570802545, ""RMSE"": 53.98106805191474, ""MAPE"": 39.306996835060666, ""R2"": 0.8731564422892722}"
