ref_article,designation,marque,famille,frequency,next_period,avg_forecast,historical_periods,historical_values,avg_sales,max_sales,min_sales,std_sales,trend_pct,data_points,sma_forecast,es_forecast,lr_forecast,arima_forecast,prophet_forecast,xgb_forecast,sma_metrics,es_metrics,lr_metrics,arima_metrics,prophet_metrics,xgb_metrics
HZD,H ZONE CREME DECOLORANTE 150ML,H. ZONE,IALO,monthly,2021-12,145.2614752451576,"[""2020-01"", ""2020-03"", ""2020-05"", ""2020-10"", ""2020-11"", ""2020-12"", ""2021-02"", ""2021-04"", ""2021-08"", ""2021-11""]","[223.008, 459.954, 223.008, 111.504, 250.884, 111.504, 334.512, 111.504, 139.38, 69.69]",203.4948,459.954,69.69,115.47529957596993,-68.75,10,106.858,124.55574496230656,77.71840959651126,114.4977627756911,350.0941741364368,97.84476,"{""MAE"": 108.18542857142857, ""MSE"": 15303.989044, ""RMSE"": 123.70929247231187, ""MAPE"": 89.40476190476188, ""R2"": -0.9714561343774828}","{""MAE"": 117.05878211539331, ""MSE"": 17083.966354083317, ""RMSE"": 130.70564775128625, ""MAPE"": 78.38098456217732, ""R2"": -0.15673298880870612}","{""MAE"": 78.17500449291185, ""MSE"": 8692.411931792723, ""RMSE"": 93.23310534243039, ""MAPE"": 41.71745591134927, ""R2"": 0.3481283347695555}","{""MAE"": 131.02919473684938, ""MSE"": 23184.49471646974, ""RMSE"": 152.26455502338598, ""MAPE"": 76.70304646457893, ""R2"": -0.7386791257641883}","{""MAE"": 0.0027935498089092905, ""MSE"": 1.05321388079635e-05, ""RMSE"": 0.003245325685961811, ""MAPE"": 0.0017254811631308522, ""R2"": 0.9999999992101614}","{""MAE"": 49.66109400000016, ""MSE"": 3038.99987743741, ""RMSE"": 55.12712469771492, ""MAPE"": 28.13452020202032, ""R2"": 0.7720957167832161}"
