ref_article,designation,marque,famille,frequency,next_period,avg_forecast,historical_periods,historical_values,avg_sales,max_sales,min_sales,std_sales,trend_pct,data_points,sma_forecast,es_forecast,lr_forecast,arima_forecast,prophet_forecast,xgb_forecast,sma_metrics,es_metrics,lr_metrics,arima_metrics,prophet_metrics,xgb_metrics
HZKAS1000ML,H ZONE KERATINE ACTIVE SHAMPOO 1000ML,H. ZONE,IALO,monthly,2023-03,176.1474967560215,"[""2021-06"", ""2021-08"", ""2021-09"", ""2021-10"", ""2021-11"", ""2021-12"", ""2022-02"", ""2023-02""]","[379.356, 379.356, 2655.492, 379.356, 94.839, 1138.068, 784.002, -252.9]",694.6961249999999,2655.492,-252.9,837.0603168306388,-166.66561224812577,8,556.39,254.30164456919988,0.0,152.426445966929,0.0,93.76689000000015,"{""MAE"": 613.7128, ""MSE"": 517953.57241520006, ""RMSE"": 719.6899140707754, ""MAPE"": 341.12447928699726, ""R2"": -1.1439912852170182}","{""MAE"": 752.6613486685716, ""MSE"": 1079928.0048168031, ""RMSE"": 1039.1958452653682, ""MAPE"": 217.72895218844278, ""R2"": -0.3765274327730288}","{""MAE"": 609.6595876409774, ""MSE"": 600690.3055401035, ""RMSE"": 775.0421314613184, ""MAPE"": 164.53388808566027, ""R2"": 0.1426915269394814}","{""MAE"": 934.114058949535, ""MSE"": 1360964.613259432, ""RMSE"": 1166.6038801836003, ""MAPE"": 296.00596966690705, ""R2"": -0.9423761024972073}","{""MAE"": 0.013090393249509447, ""MSE"": 0.00022075708114384747, ""RMSE"": 0.014857896255656367, ""MAPE"": 0.004191782031143955, ""R2"": 0.9999999996849342}","{""MAE"": 362.5535549999999, ""MSE"": 183174.38599371936, ""RMSE"": 427.98876853688506, ""MAPE"": 90.6322058609604, ""R2"": 0.7385725194634601}"
