ref_article,designation,marque,famille,frequency,next_period,avg_forecast,historical_periods,historical_values,avg_sales,max_sales,min_sales,std_sales,trend_pct,data_points,sma_forecast,es_forecast,lr_forecast,arima_forecast,prophet_forecast,xgb_forecast,sma_metrics,es_metrics,lr_metrics,arima_metrics,prophet_metrics,xgb_metrics
HZKACOND1000ML,H ZONE KERATINE ACTIVE CONDITIONER 1000ML,H. ZONE,IALO,monthly,2022-10,144.8394552957531,"[""2021-06"", ""2021-09"", ""2021-10"", ""2021-11"", ""2022-02"", ""2022-09""]","[350.856, 1754.28, 175.428, 87.714, 350.856, 100.24499999999999]",469.8965,1754.28,87.714,584.1517566242953,-71.42844927833642,6,179.605,254.09304086399996,37.63854882571104,228.78775208480752,0.0,168.91239000000016,"{""MAE"": 366.171, ""MSE"": 188854.38794699998, ""RMSE"": 434.57380034581007, ""MAPE"": 320.8330423795035, ""R2"": -11.856312350288478}","{""MAE"": 581.92165632, ""MSE"": 537478.4894407041, ""RMSE"": 733.1292447043046, ""MAPE"": 267.0016466856202, ""R2"": -0.32358117817044874}","{""MAE"": 394.6691483312737, ""MSE"": 300610.0091101965, ""RMSE"": 548.2791343013123, ""MAPE"": 147.84604590746667, ""R2"": 0.11904837148358982}","{""MAE"": 654.8575312932066, ""MSE"": 656921.3524446423, ""RMSE"": 810.5068491040913, ""MAPE"": 312.5451737091092, ""R2"": -0.9251386105083639}","{""MAE"": 0.008519579313852907, ""MSE"": 8.430710447821515e-05, ""RMSE"": 0.009181890027560511, ""MAPE"": 0.004087909746090473, ""R2"": 0.9999999997529341}","{""MAE"": 273.124665, ""MSE"": 108207.74241933973, ""RMSE"": 328.9494526813196, ""MAPE"": 123.92492767719088, ""R2"": 0.6828921725375505}"
