ref_article,designation,marque,famille,frequency,next_period,avg_forecast,historical_periods,historical_values,avg_sales,max_sales,min_sales,std_sales,trend_pct,data_points,sma_forecast,es_forecast,lr_forecast,arima_forecast,prophet_forecast,xgb_forecast,sma_metrics,es_metrics,lr_metrics,arima_metrics,prophet_metrics,xgb_metrics
HZKAM200ML,H ZONE KERATINE ACTIVE DEEP REPAIR MASK 200ML,H. ZONE,IALO,monthly,2022-10,217.03504400773014,"[""2021-06"", ""2021-07"", ""2021-08"", ""2021-09"", ""2021-10"", ""2021-11"", ""2021-12"", ""2022-02"", ""2022-03"", ""2022-09""]","[869.5110000000001, 395.232, 98.80799999999999, 790.464, 197.616, 247.02, 395.232, 98.808, 197.616, 382.05800000000005]",367.23650000000004,869.5110000000001,98.80799999999999,254.81175741054417,-56.06059037781006,10,226.16066666666669,332.54933186925507,141.32685341477008,291.19145209568836,0.0,310.9819600000007,"{""MAE"": 154.3287142857143, ""MSE"": 33969.11198128572, ""RMSE"": 184.30711321402038, ""MAPE"": 65.42693480346286, ""R2"": 0.24363880045850572}","{""MAE"": 285.1333413680789, ""MSE"": 115254.03327024508, ""RMSE"": 339.4908441626152, ""MAPE"": 167.11023052376964, ""R2"": -1.8112296361039966}","{""MAE"": 205.48710860633014, ""MSE"": 56900.87743699308, ""RMSE"": 238.53904803405476, ""MAPE"": 92.98974888285217, ""R2"": 0.12364506393594543}","{""MAE"": 353.5490158563275, ""MSE"": 176917.22065201303, ""RMSE"": 420.615288181508, ""MAPE"": 139.20498471843356, ""R2"": -1.7247783615429304}","{""MAE"": 0.006551852797291246, ""MSE"": 5.3596924150999304e-05, ""RMSE"": 0.0073209920195967506, ""MAPE"": 0.002337386518330415, ""R2"": 0.9999999991745306}","{""MAE"": 103.86044200000018, ""MSE"": 17973.70184459691, ""RMSE"": 134.06603538777787, ""MAPE"": 36.75899003363647, ""R2"": 0.7231792717379846}"
