ref_article,designation,marque,famille,frequency,next_period,avg_forecast,historical_periods,historical_values,avg_sales,max_sales,min_sales,std_sales,trend_pct,data_points,sma_forecast,es_forecast,lr_forecast,arima_forecast,prophet_forecast,xgb_forecast,sma_metrics,es_metrics,lr_metrics,arima_metrics,prophet_metrics,xgb_metrics
HZODRYNS200ML,H.Z OPTION DRYNESS  SHAMPOO CHEVEUX SEC 200ML,H. ZONE,IALO,monthly,2021-09,20.794724562580026,"[""2020-01"", ""2020-02"", ""2020-03"", ""2020-05"", ""2020-06"", ""2020-07"", ""2020-08"", ""2020-09"", ""2020-10"", ""2021-02"", ""2021-08""]","[127.5, 357.0, -24.735, 111.01, 255.0, 34.0, 229.5, 51.0, -25.5, 25.5, -49.47]",99.16409090909092,357.0,-49.47,125.65162338093552,-138.79999999999998,11,-16.49,5.806932500401485,0.0,0.0,135.45141487507865,0.0,"{""MAE"": 87.943125, ""MSE"": 8585.355412152778, ""RMSE"": 92.65719298658242, ""MAPE"": 184.2866060158702, ""R2"": 0.21726113168858474}","{""MAE"": 125.67024649028497, ""MSE"": 19597.64569618708, ""RMSE"": 139.99159151958762, ""MAPE"": 268.78017999924026, ""R2"": -0.13419902898568226}","{""MAE"": 84.84691338160361, ""MSE"": 11229.987555071048, ""RMSE"": 105.97163561572053, ""MAPE"": 151.87214090599787, ""R2"": 0.2887159548150534}","{""MAE"": 127.74910962402929, ""MSE"": 22823.55898218955, ""RMSE"": 151.0746801492214, ""MAPE"": 240.92530811312946, ""R2"": -0.44559673630611596}","{""MAE"": 0.0020029090167642235, ""MSE"": 4.969677978006964e-06, ""RMSE"": 0.002229277456488304, ""MAPE"": 0.004472394987466369, ""R2"": 0.9999999996852309}","{""MAE"": 50.998609090909106, ""MSE"": 3814.9425907609107, ""RMSE"": 61.76522153089804, ""MAPE"": 88.60895362788128, ""R2"": 0.7583694741603306}"
