ref_article,designation,marque,famille,frequency,next_period,avg_forecast,historical_periods,historical_values,avg_sales,max_sales,min_sales,std_sales,trend_pct,data_points,sma_forecast,es_forecast,lr_forecast,arima_forecast,prophet_forecast,xgb_forecast,sma_metrics,es_metrics,lr_metrics,arima_metrics,prophet_metrics,xgb_metrics
HZOMRDR200ML,H.Z OPTION RAINBOW MASQUE CHEVEUX COLORES 200ML,H. ZONE,IALO,monthly,2021-09,396.50801194935093,"[""2020-01"", ""2020-02"", ""2020-03"", ""2020-05"", ""2020-06"", ""2020-07"", ""2021-02"", ""2021-08""]","[296.31, 253.98, -41.055, 1.2749999999999986, 28.22, -14.11, 28.22, -54.74]",62.262499999999996,296.31,-54.74,126.37639237610797,-118.47389558232932,8,-13.543333333333335,-1.2164441562000157,0.0,0.0,2393.807849185639,0.0,"{""MAE"": 62.76966666666666, ""MSE"": 7125.080016111109, ""RMSE"": 84.41018905387612, ""MAPE"": 2729.3279702661607, ""R2"": -6.476278999652817}","{""MAE"": 130.75608445999998, ""MSE"": 25466.523091087678, ""RMSE"": 159.58233953382083, ""MAPE"": 2402.375041880746, ""R2"": -1.735636050525308}","{""MAE"": 92.40564273789657, ""MSE"": 10702.543051992918, ""RMSE"": 103.45309590337506, ""MAPE"": 1039.6632560027458, ""R2"": 0.32987614774180596}","{""MAE"": 106.74213634020356, ""MSE"": 23663.585666341212, ""RMSE"": 153.82972946196458, ""MAPE"": 458.0019998091564, ""R2"": -0.4816603033442157}","{""MAE"": 0.001169596606264811, ""MSE"": 2.470905661807534e-06, ""RMSE"": 0.0015719114675475632, ""MAPE"": 0.035920779305077366, ""R2"": 0.9999999998452879}","{""MAE"": 27.58993749999999, ""MSE"": 1674.1471127037466, ""RMSE"": 40.916342855926736, ""MAPE"": 102.81673510813431, ""R2"": 0.8951757627171552}"
