ref_article,designation,marque,famille,frequency,next_period,avg_forecast,historical_periods,historical_values,avg_sales,max_sales,min_sales,std_sales,trend_pct,data_points,sma_forecast,es_forecast,lr_forecast,arima_forecast,prophet_forecast,xgb_forecast,sma_metrics,es_metrics,lr_metrics,arima_metrics,prophet_metrics,xgb_metrics
HZONETN/5.0,TEINT H ZONE S/A100ML 5.0 NEW,H. ZONE,IALO,monthly,2022-04,16.33544134630702,"[""2020-01"", ""2020-02"", ""2020-03"", ""2020-05"", ""2020-06"", ""2020-07"", ""2020-08"", ""2020-09"", ""2020-10"", ""2020-11"", ""2020-12"", ""2021-01"", ""2021-02"", ""2021-03"", ""2021-04"", ""2021-05"", ""2021-06"", ""2021-08"", ""2021-10"", ""2022-02"", ""2022-03""]","[240.35000000000002, 48.45, 173.85000000000002, 145.35000000000002, 103.74000000000001, 145.35000000000002, 242.25, 169.57500000000002, 250.32500000000002, 242.25, -48.45, 96.9, -32.3, 139.65, 62.225, -21.375, -24.225, 0.0, -8.075, -42.75, -24.225]",88.51738095238096,250.32500000000002,-48.45,104.03270219158708,-110.07905138339922,21,-25.01666666666667,-14.433353970248376,0.0,0.0,137.46266871475717,0.0,"{""MAE"": 57.70018518518518, ""MSE"": 7864.46845339506, ""RMSE"": 88.68183835146326, ""MAPE"": 125.3468212843933, ""R2"": 0.26721148179927645}","{""MAE"": 69.59698897023834, ""MSE"": 8954.576104951655, ""RMSE"": 94.62862201760974, ""MAPE"": 164.2747704393355, ""R2"": 0.11809317108385453}","{""MAE"": 57.56690969124415, ""MSE"": 5870.258544899325, ""RMSE"": 76.6176124980368, ""MAPE"": 99.2375553933239, ""R2"": 0.45760275993696553}","{""MAE"": 71.86426224927024, ""MSE"": 11352.937830375859, ""RMSE"": 106.55016579234336, ""MAPE"": 127.22713200803426, ""R2"": -0.04898312377631164}","{""MAE"": 4.86242768049627, ""MSE"": 135.59972526543166, ""RMSE"": 11.644729505893714, ""MAPE"": 8.732548976578821, ""R2"": 0.9874709237804896}","{""MAE"": 28.320947619047605, ""MSE"": 1341.1363219492866, ""RMSE"": 36.62152812143817, ""MAPE"": 45.19444908396011, ""R2"": 0.8760823507159414}"
