ref_article,designation,marque,famille,frequency,next_period,avg_forecast,historical_periods,historical_values,avg_sales,max_sales,min_sales,std_sales,trend_pct,data_points,sma_forecast,es_forecast,lr_forecast,arima_forecast,prophet_forecast,xgb_forecast,sma_metrics,es_metrics,lr_metrics,arima_metrics,prophet_metrics,xgb_metrics
HZONETN/6.0,TEINT H ZONE S/A100ML 6.0 NEW,H. ZONE,IALO,monthly,2022-12,-12.482498399145895,"[""2020-01"", ""2020-02"", ""2020-03"", ""2020-05"", ""2020-06"", ""2020-07"", ""2020-08"", ""2020-09"", ""2020-10"", ""2020-11"", ""2020-12"", ""2021-01"", ""2021-04"", ""2021-05"", ""2021-06"", ""2021-07"", ""2021-10"", ""2022-02"", ""2022-11""]","[477.375, 96.9, 420.375, 202.35000000000002, 152.19, 145.35000000000002, 468.82500000000005, 125.4, 492.57500000000005, 161.5, -16.15, 104.975, 48.45, -42.75, -48.45, 48.45, -24.225, -142.5, -7.124]",140.18505263157897,492.57500000000005,-142.5,187.9486307312029,-101.49232783451166,19,-57.949666666666666,-16.9453237282087,0.0,0.0,0.0,0.0,"{""MAE"": 127.5494375, ""MSE"": 23341.499294159727, ""RMSE"": 152.77925020813439, ""MAPE"": 220.4210315038985, ""R2"": 0.18188443210188932}","{""MAE"": 154.55967562021968, ""MSE"": 32234.824037910563, ""RMSE"": 179.54059161624303, ""MAPE"": 250.53662730487355, ""R2"": -0.052746145793915344}","{""MAE"": 111.8383777917198, ""MSE"": 19514.20124005974, ""RMSE"": 139.69323977938137, ""MAPE"": 260.85840088205504, ""R2"": 0.4475761157747249}","{""MAE"": 144.77357788186475, ""MSE"": 40668.96039584398, ""RMSE"": 201.66546654259867, ""MAPE"": 263.10937285928486, ""R2"": -0.15129001658318586}","{""MAE"": 0.003138964917710181, ""MSE"": 1.30288717714518e-05, ""RMSE"": 0.003609552849239335, ""MAPE"": 0.007523468409397116, ""R2"": 0.9999999996311681}","{""MAE"": 53.82236736842106, ""MSE"": 4860.465726297895, ""RMSE"": 69.71704042985398, ""MAPE"": 80.27332292071713, ""R2"": 0.8624059820520183}"
