ref_article,designation,marque,famille,frequency,next_period,avg_forecast,historical_periods,historical_values,avg_sales,max_sales,min_sales,std_sales,trend_pct,data_points,sma_forecast,es_forecast,lr_forecast,arima_forecast,prophet_forecast,xgb_forecast,sma_metrics,es_metrics,lr_metrics,arima_metrics,prophet_metrics,xgb_metrics
HZONETN/8.01,TEINT H ZONE S/A100ML 8.01 NEW,H. ZONE,IALO,monthly,2022-12,6.84591847336603,"[""2020-01"", ""2020-03"", ""2020-05"", ""2020-06"", ""2020-07"", ""2020-08"", ""2020-09"", ""2020-10"", ""2020-12"", ""2021-01"", ""2021-03"", ""2021-04"", ""2021-05"", ""2021-06"", ""2022-02"", ""2022-11""]","[1140.0, 242.25, 678.3000000000001, 238.83, 96.9, 702.525, 314.925, 48.45, -40.375, 40.375, 260.77500000000003, 487.35, 290.7, 80.75, -56.525, -42.744]",280.155375,1140.0,-56.525,319.07115202997335,-103.74947368421053,16,-6.172999999999999,47.24851084019618,0.0,0.0,0.0,0.0,"{""MAE"": 257.5518461538462, ""MSE"": 85739.50742584615, ""RMSE"": 292.81309298910486, ""MAPE"": 294.45692633680494, ""R2"": -0.8120686539482915}","{""MAE"": 314.72248170191324, ""MSE"": 145864.0067703822, ""RMSE"": 381.9214667577383, ""MAPE"": 326.727427991493, ""R2"": -1.603844072230035}","{""MAE"": 218.97359444247863, ""MSE"": 68257.12861761097, ""RMSE"": 261.26065263948755, ""MAPE"": 205.96232544989624, ""R2"": 0.32953990536054334}","{""MAE"": 324.59711542424253, ""MSE"": 191385.86714820942, ""RMSE"": 437.4767046920435, ""MAPE"": 234.79440883936422, ""R2"": -0.8799001540146256}","{""MAE"": 0.0077554103184018786, ""MSE"": 9.435201634696074e-05, ""RMSE"": 0.00971349660765683, ""MAPE"": 0.009705505309304637, ""R2"": 0.9999999990732211}","{""MAE"": 104.32612999999998, ""MSE"": 19610.219991900725, ""RMSE"": 140.03649521428594, ""MAPE"": 61.827428197078326, ""R2"": 0.8073773359947923}"
