ref_article,designation,marque,famille,frequency,next_period,avg_forecast,historical_periods,historical_values,avg_sales,max_sales,min_sales,std_sales,trend_pct,data_points,sma_forecast,es_forecast,lr_forecast,arima_forecast,prophet_forecast,xgb_forecast,sma_metrics,es_metrics,lr_metrics,arima_metrics,prophet_metrics,xgb_metrics
HZONETN/5.56,TEINT H ZONE S/A100ML 5.56 NEW,H. ZONE,IALO,monthly,2022-12,-3.6339189824968767,"[""2020-01"", ""2020-02"", ""2020-03"", ""2020-05"", ""2020-08"", ""2020-09"", ""2020-10"", ""2020-11"", ""2021-01"", ""2021-03"", ""2021-04"", ""2021-05"", ""2021-06"", ""2022-03"", ""2022-11""]","[113.05000000000001, 24.225, 40.375, 0.0, 72.67500000000001, 48.45, 104.97500000000001, 145.35000000000002, 24.225, 22.8, 145.35, -32.3, 0.0, -32.3, -21.372]",43.70020000000001,145.35000000000002,-32.3,58.25448097694575,-118.90490933215392,15,-17.890666666666664,-3.9128472283145967,0.0,0.0,0.0,0.0,"{""MAE"": 57.739138888888895, ""MSE"": 4046.20841325, ""RMSE"": 63.609813812414195, ""MAPE"": 138.6612515428531, ""R2"": -0.06658189336468312}","{""MAE"": 59.75661747324799, ""MSE"": 4317.420287479714, ""RMSE"": 65.7070794319738, ""MAPE"": 159.89100391821165, ""R2"": -0.3211533811169618}","{""MAE"": 41.652760577802106, ""MSE"": 2705.7572494849965, ""RMSE"": 52.016893885400314, ""MAPE"": 75.84490587609083, ""R2"": 0.20268459308586217}","{""MAE"": 60.98576530356969, ""MSE"": 5192.926266452952, ""RMSE"": 72.06196130034868, ""MAPE"": 147.98313636440298, ""R2"": -0.5302186180966968}","{""MAE"": 0.0026760654130084066, ""MSE"": 9.286375778939206e-06, ""RMSE"": 0.003047355538649733, ""MAPE"": 0.007326841292472128, ""R2"": 0.9999999972635496}","{""MAE"": 18.72082999999997, ""MSE"": 578.5414419717521, ""RMSE"": 24.052888433029246, ""MAPE"": 49.0624063935288, ""R2"": 0.8295190725959626}"
