ref_article,designation,marque,famille,frequency,next_period,avg_forecast,historical_periods,historical_values,avg_sales,max_sales,min_sales,std_sales,trend_pct,data_points,sma_forecast,es_forecast,lr_forecast,arima_forecast,prophet_forecast,xgb_forecast,sma_metrics,es_metrics,lr_metrics,arima_metrics,prophet_metrics,xgb_metrics
HZONETN/7.83,TEINT H ZONE S/A100ML 7.83 NEW,H. ZONE,IALO,monthly,2024-03,4.802437503658041,"[""2020-01"", ""2020-02"", ""2020-03"", ""2020-05"", ""2020-08"", ""2020-09"", ""2020-10"", ""2020-11"", ""2020-12"", ""2021-02"", ""2021-03"", ""2021-04"", ""2021-05"", ""2021-06"", ""2022-03"", ""2022-11"", ""2024-02""]","[193.8, 24.225, 96.9, 24.225, 96.9, 52.725, 64.6, 24.225, -40.375, -24.225, 24.225, 32.3, -29.45, 8.075000000000003, -48.45, -21.372, -8.075]",27.66194117647059,193.8,-48.45,59.25627153948556,-104.16666666666666,17,-25.965666666666667,-10.566529325341374,0.0,0.0,65.34682101395629,0.0,"{""MAE"": 37.28764285714286, ""MSE"": 2059.914092579365, ""RMSE"": 45.38627647846169, ""MAPE"": 123.33015005288456, ""R2"": -0.23021571636941074}","{""MAE"": 46.67511102880246, ""MSE"": 4182.486493848492, ""RMSE"": 64.67214619794592, ""MAPE"": 157.05913834298414, ""R2"": -1.203829551454552}","{""MAE"": 37.88437004670623, ""MSE"": 2390.20431335829, ""RMSE"": 48.88971582406969, ""MAPE"": 128.38372949572909, ""R2"": 0.31928333612518245}","{""MAE"": 52.24427849156715, ""MSE"": 5415.469880778546, ""RMSE"": 73.58987621119189, ""MAPE"": 159.94414052239426, ""R2"": -0.5422951795190483}","{""MAE"": 0.0008927489072067039, ""MSE"": 1.0664948437751627e-06, ""RMSE"": 0.0010327123722388353, ""MAPE"": 0.003761439250676158, ""R2"": 0.9999999996962683}","{""MAE"": 17.120172352941196, ""MSE"": 559.0876539458783, ""RMSE"": 23.645034445859416, ""MAPE"": 52.02219744672567, ""R2"": 0.8407749996597935}"
