ref_article,designation,marque,famille,frequency,next_period,avg_forecast,historical_periods,historical_values,avg_sales,max_sales,min_sales,std_sales,trend_pct,data_points,sma_forecast,es_forecast,lr_forecast,arima_forecast,prophet_forecast,xgb_forecast,sma_metrics,es_metrics,lr_metrics,arima_metrics,prophet_metrics,xgb_metrics
HZONETN/5.55,TEINT H ZONE S/A100ML 5.55 NEW,H. ZONE,IALO,monthly,2022-12,-8.63708871134592,"[""2020-01"", ""2020-02"", ""2020-03"", ""2020-05"", ""2020-08"", ""2020-09"", ""2020-10"", ""2020-11"", ""2021-02"", ""2021-04"", ""2021-05"", ""2021-06"", ""2021-12"", ""2022-03"", ""2022-11""]","[121.125, 48.45, 48.45, 24.225, 193.8, 48.45, 88.82500000000002, 96.9, 48.45, 79.325, -7.125, 24.225, -48.45, -48.45, -21.372]",46.455200000000005,193.8,-48.45,62.820385241522786,-117.64458204334368,15,-39.424,-12.398532268075513,0.0,0.0,0.0,0.0,"{""MAE"": 42.16969444444445, ""MSE"": 3625.4818076944443, ""RMSE"": 60.21197395613637, ""MAPE"": 159.528456101892, ""R2"": 0.18063371944331097}","{""MAE"": 50.75128841593215, ""MSE"": 3857.121060983363, ""RMSE"": 62.10572486480906, ""MAPE"": 179.39033779845676, ""R2"": -0.014608900673528158}","{""MAE"": 38.55262750000004, ""MSE"": 2251.3342231320844, ""RMSE"": 47.44822676488642, ""MAPE"": 101.1315835297919, ""R2"": 0.42952215546581607}","{""MAE"": 53.090649260819184, ""MSE"": 4268.611603624772, ""RMSE"": 65.3346126002502, ""MAPE"": 143.6181744705919, ""R2"": -0.0816467505218561}","{""MAE"": 0.00103845191501127, ""MSE"": 1.4765284166577517e-06, ""RMSE"": 0.0012151248564068434, ""MAPE"": 0.0038968828812150766, ""R2"": 0.9999999996258544}","{""MAE"": 16.889198000000018, ""MSE"": 511.0890254695276, ""RMSE"": 22.60727815261111, ""MAPE"": 50.217867999568874, ""R2"": 0.8704923673174995}"
