ref_article,designation,marque,famille,frequency,next_period,avg_forecast,historical_periods,historical_values,avg_sales,max_sales,min_sales,std_sales,trend_pct,data_points,sma_forecast,es_forecast,lr_forecast,arima_forecast,prophet_forecast,xgb_forecast,sma_metrics,es_metrics,lr_metrics,arima_metrics,prophet_metrics,xgb_metrics
HZONETN/6.56,TEINT H ZONE S/A100ML 6.56 NEW,H. ZONE,IALO,monthly,2022-12,-11.268134385244892,"[""2020-01"", ""2020-02"", ""2020-03"", ""2020-05"", ""2020-06"", ""2020-07"", ""2020-08"", ""2020-09"", ""2020-10"", ""2020-11"", ""2021-01"", ""2021-05"", ""2021-06"", ""2022-02"", ""2022-03"", ""2022-11""]","[96.9, 24.225, 48.45, -16.15, 24.225, 24.225, 96.9, 72.67500000000001, 177.65, 72.67500000000001, 16.15, -21.375, 16.150000000000002, -78.375, -48.45, -21.372]",30.281437500000003,177.65,-78.375,61.50443299365578,-122.05572755417957,16,-49.399,-18.209806311469354,0.0,0.0,0.0,0.0,"{""MAE"": 52.00664102564103, ""MSE"": 4302.398219923077, ""RMSE"": 65.59266894953335, ""MAPE"": 160.05747248852572, ""R2"": -0.012455340783624091}","{""MAE"": 52.44410481410138, ""MSE"": 4043.9281995166916, ""RMSE"": 63.59188784362902, ""MAPE"": 163.8670288130718, ""R2"": -0.08725629121695788}","{""MAE"": 39.96044918847947, ""MSE"": 2517.026421305579, ""RMSE"": 50.16997529703975, ""MAPE"": 106.85163807235006, ""R2"": 0.33461204310212445}","{""MAE"": 49.925371919180435, ""MSE"": 3636.6637121544227, ""RMSE"": 60.304756961241644, ""MAPE"": 150.55772582659034, ""R2"": 0.03863057738586173}","{""MAE"": 0.0012866326918146154, ""MSE"": 2.8124121975890615e-06, ""RMSE"": 0.0016770248052992722, ""MAPE"": 0.0033662857891917928, ""R2"": 0.9999999992565254}","{""MAE"": 15.210153750000021, ""MSE"": 317.7555234029387, ""RMSE"": 17.82569839874272, ""MAPE"": 45.45698852827738, ""R2"": 0.9159998096482326}"
