ref_article,designation,marque,famille,frequency,next_period,avg_forecast,historical_periods,historical_values,avg_sales,max_sales,min_sales,std_sales,trend_pct,data_points,sma_forecast,es_forecast,lr_forecast,arima_forecast,prophet_forecast,xgb_forecast,sma_metrics,es_metrics,lr_metrics,arima_metrics,prophet_metrics,xgb_metrics
HZONETN/9.3,TEINT H ZONE S/A100ML 9.3 NEW,H. ZONE,IALO,monthly,2022-12,-14.86790330542361,"[""2020-01"", ""2020-02"", ""2020-03"", ""2020-05"", ""2020-07"", ""2020-08"", ""2020-09"", ""2020-10"", ""2020-11"", ""2020-12"", ""2021-03"", ""2021-04"", ""2021-05"", ""2021-06"", ""2021-10"", ""2021-12"", ""2022-02"", ""2022-03"", ""2022-11""]","[295.45000000000005, 48.45, 48.45, -56.525, 72.67500000000001, 96.9, 16.150000000000006, 250.32500000000002, 96.9, 24.225, 96.9, 24.225, -8.075, 32.300000000000004, -40.375, -24.225, -135.375, -40.375, -14.248]",41.2501052631579,295.45000000000005,-135.375,98.37719281413207,-104.82247419191064,19,-63.33266666666666,-25.874753165875003,0.0,0.0,0.0,0.0,"{""MAE"": 66.80689583333334, ""MSE"": 7438.942993826389, ""RMSE"": 86.24930720780539, ""MAPE"": 175.71527774344463, ""R2"": -0.0381158297631623}","{""MAE"": 84.36513434781425, ""MSE"": 12805.073120303232, ""RMSE"": 113.15950300484371, ""MAPE"": 235.776704433358, ""R2"": -0.9925609619918969}","{""MAE"": 59.080673201370914, ""MSE"": 6519.93789273588, ""RMSE"": 80.7461323701382, ""MAPE"": 127.91131203245037, ""R2"": 0.3263185220898991}","{""MAE"": 96.72933474459295, ""MSE"": 14754.68697552287, ""RMSE"": 121.46887245513919, ""MAPE"": 229.50440548603171, ""R2"": -0.5245481615470089}","{""MAE"": 6.756600193284983, ""MSE"": 294.5260794044392, ""RMSE"": 17.161762129934072, ""MAPE"": 11.885623092392224, ""R2"": 0.9695676910239721}","{""MAE"": 30.485032631578928, ""MSE"": 1522.4127080165754, ""RMSE"": 39.0181074376574, ""MAPE"": 70.92798770639281, ""R2"": 0.8426946299184214}"
