ref_article,designation,marque,famille,frequency,next_period,avg_forecast,historical_periods,historical_values,avg_sales,max_sales,min_sales,std_sales,trend_pct,data_points,sma_forecast,es_forecast,lr_forecast,arima_forecast,prophet_forecast,xgb_forecast,sma_metrics,es_metrics,lr_metrics,arima_metrics,prophet_metrics,xgb_metrics
HZONETN/6.01,TEINT H ZONE S/A100ML 6.01 NEW,H. ZONE,IALO,monthly,2022-12,50.51252950269497,"[""2020-01"", ""2020-02"", ""2020-03"", ""2020-05"", ""2020-08"", ""2020-09"", ""2020-10"", ""2020-12"", ""2021-01"", ""2021-03"", ""2021-04"", ""2021-05"", ""2021-06"", ""2021-07"", ""2021-08"", ""2022-11""]","[1018.875, 121.125, 387.6, 218.02500000000003, 565.25, 121.125, 444.125, -48.45, 24.225, 48.45, 511.57500000000005, 355.29999999999995, 96.9, 24.225, 96.9, -42.744]",246.40662500000002,1018.875,-48.45,276.6918733598068,-104.19521531100477,16,26.127,50.727400232847096,0.0,55.466981279934046,170.75379550338863,0.0,"{""MAE"": 233.6508205128205, ""MSE"": 70853.36731345298, ""RMSE"": 266.1829583452949, ""MAPE"": 310.87306141520435, ""R2"": -0.6907478644383362}","{""MAE"": 277.8034596720999, ""MSE"": 123322.49225693422, ""RMSE"": 351.1730232477065, ""MAPE"": 359.14029366559754, ""R2"": -2.143595371205548}","{""MAE"": 195.34159739403032, ""MSE"": 55811.82052824822, ""RMSE"": 236.24525503858956, ""MAPE"": 210.71383333128466, ""R2"": 0.27099017496120414}","{""MAE"": 289.596686403407, ""MSE"": 157313.6343476964, ""RMSE"": 396.6278285089139, ""MAPE"": 293.8879268556906, ""R2"": -1.0548189248545707}","{""MAE"": 0.005601016710877538, ""MSE"": 5.435391337670835e-05, ""RMSE"": 0.007372510656262787, ""MAPE"": 0.006329376897725085, ""R2"": 0.9999999992900332}","{""MAE"": 94.52960750000003, ""MSE"": 18208.847289366156, ""RMSE"": 134.94016188431877, ""MAPE"": 73.58851701724647, ""R2"": 0.7621573987205749}"
