ref_article,designation,marque,famille,frequency,next_period,avg_forecast,historical_periods,historical_values,avg_sales,max_sales,min_sales,std_sales,trend_pct,data_points,sma_forecast,es_forecast,lr_forecast,arima_forecast,prophet_forecast,xgb_forecast,sma_metrics,es_metrics,lr_metrics,arima_metrics,prophet_metrics,xgb_metrics
HZONETN/4.0,TEINT H ZONE S/A100ML 4.0 NEW,H. ZONE,IALO,monthly,2022-12,4.251879328484418,"[""2020-01"", ""2020-02"", ""2020-03"", ""2020-05"", ""2020-06"", ""2020-07"", ""2020-08"", ""2020-09"", ""2020-10"", ""2020-11"", ""2020-12"", ""2021-01"", ""2021-03"", ""2021-04"", ""2021-05"", ""2021-06"", ""2021-08"", ""2022-02"", ""2022-11""]","[489.25, 145.35000000000002, 145.35000000000002, 145.35000000000002, 103.74000000000001, 121.125, 395.675, 226.57500000000002, 419.90000000000003, 193.8, -48.45, 24.225, 163.875, 193.8, -16.14999999999999, 72.67500000000001, 96.9, -57.0, -14.248]",147.4601052631579,489.25,-57.0,149.12635081027403,-102.91221257026059,19,8.55066666666667,16.96060930423984,0.0,0.0,0.0,0.0,"{""MAE"": 118.10070833333336, ""MSE"": 21727.66252316667, ""RMSE"": 147.40306144434948, ""MAPE"": 208.4070380374678, ""R2"": -0.16430658706103363}","{""MAE"": 138.40351933877582, ""MSE"": 28146.057295630482, ""RMSE"": 167.76786729177456, ""MAPE"": 223.9144087556833, ""R2"": -0.6931410481775164}","{""MAE"": 103.2819429778958, ""MSE"": 15192.550903002064, ""RMSE"": 123.25806627966408, ""MAPE"": 151.3784394613828, ""R2"": 0.3168408037149042}","{""MAE"": 138.6060956821146, ""MSE"": 36452.6464573797, ""RMSE"": 190.92576163886238, ""MAPE"": 161.9008545576503, ""R2"": -0.6391559794851442}","{""MAE"": 0.0022678475577674853, ""MSE"": 6.826893296448255e-06, ""RMSE"": 0.0026128324279310862, ""MAPE"": 0.0036747114332634817, ""R2"": 0.999999999693017}","{""MAE"": 40.91021736842104, ""MSE"": 3138.16276502908, ""RMSE"": 56.019307073803404, ""MAPE"": 50.75553934914306, ""R2"": 0.8588871107915491}"
