ref_article,designation,marque,famille,frequency,next_period,avg_forecast,historical_periods,historical_values,avg_sales,max_sales,min_sales,std_sales,trend_pct,data_points,sma_forecast,es_forecast,lr_forecast,arima_forecast,prophet_forecast,xgb_forecast,sma_metrics,es_metrics,lr_metrics,arima_metrics,prophet_metrics,xgb_metrics
HZONETN/7.35,TEINT H ZONE S/A100ML 7.35 NEW,H. ZONE,IALO,monthly,2022-12,-4.242898520929941,"[""2020-01"", ""2020-03"", ""2020-05"", ""2020-06"", ""2020-07"", ""2020-08"", ""2020-09"", ""2020-10"", ""2020-11"", ""2021-02"", ""2021-12"", ""2022-03"", ""2022-11""]","[121.12500000000001, 96.9, 24.225, 24.225, 24.225, 72.67500000000001, 48.45, 185.72500000000002, 113.05000000000001, -8.075, -48.45, -48.45, -7.124]",46.03853846153846,185.72500000000002,-48.45,66.78393084200765,-105.88152734778123,13,-34.67466666666667,0.6047507506436292,0.0,0.0,8.612524790443388,0.0,"{""MAE"": 64.96426666666666, ""MSE"": 6691.684580377779, ""RMSE"": 81.80271743883438, ""MAPE"": 286.350579055276, ""R2"": -0.3884280109202187}","{""MAE"": 59.94441501071682, ""MSE"": 5350.5384285966165, ""RMSE"": 73.14737472115193, ""MAPE"": 245.5544484161272, ""R2"": -0.2377529386936188}","{""MAE"": 43.307882987030276, ""MSE"": 2764.8546033206, ""RMSE"": 52.58188474484915, ""MAPE"": 163.95135657972764, ""R2"": 0.3800904277650208}","{""MAE"": 54.26183089063409, ""MSE"": 5045.422833937026, ""RMSE"": 71.03113988904462, ""MAPE"": 217.8269494908211, ""R2"": -0.13123703032127376}","{""MAE"": 0.0012896856438286974, ""MSE"": 1.9971015520841214e-06, ""RMSE"": 0.0014131884347404352, ""MAPE"": 0.005024194729482088, ""R2"": 0.9999999995522287}","{""MAE"": 15.762356923076911, ""MSE"": 464.1094168022297, ""RMSE"": 21.543198852589875, ""MAPE"": 73.34960365689136, ""R2"": 0.8959417722383809}"
