ref_article,designation,marque,famille,frequency,next_period,avg_forecast,historical_periods,historical_values,avg_sales,max_sales,min_sales,std_sales,trend_pct,data_points,sma_forecast,es_forecast,lr_forecast,arima_forecast,prophet_forecast,xgb_forecast,sma_metrics,es_metrics,lr_metrics,arima_metrics,prophet_metrics,xgb_metrics
HZONETN/7.4,TEINT H ZONE S/A100ML 7.4 NEW,H. ZONE,IALO,monthly,2022-12,-5.962882348186819,"[""2020-01"", ""2020-02"", ""2020-03"", ""2020-05"", ""2020-06"", ""2020-07"", ""2020-08"", ""2020-09"", ""2020-10"", ""2020-11"", ""2021-05"", ""2021-06"", ""2021-08"", ""2022-03"", ""2022-11""]","[48.45, 72.67500000000001, 121.125, 96.9, 24.225, 24.225, 96.9, 48.45, 145.35000000000002, 88.825, -21.375, 8.074999999999996, -32.3, -40.375, -14.248]",44.460133333333346,145.35000000000002,-40.375,56.19319719428284,-129.40763673890606,15,-28.974333333333334,-6.80296075578758,0.0,0.0,0.0,0.0,"{""MAE"": 46.58975, ""MSE"": 3361.745987138889, ""RMSE"": 57.980565598645974, ""MAPE"": 190.06671448366743, ""R2"": -0.01645427842114877}","{""MAE"": 47.143820260232175, ""MSE"": 3043.8439466291843, ""RMSE"": 55.1710426458408, ""MAPE"": 158.2050068029245, ""R2"": 0.09998843238156785}","{""MAE"": 35.96403653982027, ""MSE"": 1679.020580797655, ""RMSE"": 40.97585363110395, ""MAPE"": 98.08584962512334, ""R2"": 0.46827321928227283}","{""MAE"": 44.29106717600174, ""MSE"": 2964.286306577096, ""RMSE"": 54.44525972549948, ""MAPE"": 118.70406603219502, ""R2"": 0.06124413664240025}","{""MAE"": 0.0013710692090028213, ""MSE"": 2.4990997268608874e-06, ""RMSE"": 0.0015808541130859885, ""MAPE"": 0.005634619868160643, ""R2"": 0.9999999992085634}","{""MAE"": 13.328880666666661, ""MSE"": 218.98120631696628, ""RMSE"": 14.798013593620134, ""MAPE"": 33.68238602802263, ""R2"": 0.9306511348316597}"
