ref_article,designation,marque,famille,frequency,next_period,avg_forecast,historical_periods,historical_values,avg_sales,max_sales,min_sales,std_sales,trend_pct,data_points,sma_forecast,es_forecast,lr_forecast,arima_forecast,prophet_forecast,xgb_forecast,sma_metrics,es_metrics,lr_metrics,arima_metrics,prophet_metrics,xgb_metrics
HZONETN/5.58,TEINT H ZONE S/A100ML 5.58 NEW,H. ZONE,IALO,monthly,2024-03,-4.9690074643687945,"[""2020-01"", ""2020-02"", ""2020-03"", ""2020-05"", ""2020-06"", ""2020-07"", ""2020-08"", ""2020-09"", ""2020-10"", ""2020-11"", ""2020-12"", ""2021-03"", ""2021-05"", ""2021-06"", ""2021-08"", ""2021-12"", ""2022-03"", ""2022-11"", ""2024-02""]","[153.9, 72.67500000000001, 48.45, 48.45, 24.225, 24.225, 96.9, -56.52499999999999, 347.225, 121.125, -48.45, 61.75, -21.375, 24.225, -24.225, -24.225, -32.3, -21.372, -8.075]",41.40015789473684,347.225,-56.52499999999999,91.7761007929872,-105.24691358024691,19,-20.582333333333334,-9.231711452879432,0.0,0.0,0.0,0.0,"{""MAE"": 66.4110625, ""MSE"": 10846.622450798613, ""RMSE"": 104.14711926308195, ""MAPE"": 134.6737166018316, ""R2"": -0.19745983295206693}","{""MAE"": 70.33527089408474, ""MSE"": 10313.60649783098, ""RMSE"": 101.55592793052989, ""MAPE"": 151.19362476991515, ""R2"": -0.2656900624288139}","{""MAE"": 57.246253004425014, ""MSE"": 7150.539225962226, ""RMSE"": 84.56086107628177, ""MAPE"": 135.8518794408059, ""R2"": 0.15105493348021493}","{""MAE"": 68.87254398225126, ""MSE"": 12877.50759363964, ""RMSE"": 113.47910641893353, ""MAPE"": 114.68462508045587, ""R2"": -0.5288772210350776}","{""MAE"": 3.6796878739701677, ""MSE"": 92.14282719928534, ""RMSE"": 9.599105541626539, ""MAPE"": 7.840405461431013, ""R2"": 0.989060377673057}","{""MAE"": 26.81501894736843, ""MSE"": 1740.4129491166016, ""RMSE"": 41.71825678424977, ""MAPE"": 44.863894440319626, ""R2"": 0.7933701305357339}"
