ref_article,designation,marque,famille,frequency,next_period,avg_forecast,historical_periods,historical_values,avg_sales,max_sales,min_sales,std_sales,trend_pct,data_points,sma_forecast,es_forecast,lr_forecast,arima_forecast,prophet_forecast,xgb_forecast,sma_metrics,es_metrics,lr_metrics,arima_metrics,prophet_metrics,xgb_metrics
HZONETN/7.54,TEINT H ZONE S/A100ML 7.54 NEW,H. ZONE,IALO,monthly,2022-12,-7.355441973246286,"[""2020-01"", ""2020-02"", ""2020-03"", ""2020-05"", ""2020-07"", ""2020-08"", ""2020-09"", ""2020-10"", ""2020-11"", ""2020-12"", ""2021-01"", ""2021-04"", ""2021-05"", ""2021-06"", ""2021-12"", ""2022-03"", ""2022-11""]","[96.9, 24.225, 48.45, 24.225, 24.225, 48.45, 72.67500000000001, 113.05000000000001, 193.8, 24.225, 24.225, 71.25, -32.3, -24.225, -48.45, -32.3, -14.248]",36.128058823529415,193.8,-48.45,59.77922351794397,-114.70381836945305,17,-31.666,-12.46665183947772,0.0,0.0,0.0,0.0,"{""MAE"": 47.816809523809525, ""MSE"": 3506.2793094126982, ""RMSE"": 59.21384389999266, ""MAPE"": 131.28880992786412, ""R2"": 0.13112978261319996}","{""MAE"": 49.67032168253544, ""MSE"": 3599.177735628305, ""RMSE"": 59.993147405585454, ""MAPE"": 139.72355738666425, ""R2"": -0.013382071702137566}","{""MAE"": 39.32267241318378, ""MSE"": 2599.5521710130847, ""RMSE"": 50.98580362231319, ""MAPE"": 93.9842408072197, ""R2"": 0.2725586256713185}","{""MAE"": 47.18458549614082, ""MSE"": 3706.459962018404, ""RMSE"": 60.88070270634533, ""MAPE"": 127.71607495978785, ""R2"": -0.037191081883206856}","{""MAE"": 0.0009631463122266168, ""MSE"": 1.4825547146945757e-06, ""RMSE"": 0.0012176020346133525, ""MAPE"": 0.002492409191333256, ""R2"": 0.9999999995851317}","{""MAE"": 14.6705535294118, ""MSE"": 391.4050755227721, ""RMSE"": 19.783960056641142, ""MAPE"": 39.71545238232635, ""R2"": 0.8904718092476115}"
