ref_article,designation,marque,famille,frequency,next_period,avg_forecast,historical_periods,historical_values,avg_sales,max_sales,min_sales,std_sales,trend_pct,data_points,sma_forecast,es_forecast,lr_forecast,arima_forecast,prophet_forecast,xgb_forecast,sma_metrics,es_metrics,lr_metrics,arima_metrics,prophet_metrics,xgb_metrics
HZONETN/6.35,TEINT H ZONE S/A100ML 6.35 NEW,H. ZONE,IALO,monthly,2022-12,-6.547075240014859,"[""2020-01"", ""2020-03"", ""2020-06"", ""2020-08"", ""2020-09"", ""2020-10"", ""2020-11"", ""2021-02"", ""2021-04"", ""2021-05"", ""2021-12"", ""2022-03"", ""2022-11""]","[121.125, 48.45, 33.725, 48.45, 48.45, 80.75, 169.57500000000002, 24.225, 22.8, -40.375, -48.45, -40.375, -7.124]",35.478923076923074,169.57500000000002,-48.45,61.09791375698209,-105.88152734778123,13,-31.983,-7.299451440089155,0.0,0.0,0.0,0.0,"{""MAE"": 53.342600000000004, ""MSE"": 4123.221334266667, ""RMSE"": 64.21231450638318, ""MAPE"": 170.707597600148, ""R2"": -0.028655655961410398}","{""MAE"": 55.37919362846705, ""MSE"": 4044.3914449805266, ""RMSE"": 63.59553007075675, ""MAPE"": 134.40753216619476, ""R2"": -0.19591995288938668}","{""MAE"": 35.07176679861991, ""MSE"": 2118.0441701129603, ""RMSE"": 46.02221387670263, ""MAPE"": 104.60136983220525, ""R2"": 0.4326092511230255}","{""MAE"": 50.18582237889963, ""MSE"": 4153.159995398534, ""RMSE"": 64.44501528744124, ""MAPE"": 141.57270682820084, ""R2"": -0.11256629736356749}","{""MAE"": 0.0005087207423338022, ""MSE"": 3.3901194031220413e-07, ""RMSE"": 0.0005822473188535986, ""MAPE"": 0.0013467530199264464, ""R2"": 0.999999999909184}","{""MAE"": 11.855663846153815, ""MSE"": 277.33311657029884, ""RMSE"": 16.65332148762819, ""MAPE"": 29.68938430230903, ""R2"": 0.9257068162602035}"
