ref_article,designation,marque,famille,frequency,next_period,avg_forecast,historical_periods,historical_values,avg_sales,max_sales,min_sales,std_sales,trend_pct,data_points,sma_forecast,es_forecast,lr_forecast,arima_forecast,prophet_forecast,xgb_forecast,sma_metrics,es_metrics,lr_metrics,arima_metrics,prophet_metrics,xgb_metrics
HZONETN/4.58,TEINT H ZONE S/A100ML 4.58 NEW,H. ZONE,IALO,monthly,2022-12,-4.256892180003477,"[""2020-01"", ""2020-03"", ""2020-05"", ""2020-06"", ""2020-07"", ""2020-08"", ""2020-09"", ""2020-10"", ""2020-11"", ""2021-04"", ""2021-05"", ""2021-06"", ""2021-08"", ""2021-10"", ""2021-12"", ""2022-11""]","[72.675, 48.45, -8.074999999999996, 24.225, 48.45, 145.35000000000002, 48.45, 121.125, 72.67500000000001, 24.225, -64.6, 72.67500000000001, -24.225, -24.225, -16.15, -14.248]",32.9235625,145.35000000000002,-64.6,54.99504701899157,-119.60509115927074,16,-18.207666666666665,-7.333686413354199,0.0,0.0,0.0,0.0,"{""MAE"": 46.31874358974359, ""MSE"": 3660.6135928290596, ""RMSE"": 60.50300482479411, ""MAPE"": 98.34208749846033, ""R2"": -0.06049247553471937}","{""MAE"": 46.39355950786845, ""MSE"": 3291.700210888762, ""RMSE"": 57.37334059377022, ""MAPE"": 161.00876820306672, ""R2"": -0.05716086941964327}","{""MAE"": 35.78205244719743, ""MSE"": 2206.288741648002, ""RMSE"": 46.97114797030196, ""MAPE"": 120.32206480649681, ""R2"": 0.27051696976273387}","{""MAE"": 48.53545288046961, ""MSE"": 3572.1233636546403, ""RMSE"": 59.767243232849886, ""MAPE"": 145.31513521485837, ""R2"": -0.18107994049486953}","{""MAE"": 0.001517247344627104, ""MSE"": 2.751796981502978e-06, ""RMSE"": 0.0016588541170045599, ""MAPE"": 0.005070034239622776, ""R2"": 0.9999999990901511}","{""MAE"": 15.569359999999989, ""MSE"": 409.51265302891136, ""RMSE"": 20.236418977400902, ""MAPE"": 38.47407842816146, ""R2"": 0.8645995306902159}"
