ref_article,designation,marque,famille,frequency,next_period,avg_forecast,historical_periods,historical_values,avg_sales,max_sales,min_sales,std_sales,trend_pct,data_points,sma_forecast,es_forecast,lr_forecast,arima_forecast,prophet_forecast,xgb_forecast,sma_metrics,es_metrics,lr_metrics,arima_metrics,prophet_metrics,xgb_metrics
HZONETN/6.4,TEINT H ZONE S/A100ML 6.4 NEW,H. ZONE,IALO,monthly,2024-03,-4.944523596057551,"[""2020-01"", ""2020-02"", ""2020-03"", ""2020-05"", ""2020-06"", ""2020-08"", ""2020-09"", ""2020-10"", ""2020-11"", ""2021-03"", ""2021-05"", ""2021-06"", ""2021-08"", ""2021-12"", ""2022-03"", ""2022-04"", ""2022-11"", ""2024-02""]","[-16.14999999999999, 96.9, 96.9, 48.45, 24.225, 48.45, 48.45, 96.9, 145.35000000000002, 16.15, -32.3, 24.224999999999998, -40.375, -32.3, -24.225, -16.15, -14.248, -16.15]",25.2278888888889,145.35000000000002,-40.375,53.54395556911774,4.399645422663161e-14,18,-15.515999999999998,-14.15114157634531,0.0,0.0,0.0,0.0,"{""MAE"": 35.61453333333334, ""MSE"": 2440.2956254814826, ""RMSE"": 49.39934843175042, ""MAPE"": 114.66580368618517, ""R2"": 0.059643828128753906}","{""MAE"": 41.43684656964855, ""MSE"": 3045.5529205949633, ""RMSE"": 55.18652843398435, ""MAPE"": 100.59452285874713, ""R2"": -0.039806308523293144}","{""MAE"": 33.70652829976392, ""MSE"": 1937.3245202303535, ""RMSE"": 44.015048792774884, ""MAPE"": 100.71311442472386, ""R2"": 0.32425712996664935}","{""MAE"": 36.91237616796445, ""MSE"": 2643.3252241280334, ""RMSE"": 51.41327867514416, ""MAPE"": 112.81586538728794, ""R2"": 0.07800259856751213}","{""MAE"": 1.4332091595304728, ""MSE"": 13.368147015834307, ""RMSE"": 3.656247668831299, ""MAPE"": 6.247776194066493, ""R2"": 0.9953371621856965}","{""MAE"": 11.45491444444446, ""MSE"": 278.602808987689, ""RMSE"": 16.691399251940773, ""MAPE"": 37.04320018929402, ""R2"": 0.9028227538655685}"
