ref_article,designation,marque,famille,frequency,next_period,avg_forecast,historical_periods,historical_values,avg_sales,max_sales,min_sales,std_sales,trend_pct,data_points,sma_forecast,es_forecast,lr_forecast,arima_forecast,prophet_forecast,xgb_forecast,sma_metrics,es_metrics,lr_metrics,arima_metrics,prophet_metrics,xgb_metrics
HZONETN/5.35,TEINT H ZONE S/A100ML 5.35 NEW,H. ZONE,IALO,monthly,2022-12,-6.375299846353695,"[""2020-01"", ""2020-03"", ""2020-05"", ""2020-06"", ""2020-08"", ""2020-09"", ""2020-10"", ""2020-11"", ""2021-05"", ""2021-06"", ""2021-12"", ""2022-03"", ""2022-11""]","[96.9, 48.45, 48.45, 24.225, 48.45, 48.45, 0.0, 169.57500000000002, -48.45, 48.45, -16.15, -48.45, -21.372]",30.656000000000006,169.57500000000002,-48.45,57.95506831622633,-122.05572755417957,13,-28.65733333333333,-9.594465744788838,0.0,0.0,0.0,0.0,"{""MAE"": 49.51053333333334, ""MSE"": 4436.362023955557, ""RMSE"": 66.60602092870852, ""MAPE"": 129.03546845152687, ""R2"": -0.17970238137686145}","{""MAE"": 51.78586881063445, ""MSE"": 4280.386026682211, ""RMSE"": 65.42465916366864, ""MAPE"": 125.44327197149339, ""R2"": -0.32007760064958823}","{""MAE"": 32.87269344280897, ""MSE"": 2162.667440567427, ""RMSE"": 46.50448839163191, ""MAPE"": 62.281132351512845, ""R2"": 0.35611709070169717}","{""MAE"": 50.23964527943998, ""MSE"": 4112.48416821572, ""RMSE"": 64.12865325434271, ""MAPE"": 85.52941162475229, ""R2"": -0.2243945698739489}","{""MAE"": 0.0010608180614556117, ""MSE"": 2.1047035444459756e-06, ""RMSE"": 0.0014507596439265794, ""MAPE"": 0.0038342455271376925, ""R2"": 0.9999999993733745}","{""MAE"": 16.43216461538463, ""MSE"": 499.88621477289206, ""RMSE"": 22.358135315202205, ""MAPE"": 28.708518540891564, ""R2"": 0.8511707420898535}"
