ref_article,designation,marque,famille,frequency,next_period,avg_forecast,historical_periods,historical_values,avg_sales,max_sales,min_sales,std_sales,trend_pct,data_points,sma_forecast,es_forecast,lr_forecast,arima_forecast,prophet_forecast,xgb_forecast,sma_metrics,es_metrics,lr_metrics,arima_metrics,prophet_metrics,xgb_metrics
HZONETN/6.48,TEINT H ZONE S/A100ML 6.48 NEW,H. ZONE,IALO,monthly,2024-03,-7.446316969840854,"[""2020-01"", ""2020-03"", ""2020-05"", ""2020-06"", ""2020-07"", ""2020-08"", ""2020-09"", ""2020-10"", ""2020-11"", ""2021-02"", ""2021-03"", ""2021-04"", ""2021-05"", ""2021-06"", ""2021-08"", ""2022-03"", ""2022-11"", ""2024-02""]","[137.75, 48.45, 16.150000000000006, 24.225, 96.9, 145.35000000000002, 76.95, 169.57500000000002, 96.9, 8.075000000000003, 24.225, 48.45, -32.3, 48.45, -32.3, -48.45, -28.496, -16.15]",43.5418888888889,169.57500000000002,-48.45,63.89249757373613,-111.72413793103448,18,-31.032,-13.645901819045125,0.0,0.0,0.0,0.0,"{""MAE"": 48.47075555555557, ""MSE"": 3178.0972367407417, ""RMSE"": 56.374615180422666, ""MAPE"": 180.61541174056944, ""R2"": 0.2491263587879985}","{""MAE"": 52.943726091843665, ""MSE"": 3799.4817340302184, ""RMSE"": 61.63993619424195, ""MAPE"": 203.73746801166365, ""R2"": -0.007925685447814912}","{""MAE"": 43.635226455399746, ""MSE"": 2591.3280197999106, ""RMSE"": 50.90508834880763, ""MAPE"": 131.6809032282669, ""R2"": 0.36522083930875104}","{""MAE"": 56.355131906745946, ""MSE"": 4349.221219267882, ""RMSE"": 65.94862560560213, ""MAPE"": 176.91993904825222, ""R2"": -0.06539773202491395}","{""MAE"": 1.7365460067086944, ""MSE"": 19.62817056516878, ""RMSE"": 4.430369122902603, ""MAPE"": 5.361701985522114, ""R2"": 0.9951918269157509}","{""MAE"": 16.962321111111102, ""MSE"": 391.17209533385517, ""RMSE"": 19.778071072120635, ""MAPE"": 39.445366960654475, ""R2"": 0.9041773590743503}"
