ref_article,designation,marque,famille,frequency,next_period,avg_forecast,historical_periods,historical_values,avg_sales,max_sales,min_sales,std_sales,trend_pct,data_points,sma_forecast,es_forecast,lr_forecast,arima_forecast,prophet_forecast,xgb_forecast,sma_metrics,es_metrics,lr_metrics,arima_metrics,prophet_metrics,xgb_metrics
HZONETN/3.0,TEINT H ZONE S/A100ML 3.0 NEW,H. ZONE,IALO,monthly,2022-12,-7.704924428701176,"[""2020-01"", ""2020-02"", ""2020-03"", ""2020-05"", ""2020-06"", ""2020-07"", ""2020-08"", ""2020-09"", ""2020-10"", ""2020-11"", ""2020-12"", ""2021-01"", ""2021-03"", ""2021-04"", ""2021-05"", ""2021-06"", ""2021-07"", ""2021-10"", ""2022-02"", ""2022-03"", ""2022-11""]","[553.85, 96.9, 193.8, 145.35000000000002, 167.865, 24.225, 290.70000000000005, 169.57500000000002, 96.9, 24.225, -24.225, 24.225, 193.8, 265.05, 16.150000000000006, 8.075000000000003, 16.15, -32.3, -57.0, -48.45, -7.124]",100.84480952380954,553.85,-57.0,143.0162137969708,-101.28626884535525,21,-37.52466666666667,-8.704879905540391,0.0,0.0,0.0,0.0,"{""MAE"": 98.34088888888888, ""MSE"": 13813.900116259261, ""RMSE"": 117.53254917791608, ""MAPE"": 349.7404734405876, ""R2"": -0.24739677076284683}","{""MAE"": 134.0291717501715, ""MSE"": 26739.655418856903, ""RMSE"": 163.52264497266702, ""MAPE"": 330.89999722388893, ""R2"": -1.4984261475313945}","{""MAE"": 85.26892855426267, ""MSE"": 12792.24360218606, ""RMSE"": 113.10280103598699, ""MAPE"": 246.54120138838744, ""R2"": 0.3745736591248431}","{""MAE"": 123.63665308273896, ""MSE"": 35026.1484829473, ""RMSE"": 187.15274105111925, ""MAPE"": 286.4154417008621, ""R2"": -0.7124655034630603}","{""MAE"": 7.8737186863503315, ""MSE"": 465.353919400424, ""RMSE"": 21.5720634015484, ""MAPE"": 7.754092776000247, ""R2"": 0.977248353918715}","{""MAE"": 34.77037904761911, ""MSE"": 3174.3482360523685, ""RMSE"": 56.341354581269776, ""MAPE"": 79.12263924865066, ""R2"": 0.8448027520677865}"
