ref_article,designation,marque,famille,frequency,next_period,avg_forecast,historical_periods,historical_values,avg_sales,max_sales,min_sales,std_sales,trend_pct,data_points,sma_forecast,es_forecast,lr_forecast,arima_forecast,prophet_forecast,xgb_forecast,sma_metrics,es_metrics,lr_metrics,arima_metrics,prophet_metrics,xgb_metrics
HZONETN/7.3,TEINT H ZONE S/A100ML 7.3 NEW,H. ZONE,IALO,monthly,2022-12,-4.603053487629643,"[""2020-01"", ""2020-02"", ""2020-03"", ""2020-05"", ""2020-06"", ""2020-07"", ""2020-08"", ""2020-09"", ""2020-10"", ""2020-11"", ""2021-03"", ""2021-04"", ""2021-05"", ""2021-06"", ""2021-08"", ""2021-12"", ""2022-02"", ""2022-03"", ""2022-04"", ""2022-11""]","[311.6, 121.125, 48.45, 48.45, 46.74, 96.9, 290.70000000000005, 72.67500000000001, 323.0, 145.35000000000002, 96.9, 96.9, 16.150000000000002, 40.375, -40.375, -16.15, -114.0, -32.3, -8.075, -7.124]",76.86455000000001,323.0,-114.0,114.41849690215085,-102.28626444159178,20,-15.833,-11.78532092577786,0.0,0.0,0.0,0.0,"{""MAE"": 80.98662745098038, ""MSE"": 9343.206247281048, ""RMSE"": 96.66026198640809, ""MAPE"": 188.3692727522414, ""R2"": 0.2069027268527457}","{""MAE"": 97.67243863707384, ""MSE"": 13444.410291727221, ""RMSE"": 115.95003359950881, ""MAPE"": 189.18462879676136, ""R2"": -0.2532131861140672}","{""MAE"": 70.14363601926878, ""MSE"": 7780.749124693111, ""RMSE"": 88.20855471377541, ""MAPE"": 150.6133540366594, ""R2"": 0.40566824362224796}","{""MAE"": 91.43262407760227, ""MSE"": 14715.058946756742, ""RMSE"": 121.30564268308684, ""MAPE"": 162.63339791540514, ""R2"": -0.12400832990140076}","{""MAE"": 6.157337674359959, ""MSE"": 259.7963819045284, ""RMSE"": 16.118200330822557, ""MAPE"": 11.573110930234591, ""R2"": 0.9801554789283874}","{""MAE"": 28.3521475, ""MSE"": 1528.9545435751252, ""RMSE"": 39.10184833962616, ""MAPE"": 45.48787300647154, ""R2"": 0.8832109576157823}"
