ref_article,designation,marque,famille,frequency,next_period,avg_forecast,historical_periods,historical_values,avg_sales,max_sales,min_sales,std_sales,trend_pct,data_points,sma_forecast,es_forecast,lr_forecast,arima_forecast,prophet_forecast,xgb_forecast,sma_metrics,es_metrics,lr_metrics,arima_metrics,prophet_metrics,xgb_metrics
HZONETN/6.54,TEINT H ZONE S/A100ML 6.54 NEW,H. ZONE,IALO,monthly,2022-12,-8.053933001776935,"[""2020-01"", ""2020-02"", ""2020-03"", ""2020-05"", ""2020-08"", ""2020-09"", ""2020-10"", ""2020-11"", ""2021-04"", ""2021-05"", ""2021-06"", ""2021-08"", ""2021-12"", ""2022-03"", ""2022-11""]","[88.825, 24.225, 48.45, 48.45, 48.45, -72.675, 72.67500000000001, 169.57500000000002, 22.8, -24.225, 48.45, -40.375, -24.225, -48.45, -21.372]",22.705199999999998,169.57500000000002,-72.675,60.871607107857216,-124.0607936954686,15,-31.349000000000004,-16.9745980106616,0.0,0.0,0.0,0.0,"{""MAE"": 53.398166666666675, ""MSE"": 5163.626389870372, ""RMSE"": 71.85837731169812, ""MAPE"": 115.3274655438943, ""R2"": -0.24383183073630943}","{""MAE"": 54.12622415145666, ""MSE"": 4513.138257718824, ""RMSE"": 67.17989474328479, ""MAPE"": 128.5045524319589, ""R2"": -0.24142768751417187}","{""MAE"": 37.2983913886734, ""MSE"": 2746.5689998957855, ""RMSE"": 52.407718896130035, ""MAPE"": 73.58152874467837, ""R2"": 0.25875636354970755}","{""MAE"": 61.39769738114146, ""MSE"": 5955.892167692203, ""RMSE"": 77.17442690225955, ""MAPE"": 143.10463787352617, ""R2"": -0.6073752994567021}","{""MAE"": 0.0010301430681951254, ""MSE"": 1.237399372586072e-06, ""RMSE"": 0.0011123845434857823, ""MAPE"": 0.002725403804357311, ""R2"": 0.9999999996660508}","{""MAE"": 18.22108400000001, ""MSE"": 523.2406214564932, ""RMSE"": 22.874453467929964, ""MAPE"": 38.578921077014684, ""R2"": 0.8587878982826799}"
