ref_article,designation,marque,famille,frequency,next_period,avg_forecast,historical_periods,historical_values,avg_sales,max_sales,min_sales,std_sales,trend_pct,data_points,sma_forecast,es_forecast,lr_forecast,arima_forecast,prophet_forecast,xgb_forecast,sma_metrics,es_metrics,lr_metrics,arima_metrics,prophet_metrics,xgb_metrics
HZONETN/7.34,TEINT H ZONE S/A100ML 7.34 NEW,H. ZONE,IALO,monthly,2022-01,-1.2384107183938649,"[""2020-01"", ""2020-03"", ""2020-05"", ""2020-06"", ""2020-07"", ""2020-08"", ""2020-09"", ""2020-10"", ""2020-11"", ""2021-02"", ""2021-06"", ""2021-12""]","[64.6, 48.45, 96.9, 24.225, 169.57500000000002, 121.125, 0.0, 56.525000000000006, 88.825, -8.075, -16.15, -16.15]",52.48750000000001,169.57500000000002,-16.15,56.66901297225848,-125.0,12,-13.458333333333334,6.027869022970145,0.0,0.0,0.0,0.0,"{""MAE"": 57.12314814814815, ""MSE"": 4159.474868827161, ""RMSE"": 64.49399095130616, ""MAPE"": 212.1230158730159, ""R2"": -0.037133681252509376}","{""MAE"": 51.81444329702592, ""MSE"": 3715.921233205072, ""RMSE"": 60.95835654941062, ""MAPE"": 208.7015633183073, ""R2"": -0.06510914336196061}","{""MAE"": 39.5764592378196, ""MSE"": 2219.373944690666, ""RMSE"": 47.11023184713344, ""MAPE"": 107.10530156376056, ""R2"": 0.30890271584623163}","{""MAE"": 53.07857492418635, ""MSE"": 4564.8074077291685, ""RMSE"": 67.5633584698775, ""MAPE"": 172.784256714741, ""R2"": -0.42144860703333786}","{""MAE"": 0.0011004543416381907, ""MSE"": 1.7970465839136324e-06, ""RMSE"": 0.0013405396614474458, ""MAPE"": 0.002527375210167834, ""R2"": 0.9999999994404124}","{""MAE"": 16.143270833333336, ""MSE"": 441.24483423437437, ""RMSE"": 21.005828577668016, ""MAPE"": 59.88428768201496, ""R2"": 0.862599492385787}"
