ref_article,designation,marque,famille,frequency,next_period,avg_forecast,historical_periods,historical_values,avg_sales,max_sales,min_sales,std_sales,trend_pct,data_points,sma_forecast,es_forecast,lr_forecast,arima_forecast,prophet_forecast,xgb_forecast,sma_metrics,es_metrics,lr_metrics,arima_metrics,prophet_metrics,xgb_metrics
HZONETN/8.34,TEINT H ZONE S/A100ML 8.34 NEW,H. ZONE,IALO,monthly,2022-12,-10.596099495034467,"[""2020-01"", ""2020-03"", ""2020-07"", ""2020-08"", ""2020-09"", ""2020-10"", ""2020-11"", ""2021-02"", ""2021-04"", ""2021-05"", ""2021-06"", ""2021-08"", ""2021-12"", ""2022-03"", ""2022-11""]","[242.25, 48.45, 96.9, 48.45, 48.45, 64.60000000000001, 137.275, -16.15, 22.8, -72.675, -24.225, -40.375, -32.3, -48.45, -28.496]",29.766933333333338,242.25,-72.675,80.55037128610202,-111.76305469556243,15,-36.41533333333333,-27.16126363687347,0.0,0.0,0.0,0.0,"{""MAE"": 41.589222222222226, ""MSE"": 3381.8300129074073, ""RMSE"": 58.153503874722865, ""MAPE"": 114.97101989775886, ""R2"": -0.0169573007615631}","{""MAE"": 70.64113123022906, ""MSE"": 7486.123350681716, ""RMSE"": 86.5223864134694, ""MAPE"": 179.85650613676708, ""R2"": -1.141013794421442}","{""MAE"": 40.971392178770934, ""MSE"": 2980.3895100263626, ""RMSE"": 54.592943775055424, ""MAPE"": 85.41151065098303, ""R2"": 0.5406561215848759}","{""MAE"": 64.1316034920745, ""MSE"": 8803.212203748164, ""RMSE"": 93.8254347378586, ""MAPE"": 131.35176588958873, ""R2"": -0.3567695170639844}","{""MAE"": 0.0011697598166456658, ""MSE"": 1.6763409333246187e-06, ""RMSE"": 0.0012947358546532256, ""MAPE"": 0.003099432793263578, ""R2"": 0.9999999997416388}","{""MAE"": 19.42793133333334, ""MSE"": 825.2128146308995, ""RMSE"": 28.72651762102221, ""MAPE"": 38.35570210823377, ""R2"": 0.872816471298389}"
