ref_article,designation,marque,famille,frequency,next_period,avg_forecast,historical_periods,historical_values,avg_sales,max_sales,min_sales,std_sales,trend_pct,data_points,sma_forecast,es_forecast,lr_forecast,arima_forecast,prophet_forecast,xgb_forecast,sma_metrics,es_metrics,lr_metrics,arima_metrics,prophet_metrics,xgb_metrics
HZONETN/8.83,TEINT H ZONE S/A100ML 8.83 NEW,H. ZONE,IALO,monthly,2022-12,-8.632572032110922,"[""2020-01"", ""2020-02"", ""2020-03"", ""2020-05"", ""2020-08"", ""2020-09"", ""2020-10"", ""2020-11"", ""2020-12"", ""2021-02"", ""2021-04"", ""2021-05"", ""2021-06"", ""2021-07"", ""2021-08"", ""2021-10"", ""2021-12"", ""2022-03"", ""2022-11""]","[218.025, 24.225, 48.45, -8.074999999999996, 96.9, 48.45, 153.425, 113.05, -40.375, 16.15, 22.8, -21.375, 0.0, 24.225, -24.225, -16.15, -32.3, -40.375, -21.372]",29.550157894736845,218.025,-40.375,68.6073076929113,-109.80254557963536,19,-31.349,-20.446432192665526,0.0,0.0,0.0,0.0,"{""MAE"": 41.16685416666667, ""MSE"": 3508.932489104167, ""RMSE"": 59.23624303670994, ""MAPE"": 185.57007796535152, ""R2"": -0.10143628527920412}","{""MAE"": 56.24098512246495, ""MSE"": 5980.406001841849, ""RMSE"": 77.33308478162402, ""MAPE"": 258.96135224070827, ""R2"": -1.0726900436748763}","{""MAE"": 41.837413991514644, ""MSE"": 2970.0657336182717, ""RMSE"": 54.49830945651683, ""MAPE"": 144.5398682659043, ""R2"": 0.3690058871167089}","{""MAE"": 56.815676924860256, ""MSE"": 7371.541418903816, ""RMSE"": 85.85768118755489, ""MAPE"": 172.73486148923413, ""R2"": -0.566093028027733}","{""MAE"": 0.000515860790659777, ""MSE"": 4.1673913590602715e-07, ""RMSE"": 0.0006455533563587344, ""MAPE"": 0.0024447264099682273, ""R2"": 0.9999999999114633}","{""MAE"": 19.323552105263172, ""MSE"": 792.4440768635536, ""RMSE"": 28.15038324541166, ""MAPE"": 64.17332186594771, ""R2"": 0.8316442826061698}"
