ref_article,designation,marque,famille,frequency,next_period,avg_forecast,historical_periods,historical_values,avg_sales,max_sales,min_sales,std_sales,trend_pct,data_points,sma_forecast,es_forecast,lr_forecast,arima_forecast,prophet_forecast,xgb_forecast,sma_metrics,es_metrics,lr_metrics,arima_metrics,prophet_metrics,xgb_metrics
HZONETN/5.61,TEINT H ZONE S/A100ML 5.61 NEW,H. ZONE,IALO,monthly,2024-03,-4.742920462489084,"[""2020-01"", ""2020-02"", ""2020-03"", ""2020-05"", ""2020-08"", ""2020-09"", ""2020-10"", ""2020-11"", ""2021-03"", ""2021-05"", ""2021-06"", ""2021-12"", ""2022-03"", ""2022-11"", ""2024-02""]","[40.85, 24.225, 48.45, 0.0, 48.45, 76.95, 193.8, 96.9, 69.825, -32.3, 32.300000000000004, -40.375, -48.45, -28.496, -24.225]",30.526933333333336,193.8,-48.45,62.2788632603033,-159.30232558139534,15,-33.72366666666667,-16.878141218531404,0.0,0.0,22.144285110263567,0.0,"{""MAE"": 50.75858333333333, ""MSE"": 4915.178652175927, ""RMSE"": 70.10833511199597, ""MAPE"": 100.70325433666349, ""R2"": -0.02271348966137099}","{""MAE"": 45.73624211429639, ""MSE"": 3827.9616208597804, ""RMSE"": 61.87052303690167, ""MAPE"": 95.36224576419487, ""R2"": 0.07705433429852893}","{""MAE"": 41.10619395592144, ""MSE"": 2870.094809305854, ""RMSE"": 53.57326580773151, ""MAPE"": 76.99772144749788, ""R2"": 0.2600286772860644}","{""MAE"": 46.245955654659625, ""MSE"": 3144.9533232638614, ""RMSE"": 56.07988340986331, ""MAPE"": 91.99049913946499, ""R2"": 0.18916432204830713}","{""MAE"": 6.245474676132073, ""MSE"": 212.12916360892476, ""RMSE"": 14.56465459971244, ""MAPE"": 11.821880736068968, ""R2"": 0.9453086019064783}","{""MAE"": 12.736336000000005, ""MSE"": 251.97067069550707, ""RMSE"": 15.873584053247303, ""MAPE"": 25.32420364471239, ""R2"": 0.9350366162556261}"
