ref_article,designation,marque,famille,frequency,next_period,avg_forecast,historical_periods,historical_values,avg_sales,max_sales,min_sales,std_sales,trend_pct,data_points,sma_forecast,es_forecast,lr_forecast,arima_forecast,prophet_forecast,xgb_forecast,sma_metrics,es_metrics,lr_metrics,arima_metrics,prophet_metrics,xgb_metrics
HZONETN/7.0,TEINT H ZONE S/A100ML 7.0 NEW,H. ZONE,IALO,monthly,2022-03,-12.279090774281967,"[""2020-01"", ""2020-02"", ""2020-03"", ""2020-05"", ""2020-06"", ""2020-07"", ""2020-08"", ""2020-09"", ""2020-10"", ""2020-11"", ""2020-12"", ""2021-01"", ""2021-02"", ""2021-03"", ""2021-04"", ""2021-05"", ""2021-06"", ""2021-07"", ""2021-10"", ""2022-02""]","[806.075, 193.8, 299.25, 743.85, 249.945, 145.35000000000002, 929.1, 263.625, 460.27500000000003, 550.0500000000001, 48.45, 343.425, 48.45, 242.25, 168.15, -66.975, -32.300000000000004, 24.225, -16.15, -192.375]",260.4235,929.1,-192.375,296.4357158689722,-123.8656452563347,20,-61.43333333333334,-76.70834446964967,0.0,0.0,64.4671331572912,0.0,"{""MAE"": 167.7830392156863, ""MSE"": 50898.88691127452, ""RMSE"": 225.60781660056577, ""MAPE"": 162.60251668434037, ""R2"": 0.3982855236809164}","{""MAE"": 235.6065598277681, ""MSE"": 85515.45264819494, ""RMSE"": 292.4302526213643, ""MAPE"": 237.080034766918, ""R2"": -0.12514346668592702}","{""MAE"": 175.20789391691463, ""MSE"": 47129.47587796378, ""RMSE"": 217.09324235904668, ""MAPE"": 120.50357258485163, ""R2"": 0.4636706625232013}","{""MAE"": 268.6967458456405, ""MSE"": 123983.53516597205, ""RMSE"": 352.11295796373645, ""MAPE"": 177.65246352985505, ""R2"": -0.4109218495402056}","{""MAE"": 0.0035082590708999106, ""MSE"": 1.8512853020386123e-05, ""RMSE"": 0.004302656507366829, ""MAPE"": 0.0046277056940963075, ""R2"": 0.9999999997893253}","{""MAE"": 95.70057750000004, ""MSE"": 14740.900234680666, ""RMSE"": 121.41210909411247, ""MAPE"": 58.619308626854625, ""R2"": 0.8322498370839204}"
