ref_article,designation,marque,famille,frequency,next_period,avg_forecast,historical_periods,historical_values,avg_sales,max_sales,min_sales,std_sales,trend_pct,data_points,sma_forecast,es_forecast,lr_forecast,arima_forecast,prophet_forecast,xgb_forecast,sma_metrics,es_metrics,lr_metrics,arima_metrics,prophet_metrics,xgb_metrics
HZONETN/3.1,TEINT H ZONE S/A100ML 3.1 NEW,H. ZONE,IALO,monthly,2022-12,-6.454075697157431,"[""2020-01"", ""2020-02"", ""2020-03"", ""2020-05"", ""2020-06"", ""2020-07"", ""2020-08"", ""2020-09"", ""2020-10"", ""2020-11"", ""2021-01"", ""2021-03"", ""2021-04"", ""2021-05"", ""2021-06"", ""2021-08"", ""2021-10"", ""2021-12"", ""2022-03"", ""2022-11""]","[218.025, 145.35000000000002, 48.45, 48.45, 24.225, 193.8, 242.25, 48.45, 72.675, 40.375, 24.225, 91.2, 95.47500000000001, 40.37500000000001, 96.9, 80.75, -40.375, -40.375, -40.375, -14.248]",68.78009999999999,242.25,-40.375,79.21027194556272,-106.53503038642359,20,-31.666,-7.058454182944587,0.0,0.0,0.0,0.0,"{""MAE"": 68.54913725490196, ""MSE"": 6605.810657098039, ""RMSE"": 81.27613830084472, ""MAPE"": 128.96179719525912, ""R2"": -0.18895988520815288}","{""MAE"": 69.85450979195697, ""MSE"": 6513.784383754764, ""RMSE"": 80.7080193274173, ""MAPE"": 143.91385108455222, ""R2"": -0.21288841338098075}","{""MAE"": 53.58467811420651, ""MSE"": 3803.6246430450033, ""RMSE"": 61.67353275956391, ""MAPE"": 103.25740620824084, ""R2"": 0.39377388101274957}","{""MAE"": 62.56231941643722, ""MSE"": 7966.443928429496, ""RMSE"": 89.25493783779974, ""MAPE"": 96.72912993931018, ""R2"": -0.2697010977915828}","{""MAE"": 6.041184169005642, ""MSE"": 247.89878685158587, ""RMSE"": 15.744801899407495, ""MAPE"": 10.216513007475132, ""R2"": 0.9604896030607334}","{""MAE"": 17.120455000000003, ""MSE"": 504.95245240550037, ""RMSE"": 22.471147109248793, ""MAPE"": 29.07321893686635, ""R2"": 0.9195200909073353}"
