ref_article,designation,marque,famille,frequency,next_period,avg_forecast,historical_periods,historical_values,avg_sales,max_sales,min_sales,std_sales,trend_pct,data_points,sma_forecast,es_forecast,lr_forecast,arima_forecast,prophet_forecast,xgb_forecast,sma_metrics,es_metrics,lr_metrics,arima_metrics,prophet_metrics,xgb_metrics
HZONETN/5.3,TEINT H ZONE S/A100ML 5.3 NEW,H. ZONE,IALO,monthly,2024-03,14.397726191153232,"[""2020-01"", ""2020-02"", ""2020-03"", ""2020-05"", ""2020-08"", ""2020-09"", ""2020-10"", ""2020-11"", ""2021-01"", ""2021-02"", ""2021-03"", ""2021-04"", ""2021-05"", ""2021-06"", ""2021-12"", ""2022-03"", ""2024-02""]","[125.875, 24.225, 145.35000000000002, 24.225, 290.70000000000005, 48.45, 298.77500000000003, 96.9, 48.45, 24.225, 24.225, 96.9, 24.700000000000003, 24.225, -16.15, -40.375, -16.15]",72.03235294117648,298.77500000000003,-40.375,94.4666342297584,-112.83018867924528,17,-24.224999999999998,-3.6061535701083276,0.0,0.0,114.21751071702772,0.0,"{""MAE"": 84.90059523809528, ""MSE"": 10792.096790674606, ""RMSE"": 103.88501716164177, ""MAPE"": 175.33792519086637, ""R2"": -0.07386157311932595}","{""MAE"": 83.87832324160271, ""MSE"": 9357.889008561764, ""RMSE"": 96.73618252009825, ""MAPE"": 202.8455691730895, ""R2"": -0.007396910639872578}","{""MAE"": 62.35559677734562, ""MSE"": 6986.570567144153, ""RMSE"": 83.58570791196395, ""MAPE"": 149.98140913868002, ""R2"": 0.21709842668358426}","{""MAE"": 64.9147778891922, ""MSE"": 7238.587213096164, ""RMSE"": 85.07988724191026, ""MAPE"": 139.12885467387488, ""R2"": 0.18885792918605349}","{""MAE"": 0.002385447398641314, ""MSE"": 7.079767891338907e-06, ""RMSE"": 0.002660783322884242, ""MAPE"": 0.007215983091268062, ""R2"": 0.9999999992066549}","{""MAE"": 27.53155882352937, ""MSE"": 1374.6130181764672, ""RMSE"": 37.075774006438046, ""MAPE"": 51.622884055906184, ""R2"": 0.8459635261264544}"
