ref_article,designation,marque,famille,frequency,next_period,avg_forecast,historical_periods,historical_values,avg_sales,max_sales,min_sales,std_sales,trend_pct,data_points,sma_forecast,es_forecast,lr_forecast,arima_forecast,prophet_forecast,xgb_forecast,sma_metrics,es_metrics,lr_metrics,arima_metrics,prophet_metrics,xgb_metrics
HZONETN/8.4,TEINT H ZONE S/A100ML 8.4 NEW,H. ZONE,IALO,monthly,2024-03,-3.4583341118941546,"[""2020-01"", ""2020-03"", ""2020-05"", ""2020-06"", ""2020-08"", ""2020-09"", ""2020-10"", ""2020-11"", ""2021-03"", ""2021-04"", ""2021-05"", ""2021-06"", ""2021-12"", ""2022-03"", ""2022-11"", ""2024-02""]","[88.825, 48.45, -24.225, 24.225, 48.45, 48.45, 96.9, 193.8, 24.225, 72.67500000000001, -32.3, 0.0, -24.225, -16.15, -21.372, -8.075]",32.4783125,193.8,-32.3,58.34050063712038,-109.09090909090908,16,-15.198999999999998,-5.551004671364927,0.0,0.0,0.0,0.0,"{""MAE"": 45.87982051282052, ""MSE"": 3837.7888937179478, ""RMSE"": 61.94989018325979, ""MAPE"": 124.09499983292666, ""R2"": -0.043886425002333196}","{""MAE"": 47.565801391703154, ""MSE"": 3807.9717906333412, ""RMSE"": 61.708765914036405, ""MAPE"": 142.87549117114222, ""R2"": -0.11843002915193623}","{""MAE"": 37.577361242522045, ""MSE"": 2702.8184902429066, ""RMSE"": 51.98863808797944, ""MAPE"": 113.55698254847928, ""R2"": 0.20589747290466098}","{""MAE"": 45.739911216511715, ""MSE"": 3794.1904995495406, ""RMSE"": 61.59700073501583, ""MAPE"": 125.13377194708374, ""R2"": -0.1147534600825657}","{""MAE"": 0.0014145632003084163, ""MSE"": 4.093718254840105e-06, ""RMSE"": 0.0020232939121245103, ""MAPE"": 0.004875195448986583, ""R2"": 0.9999999987972437}","{""MAE"": 11.202454375000016, ""MSE"": 283.0750444435952, ""RMSE"": 16.82483415798192, ""MAPE"": 28.4336369357126, ""R2"": 0.9168310380583189}"
