ref_article,designation,marque,famille,frequency,next_period,avg_forecast,historical_periods,historical_values,avg_sales,max_sales,min_sales,std_sales,trend_pct,data_points,sma_forecast,es_forecast,lr_forecast,arima_forecast,prophet_forecast,xgb_forecast,sma_metrics,es_metrics,lr_metrics,arima_metrics,prophet_metrics,xgb_metrics
HZONETN/4.61,TEINT H ZONE S/A100ML 4.61 NEW,H. ZONE,IALO,monthly,2024-03,-2.7936743566549516,"[""2020-01"", ""2020-02"", ""2020-03"", ""2020-05"", ""2020-08"", ""2020-09"", ""2020-10"", ""2020-11"", ""2021-03"", ""2021-05"", ""2021-06"", ""2021-08"", ""2021-12"", ""2022-03"", ""2022-11"", ""2024-02""]","[105.45, 24.225, 48.45, 72.67500000000001, 48.45, 48.45, 96.9, 96.9, 24.225, -32.3, 24.225, -32.3, -8.075, -48.45, -28.496, -8.075]",27.015875,105.45,-48.45,48.529651524705756,-107.65765765765767,16,-28.340333333333334,-11.849361096221998,0.0,0.0,23.427648289625623,0.0,"{""MAE"": 28.341871794871793, ""MSE"": 1605.769651153846, ""RMSE"": 40.072055739053944, ""MAPE"": 93.66249616619056, ""R2"": 0.31191855245387057}","{""MAE"": 36.03620001257985, ""MSE"": 2021.5676655509153, ""RMSE"": 44.96184677647166, ""MAPE"": 121.76961574149776, ""R2"": 0.02559379756506719}","{""MAE"": 28.655113578923412, ""MSE"": 1290.4296693448139, ""RMSE"": 35.922550986042374, ""MAPE"": 104.56842109707848, ""R2"": 0.45207641579635893}","{""MAE"": 38.1398859139356, ""MSE"": 2378.0144119121114, ""RMSE"": 48.76488913052209, ""MAPE"": 121.00816027214427, ""R2"": -0.00971808911085481}","{""MAE"": 2.103638561426181, ""MSE"": 23.368151757500904, ""RMSE"": 4.834061621194015, ""MAPE"": 6.609480146942561, ""R2"": 0.9900777533473131}","{""MAE"": 11.863177500000022, ""MSE"": 208.4357863833129, ""RMSE"": 14.43730537127039, ""MAPE"": 43.79473426995876, ""R2"": 0.9114970107519031}"
