ref_article,designation,marque,famille,frequency,next_period,avg_forecast,historical_periods,historical_values,avg_sales,max_sales,min_sales,std_sales,trend_pct,data_points,sma_forecast,es_forecast,lr_forecast,arima_forecast,prophet_forecast,xgb_forecast,sma_metrics,es_metrics,lr_metrics,arima_metrics,prophet_metrics,xgb_metrics
HZONETN/8.3,TEINT H ZONE S/A100ML 8.3 NEW,H. ZONE,IALO,monthly,2024-03,-5.013171879413929,"[""2020-01"", ""2020-02"", ""2020-03"", ""2020-05"", ""2020-06"", ""2020-07"", ""2020-08"", ""2020-09"", ""2020-10"", ""2020-11"", ""2021-01"", ""2021-03"", ""2021-04"", ""2021-05"", ""2021-06"", ""2021-08"", ""2021-10"", ""2021-12"", ""2022-02"", ""2022-03"", ""2022-04"", ""2022-11"", ""2024-02""]","[279.3, 48.45, 48.45, 290.70000000000005, 24.225, 96.9, 193.8, 82.17500000000001, 290.70000000000005, 121.125, 48.45, 142.5, 24.225, -24.225, 48.45, -16.15, -8.075, -32.3, -99.75, -64.6, -56.525, -14.248, -8.075]",61.54356521739131,290.70000000000005,-99.75,110.07718948866749,-102.89115646258502,23,-26.282666666666668,-20.979977466696607,0.0,0.0,17.183612856879698,0.0,"{""MAE"": 59.97673333333334, ""MSE"": 5938.3014677222245, ""RMSE"": 77.06037547093983, ""MAPE"": 155.94742167245585, ""R2"": 0.4815861770692965}","{""MAE"": 84.6468206886715, ""MSE"": 10562.350351050012, ""RMSE"": 102.7732959043837, ""MAPE"": 226.5426915471741, ""R2"": -0.014203255309738871}","{""MAE"": 72.55736139062643, ""MSE"": 7483.498986913794, ""RMSE"": 86.50721927627656, ""MAPE"": 206.6068283205242, ""R2"": 0.38239608674069536}","{""MAE"": 94.912440503559, ""MSE"": 14615.61950035504, ""RMSE"": 120.89507641072501, ""MAPE"": 189.66054421558417, ""R2"": -0.2062089958070381}","{""MAE"": 12.458394695551489, ""MSE"": 675.3278627025193, ""RMSE"": 25.987071068177716, ""MAPE"": 24.921551591122554, ""R2"": 0.9442660269657998}","{""MAE"": 32.45615826086957, ""MSE"": 1793.6097041540866, ""RMSE"": 42.35102955246881, ""MAPE"": 61.000531992622996, ""R2"": 0.8519756100612154}"
