ref_article,designation,marque,famille,frequency,next_period,avg_forecast,historical_periods,historical_values,avg_sales,max_sales,min_sales,std_sales,trend_pct,data_points,sma_forecast,es_forecast,lr_forecast,arima_forecast,prophet_forecast,xgb_forecast,sma_metrics,es_metrics,lr_metrics,arima_metrics,prophet_metrics,xgb_metrics
HZONETN/1.0,TEINT H ZONE S/A100ML 1.0 NEW,H. ZONE,IALO,monthly,2021-11,9.572499155556516,"[""2020-01"", ""2020-02"", ""2020-03"", ""2020-05"", ""2020-06"", ""2020-07"", ""2020-08"", ""2020-09"", ""2020-10"", ""2020-11"", ""2020-12"", ""2021-01"", ""2021-03"", ""2021-04"", ""2021-05"", ""2021-06"", ""2021-07"", ""2021-10""]","[836.475, 242.25, 242.25, 436.05, 238.83, 314.925, 629.85, 169.57500000000002, 250.325, 48.45, -24.225, 24.225, 406.125, 361.95000000000005, 24.225, -40.37499999999999, 48.45, -8.075]",233.4044444444445,836.475,-40.37499999999999,232.74277447842195,-100.96536059057355,18,3.552713678800501e-15,43.4819746191238,0.0,7.160520314215297,0.0,6.792499999999989,"{""MAE"": 168.21122222222223, ""MSE"": 43091.458053148155, ""RMSE"": 207.5848213457529, ""MAPE"": 278.6449243960432, ""R2"": -0.10395556926578076}","{""MAE"": 230.17948119388856, ""MSE"": 69370.17502803859, ""RMSE"": 263.3821843406243, ""MAPE"": 367.3678288658929, ""R2"": -0.9989449064714531}","{""MAE"": 147.54739287068682, ""MSE"": 33726.664292895366, ""RMSE"": 183.64820797627013, ""MAPE"": 184.20129381166416, ""R2"": 0.377382998627675}","{""MAE"": 227.33075622438676, ""MSE"": 96563.30097352565, ""RMSE"": 310.74636115894526, ""MAPE"": 239.92716382369244, ""R2"": -0.7826237534974587}","{""MAE"": 0.0032643714710180027, ""MSE"": 1.5343889579935436e-05, ""RMSE"": 0.003917127720656481, ""MAPE"": 0.00396963714736145, ""R2"": 0.9999999997167415}","{""MAE"": 65.51717222222224, ""MSE"": 8202.67508294252, ""RMSE"": 90.56862085149868, ""MAPE"": 70.3934652604416, ""R2"": 0.8485730779948792}"
