ref_article,designation,marque,famille,frequency,next_period,avg_forecast,historical_periods,historical_values,avg_sales,max_sales,min_sales,std_sales,trend_pct,data_points,sma_forecast,es_forecast,lr_forecast,arima_forecast,prophet_forecast,xgb_forecast,sma_metrics,es_metrics,lr_metrics,arima_metrics,prophet_metrics,xgb_metrics
HZONETN/4.55,TEINT H ZONE S/A100ML 4.55 NEW,H. ZONE,IALO,monthly,2022-12,3.3447833760908203,"[""2020-01"", ""2020-02"", ""2020-05"", ""2020-06"", ""2020-10"", ""2021-02"", ""2021-12"", ""2022-11""]","[96.9, 24.225, 24.225, 24.225, -24.225, 40.375, -32.3, -21.372]",16.506625,96.9,-32.3,39.8237619987662,-122.05572755417957,8,-4.432333333333332,-4.9770943732500035,0.0,0.0,29.47812796312826,0.0,"{""MAE"": 33.34439999999999, ""MSE"": 1265.401131244444, ""RMSE"": 35.57247715923708, ""MAPE"": 119.29558924449435, ""R2"": -0.48224385673548986}","{""MAE"": 48.94864083214286, ""MSE"": 2833.938393364538, ""RMSE"": 53.234747988175336, ""MAPE"": 192.22185917823052, ""R2"": -2.7421875346157853}","{""MAE"": 24.843393698543373, ""MSE"": 862.7033862586766, ""RMSE"": 29.371812784686554, ""MAPE"": 74.62105135782716, ""R2"": 0.4560275121986822}","{""MAE"": 45.46517173927289, ""MSE"": 2798.8938770011982, ""RMSE"": 52.90457330894181, ""MAPE"": 140.80425718648232, ""R2"": -0.7648258829341121}","{""MAE"": 0.00028977861259749105, ""MSE"": 1.4928374843229077e-07, ""RMSE"": 0.0003863725513442832, ""MAPE"": 0.0011110020899602268, ""R2"": 0.9999999999058701}","{""MAE"": 13.504163750000002, ""MSE"": 263.7677087861376, ""RMSE"": 16.240926968191737, ""MAPE"": 40.64943645920792, ""R2"": 0.833682840434538}"
