ref_article,designation,marque,famille,frequency,next_period,avg_forecast,historical_periods,historical_values,avg_sales,max_sales,min_sales,std_sales,trend_pct,data_points,sma_forecast,es_forecast,lr_forecast,arima_forecast,prophet_forecast,xgb_forecast,sma_metrics,es_metrics,lr_metrics,arima_metrics,prophet_metrics,xgb_metrics
HZONETN/7.56,TEINT H ZONE S/A100ML 7.56 NEW,H. ZONE,IALO,monthly,2022-12,-16.68696008110842,"[""2020-01"", ""2020-02"", ""2020-03"", ""2020-05"", ""2020-06"", ""2020-08"", ""2020-09"", ""2020-10"", ""2020-11"", ""2021-04"", ""2021-05"", ""2021-06"", ""2021-07"", ""2021-12"", ""2022-02"", ""2022-03"", ""2022-11""]","[206.625, 72.67500000000001, 48.45, 48.45, 24.225, 48.45, 125.4, 64.60000000000001, 193.8, 198.07500000000002, -113.05, 32.300000000000004, 24.225, -48.45, -171.0, -24.225, -21.372]",41.71635294117647,206.625,-171.0,99.92738801628805,-110.34337568058076,17,-72.199,-27.92276048665051,0.0,0.0,0.0,0.0,"{""MAE"": 72.6299761904762, ""MSE"": 10039.679182388889, ""RMSE"": 100.1981994967419, ""MAPE"": 109.64575203991073, ""R2"": -0.013943466953802108}","{""MAE"": 84.24914392526948, ""MSE"": 11255.493226975857, ""RMSE"": 106.09190933796911, ""MAPE"": 128.68413023991477, ""R2"": -0.2785005992320795}","{""MAE"": 64.44675211403937, ""MSE"": 6660.1413843005175, ""RMSE"": 81.60968927952439, ""MAPE"": 91.3895056103347, ""R2"": 0.333017594925765}","{""MAE"": 88.45104998955641, ""MSE"": 13466.169284601014, ""RMSE"": 116.0438248447586, ""MAPE"": 133.3358142111656, ""R2"": -0.3485746710650768}","{""MAE"": 0.0009682551894190747, ""MSE"": 1.548838422262228e-06, ""RMSE"": 0.0012445233715210927, ""MAPE"": 0.0018502809233560526, ""R2"": 0.999999999844891}","{""MAE"": 32.69655588235293, ""MSE"": 1700.6550790207343, ""RMSE"": 41.238999491024686, ""MAPE"": 43.45712991133121, ""R2"": 0.8296872469583326}"
