ref_article,designation,marque,famille,frequency,next_period,avg_forecast,historical_periods,historical_values,avg_sales,max_sales,min_sales,std_sales,trend_pct,data_points,sma_forecast,es_forecast,lr_forecast,arima_forecast,prophet_forecast,xgb_forecast,sma_metrics,es_metrics,lr_metrics,arima_metrics,prophet_metrics,xgb_metrics
HZONETN/6.3,TEINT H ZONE S/A100ML 6.3 NEW,H. ZONE,IALO,monthly,2022-12,-5.466041607137112,"[""2020-01"", ""2020-02"", ""2020-03"", ""2020-05"", ""2020-06"", ""2020-07"", ""2020-08"", ""2020-09"", ""2020-10"", ""2020-11"", ""2021-01"", ""2021-03"", ""2021-04"", ""2021-05"", ""2021-06"", ""2021-10"", ""2021-12"", ""2022-03"", ""2022-04"", ""2022-11""]","[255.07500000000002, 24.225, 96.9, 290.7, 96.9, 24.225, 145.35000000000002, 149.625, 201.875, 96.9, 96.9, 96.9, 119.7, -24.225, 80.75, -16.15, -16.15, -32.3, -16.15, -21.372]",82.48389999999999,290.7,-32.3,92.08838782653325,-108.3787121434872,20,-23.274,-9.52224964282267,0.0,0.0,0.0,0.0,"{""MAE"": 58.2482156862745, ""MSE"": 5624.341714908494, ""RMSE"": 74.99561130431897, ""MAPE"": 136.5947425925705, ""R2"": 0.29301033973563484}","{""MAE"": 71.17929996840057, ""MSE"": 8366.210916746073, ""RMSE"": 91.46699359192951, ""MAPE"": 212.07903946633476, ""R2"": -0.14978698307707106}","{""MAE"": 53.31541650287257, ""MSE"": 4555.931866889533, ""RMSE"": 67.49764341730408, ""MAPE"": 123.77078550863784, ""R2"": 0.46276106338804623}","{""MAE"": 82.35148050793093, ""MSE"": 12656.973472606529, ""RMSE"": 112.50321538785693, ""MAPE"": 173.87187876058832, ""R2"": -0.49251989885249814}","{""MAE"": 4.3170712878821735, ""MSE"": 133.19393348896838, ""RMSE"": 11.540967614934564, ""MAPE"": 6.780919937364012, ""R2"": 0.9842936704758865}","{""MAE"": 25.705292499999956, ""MSE"": 1375.3486023598714, ""RMSE"": 37.08569269084604, ""MAPE"": 50.950331184028975, ""R2"": 0.8378178510586427}"
