ref_article,designation,marque,famille,frequency,next_period,avg_forecast,historical_periods,historical_values,avg_sales,max_sales,min_sales,std_sales,trend_pct,data_points,sma_forecast,es_forecast,lr_forecast,arima_forecast,prophet_forecast,xgb_forecast,sma_metrics,es_metrics,lr_metrics,arima_metrics,prophet_metrics,xgb_metrics
HZONETN/10.3,TEINT H ZONE S/A100ML 10.3 NEW,H. ZONE,IALO,monthly,2022-12,-12.022570325992197,"[""2020-01"", ""2020-02"", ""2020-03"", ""2020-05"", ""2020-06"", ""2020-07"", ""2020-08"", ""2020-09"", ""2020-10"", ""2020-11"", ""2021-05"", ""2021-06"", ""2021-08"", ""2021-10"", ""2021-12"", ""2022-02"", ""2022-03"", ""2022-11""]","[339.625, 48.45, 48.45, 193.8, 24.225, 48.45, 145.35000000000002, 32.30000000000001, 8.075, 96.9, -24.225, 56.525000000000006, -8.075, -32.3, -16.15, -99.75, -24.225, -21.372]",45.33627777777778,339.625,-99.75,97.55496492565133,-106.29282296650717,18,-48.44899999999999,-23.686421955953186,0.0,0.0,0.0,0.0,"{""MAE"": 46.97242222222222, ""MSE"": 2541.8111339333336, ""RMSE"": 50.41637763597593, ""MAPE"": 198.54022313897798, ""R2"": 0.5152889224591943}","{""MAE"": 80.66166523183587, ""MSE"": 12390.835873903321, ""RMSE"": 111.31413151034921, ""MAPE"": 294.26601570935503, ""R2"": -1.6461122669060293}","{""MAE"": 58.35158283653649, ""MSE"": 5257.036220865004, ""RMSE"": 72.50542201011594, ""MAPE"": 158.09053174977566, ""R2"": 0.4476145697484085}","{""MAE"": 96.70325330484216, ""MSE"": 16814.130087011577, ""RMSE"": 129.6693105056535, ""MAPE"": 233.67860083751904, ""R2"": -0.7667522330466028}","{""MAE"": 0.001975585426875407, ""MSE"": 4.881835157940936e-06, ""RMSE"": 0.0022094875328774626, ""MAPE"": 0.00796431855144797, ""R2"": 0.999999999487039}","{""MAE"": 31.024145555555556, ""MSE"": 1813.8774920352444, ""RMSE"": 42.5896406657211, ""MAPE"": 68.11232443020407, ""R2"": 0.8094060119112702}"
