ref_article,designation,marque,famille,frequency,next_period,avg_forecast,historical_periods,historical_values,avg_sales,max_sales,min_sales,std_sales,trend_pct,data_points,sma_forecast,es_forecast,lr_forecast,arima_forecast,prophet_forecast,xgb_forecast,sma_metrics,es_metrics,lr_metrics,arima_metrics,prophet_metrics,xgb_metrics
HZONETN/5.48,TEINT H ZONE S/A100ML 5.48 NEW,H. ZONE,IALO,monthly,2024-03,-6.622217781681137,"[""2020-01"", ""2020-03"", ""2020-05"", ""2020-06"", ""2020-08"", ""2020-09"", ""2020-10"", ""2020-11"", ""2021-01"", ""2021-02"", ""2021-03"", ""2021-04"", ""2021-05"", ""2021-06"", ""2021-08"", ""2022-03"", ""2022-11"", ""2024-02""]","[145.825, 48.45, 48.45, 24.225, 48.45, 12.350000000000009, 48.45, 72.67500000000001, 24.225, -24.225, 47.025000000000006, 72.67500000000001, -24.225, 72.675, -16.15, -48.45, -21.372, -16.15]",28.605722222222223,145.825,-48.45,47.026836794188945,-111.07491856677525,18,-28.657333333333337,-11.075973356753487,0.0,0.0,0.0,0.0,"{""MAE"": 38.07362222222222, ""MSE"": 1832.7572941851856, ""RMSE"": 42.81071471238463, ""MAPE"": 135.29269527943606, ""R2"": -0.16300890818311853}","{""MAE"": 46.09282918785203, ""MSE"": 2784.023704194668, ""RMSE"": 52.76384845890857, ""MAPE"": 158.77042265888676, ""R2"": -0.873738776290963}","{""MAE"": 30.659854140281098, ""MSE"": 1414.2564135587995, ""RMSE"": 37.60660066476096, ""MAPE"": 96.18662625197223, ""R2"": 0.36050578208982564}","{""MAE"": 50.615533139862976, ""MSE"": 3667.433842391631, ""RMSE"": 60.55934149569025, ""MAPE"": 137.34534322923975, ""R2"": -0.6583292211317469}","{""MAE"": 3.548212088818252, ""MSE"": 79.73326263824073, ""RMSE"": 8.929348388221882, ""MAPE"": 7.594990553995383, ""R2"": 0.9639464527482955}","{""MAE"": 16.467247777777768, ""MSE"": 396.4993516080879, ""RMSE"": 19.912291470548734, ""MAPE"": 48.42065531425017, ""R2"": 0.8207121139224989}"
