ref_article,designation,marque,famille,frequency,next_period,avg_forecast,historical_periods,historical_values,avg_sales,max_sales,min_sales,std_sales,trend_pct,data_points,sma_forecast,es_forecast,lr_forecast,arima_forecast,prophet_forecast,xgb_forecast,sma_metrics,es_metrics,lr_metrics,arima_metrics,prophet_metrics,xgb_metrics
HZONETN/7.01,TEINT H ZONE S/A100ML 7.01 NEW,H. ZONE,IALO,monthly,2024-03,44.02761331190939,"[""2020-01"", ""2020-02"", ""2020-03"", ""2020-05"", ""2020-06"", ""2020-07"", ""2020-08"", ""2020-09"", ""2020-12"", ""2021-01"", ""2021-03"", ""2021-04"", ""2021-05"", ""2021-06"", ""2021-07"", ""2021-10"", ""2022-11"", ""2024-02""]","[1464.4250000000002, 258.4, 532.95, 532.95, 96.9, 48.45, 799.425, 314.925, -40.375, 32.3, 163.875, 584.25, 355.3, -48.45, 48.45, -8.075, -7.124, -24.225]",283.5750555555556,1464.4250000000002,-48.45,378.9182876844547,-101.65423289004217,18,-13.141333333333334,26.052987134315366,0.0,0.0,251.25402607047434,0.0,"{""MAE"": 249.98717777777776, ""MSE"": 96544.01759396294, ""RMSE"": 310.71533208704545, ""MAPE"": 435.9353604134204, ""R2"": -0.4545837092920546}","{""MAE"": 368.30685023108805, ""MSE"": 215314.49914502935, ""RMSE"": 464.01993399532887, ""MAPE"": 610.2981737532888, ""R2"": -2.3035834892421327}","{""MAE"": 254.7941280888423, ""MSE"": 107682.38581863522, ""RMSE"": 328.1499441088406, ""MAPE"": 433.9418435002923, ""R2"": 0.25001334273631226}","{""MAE"": 354.1451901256122, ""MSE"": 280037.4227906054, ""RMSE"": 529.1856222447898, ""MAPE"": 285.02587822585997, ""R2"": -0.9504056214096066}","{""MAE"": 0.00693892121963365, ""MSE"": 9.913020012868228e-05, ""RMSE"": 0.00995641502392715, ""MAPE"": 0.009147337421937433, ""R2"": 0.9999999993095776}","{""MAE"": 105.13358388888884, ""MSE"": 28485.81001080635, ""RMSE"": 168.77739780790066, ""MAPE"": 67.95724804774635, ""R2"": 0.8016019308354146}"
