ref_article,designation,marque,famille,frequency,next_period,avg_forecast,historical_periods,historical_values,avg_sales,max_sales,min_sales,std_sales,trend_pct,data_points,sma_forecast,es_forecast,lr_forecast,arima_forecast,prophet_forecast,xgb_forecast,sma_metrics,es_metrics,lr_metrics,arima_metrics,prophet_metrics,xgb_metrics
HZONETN/6.58,TEINT H ZONE S/A100ML 6.58 NEW,H. ZONE,IALO,monthly,2022-12,-5.760838518726454,"[""2020-01"", ""2020-02"", ""2020-03"", ""2020-05"", ""2020-06"", ""2020-08"", ""2020-09"", ""2020-10"", ""2020-11"", ""2020-12"", ""2021-01"", ""2021-05"", ""2021-06"", ""2021-08"", ""2022-03"", ""2022-11""]","[226.575, 72.67500000000001, 48.45, 24.225, 96.9, 218.025, 76.95, 298.77500000000003, 145.35000000000002, -48.45, 52.725, -21.375, 16.150000000000002, -8.075, -48.45, -21.372]",70.567375,298.77500000000003,-48.45,100.57006784878578,-109.43263819927178,16,-25.965666666666667,-8.599364445692053,0.0,0.0,0.0,0.0,"{""MAE"": 79.12989743589743, ""MSE"": 10224.216362871799, ""RMSE"": 101.11486717032169, ""MAPE"": 164.85346538880026, ""R2"": 0.019619294709975366}","{""MAE"": 90.27437648212444, ""MSE"": 11632.963863690475, ""RMSE"": 107.856218474831, ""MAPE"": 224.24666550829957, ""R2"": -0.28428947701361196}","{""MAE"": 66.91662795508277, ""MSE"": 7145.113444006491, ""RMSE"": 84.52877287649744, ""MAPE"": 139.36349178543583, ""R2"": 0.2935659202302926}","{""MAE"": 89.25414174868789, ""MSE"": 13709.363849832978, ""RMSE"": 117.08699265859116, ""MAPE"": 127.1953788494852, ""R2"": -0.3554384981261125}","{""MAE"": 0.0012278878930667148, ""MSE"": 2.4926724491708607e-06, ""RMSE"": 0.0015788199546404463, ""MAPE"": 0.0025535598306963073, ""R2"": 0.9999999997535506}","{""MAE"": 28.20795749999999, ""MSE"": 1356.1626603869972, ""RMSE"": 36.82611383769671, ""MAPE"": 43.873472137507605, ""R2"": 0.8659168215429588}"
