ref_article,designation,marque,famille,frequency,next_period,avg_forecast,historical_periods,historical_values,avg_sales,max_sales,min_sales,std_sales,trend_pct,data_points,sma_forecast,es_forecast,lr_forecast,arima_forecast,prophet_forecast,xgb_forecast,sma_metrics,es_metrics,lr_metrics,arima_metrics,prophet_metrics,xgb_metrics
HZONETN/8.0,TEINT H ZONE S/A100ML 8.0 NEW,H. ZONE,IALO,monthly,2024-03,-7.42371660670324,"[""2020-01"", ""2020-02"", ""2020-03"", ""2020-05"", ""2020-06"", ""2020-07"", ""2020-08"", ""2020-09"", ""2020-10"", ""2020-11"", ""2020-12"", ""2021-01"", ""2021-02"", ""2021-03"", ""2021-04"", ""2021-05"", ""2021-06"", ""2021-08"", ""2021-10"", ""2021-12"", ""2022-02"", ""2022-03"", ""2022-04"", ""2024-02""]","[671.1750000000001, 48.45, 96.9, 420.375, 176.41500000000002, 242.25, 750.975, 169.57500000000002, 177.65, 363.375, -24.225, 339.15, 48.45, 163.875, 337.725, 56.525000000000006, 48.45, 96.9, -64.6, -48.45, -92.625, -48.45, -8.075, -24.225]",162.39854166666666,750.975,-92.625,218.32679898052277,-103.60934182590233,24,-26.916666666666668,-19.514669899315848,0.0,0.0,1.8890369257630777,0.0,"{""MAE"": 123.24666666666668, ""MSE"": 26782.059864814815, ""RMSE"": 163.65225285591035, ""MAPE"": 179.39234382074244, ""R2"": 0.3480705560191838}","{""MAE"": 174.00872145094243, ""MSE"": 52923.73485316016, ""RMSE"": 230.05159172055332, ""MAPE"": 246.18312088675572, ""R2"": -0.3929048481625692}","{""MAE"": 141.41001807988297, ""MSE"": 32763.060087695147, ""RMSE"": 181.00569076052594, ""MAPE"": 191.83743385717096, ""R2"": 0.3126619862016913}","{""MAE"": 205.37965135423693, ""MSE"": 75344.81833370008, ""RMSE"": 274.4901060761573, ""MAPE"": 239.22207894955406, ""R2"": -0.5806630285713039}","{""MAE"": 19.387578435914865, ""MSE"": 995.6501090739895, ""RMSE"": 31.553923830072062, ""MAPE"": 37.26468910294787, ""R2"": 0.9791122023835006}","{""MAE"": 67.32994375000001, ""MSE"": 8530.714023330735, ""RMSE"": 92.36186455096461, ""MAPE"": 77.10863749096504, ""R2"": 0.8210336880198904}"
