ref_article,designation,marque,famille,frequency,next_period,avg_forecast,historical_periods,historical_values,avg_sales,max_sales,min_sales,std_sales,trend_pct,data_points,sma_forecast,es_forecast,lr_forecast,arima_forecast,prophet_forecast,xgb_forecast,sma_metrics,es_metrics,lr_metrics,arima_metrics,prophet_metrics,xgb_metrics
HZONETN/9.0,TEINT H ZONE S/A100ML9.0 NEW,H. ZONE,IALO,monthly,2024-03,-8.334121199879581,"[""2020-01"", ""2020-02"", ""2020-03"", ""2020-05"", ""2020-06"", ""2020-07"", ""2020-08"", ""2020-09"", ""2020-10"", ""2020-11"", ""2020-12"", ""2021-01"", ""2021-02"", ""2021-03"", ""2021-04"", ""2021-05"", ""2021-06"", ""2021-08"", ""2021-10"", ""2021-12"", ""2022-03"", ""2022-11"", ""2024-02""]","[574.2750000000001, 96.9, 48.45, 81.225, 105.45, 242.25, 371.925, 121.125, 355.3, 193.8, -40.375, 125.4, -40.375, 121.125, 192.375, 80.75, 72.67500000000001, 96.9, -48.45, -56.525, -48.45, -28.496, -24.225]",112.74039130434787,574.2750000000001,-56.525,153.72666026700406,-104.21836228287842,23,-33.72366666666667,-16.281060532610823,0.0,0.0,0.0,0.0,"{""MAE"": 98.76846666666668, ""MSE"": 14454.168084499997, ""RMSE"": 120.22548849765593, ""MAPE"": 125.61855724658508, ""R2"": 0.0933891370607538}","{""MAE"": 130.18841690395163, ""MSE"": 31222.882642515047, ""RMSE"": 176.6999791808563, ""MAPE"": 188.51927548202775, ""R2"": -1.1409750582178932}","{""MAE"": 99.23083951304571, ""MSE"": 16639.022634188063, ""RMSE"": 128.9923355637383, ""MAPE"": 128.73226722008098, ""R2"": 0.29590797027030424}","{""MAE"": 137.8105689116663, ""MSE"": 38651.2520513848, ""RMSE"": 196.5992168127452, ""MAPE"": 147.17733306825363, ""R2"": -0.6355551108234645}","{""MAE"": 7.630203594454223, ""MSE"": 417.21530379108253, ""RMSE"": 20.425848912372835, ""MAPE"": 11.163605434493713, ""R2"": 0.9823452388677582}","{""MAE"": 44.08955565217393, ""MSE"": 3953.326504834823, ""RMSE"": 62.875484132011444, ""MAPE"": 44.44873631377736, ""R2"": 0.8327121884398361}"
