ref_article,designation,marque,famille,frequency,next_period,avg_forecast,historical_periods,historical_values,avg_sales,max_sales,min_sales,std_sales,trend_pct,data_points,sma_forecast,es_forecast,lr_forecast,arima_forecast,prophet_forecast,xgb_forecast,sma_metrics,es_metrics,lr_metrics,arima_metrics,prophet_metrics,xgb_metrics
HZONETN/10.0,TEINT H ZONE S/A100ML 10.0 NEW,H. ZONE,IALO,monthly,2022-12,-5.589026006356531,"[""2020-01"", ""2020-02"", ""2020-03"", ""2020-05"", ""2020-06"", ""2020-07"", ""2020-08"", ""2020-09"", ""2020-10"", ""2020-11"", ""2020-12"", ""2021-01"", ""2021-03"", ""2021-04"", ""2021-05"", ""2021-06"", ""2021-10"", ""2021-12"", ""2022-03"", ""2022-11""]","[448.875, 48.45, 48.45, 387.6, 103.74000000000001, 145.35000000000002, 323.0, -56.52499999999999, -8.075, 64.6, -40.375, 32.3, 24.225, 139.65, -24.225, 96.9, -96.9, -16.15, -48.45, -7.124]",78.26579999999998,448.875,-96.9,145.31777656797533,-101.58707880813145,20,-23.907999999999998,-9.626156038139186,0.0,0.0,0.0,0.0,"{""MAE"": 84.4308431372549, ""MSE"": 12059.24105038562, ""RMSE"": 109.81457576472087, ""MAPE"": 242.86543832999286, ""R2"": 0.2613084337594662}","{""MAE"": 124.84497926957307, ""MSE"": 26211.441624969233, ""RMSE"": 161.89948000215824, ""MAPE"": 304.9093878268649, ""R2"": -0.7929455010222461}","{""MAE"": 97.91402257550092, ""MSE"": 14913.708655657445, ""RMSE"": 122.12169608901378, ""MAPE"": 262.61672660760723, ""R2"": 0.2937667411034869}","{""MAE"": 144.53844463463156, ""MSE"": 37014.00927631189, ""RMSE"": 192.3902525501536, ""MAPE"": 287.46427714582563, ""R2"": -0.7527849711694101}","{""MAE"": 0.0018016145540432848, ""MSE"": 5.745824784856225e-06, ""RMSE"": 0.0023970450110200737, ""MAPE"": 0.006077012405862339, ""R2"": 0.9999999997279085}","{""MAE"": 48.36489600000004, ""MSE"": 3973.8857151547722, ""RMSE"": 63.0387635915773, ""MAPE"": 78.4578968687331, ""R2"": 0.8118180846967648}"
