ref_article,designation,marque,famille,frequency,next_period,avg_forecast,historical_periods,historical_values,avg_sales,max_sales,min_sales,std_sales,trend_pct,data_points,sma_forecast,es_forecast,lr_forecast,arima_forecast,prophet_forecast,xgb_forecast,sma_metrics,es_metrics,lr_metrics,arima_metrics,prophet_metrics,xgb_metrics
HZOSVOLUM200ML,H.Z OPTION WINDY SHAMPOO VOLUME CHEVEUX FINS 200ML,H. ZONE,IALO,monthly,2021-09,142.88190184543566,"[""2020-01"", ""2020-02"", ""2020-03"", ""2020-05"", ""2020-06"", ""2020-07"", ""2020-08"", ""2020-10"", ""2020-12"", ""2021-02"", ""2021-08""]","[127.5, 153.0, -24.735, 68.255, 102.0, -25.5, 8.5, 25.5, 25.5, 25.5, -41.225]",40.39045454545454,153.0,-41.225,61.620015101888974,-132.33333333333331,11,3.258333333333333,-6.068291243743504,0.0,0.0,860.1013689830241,0.0,"{""MAE"": 33.142916666666665, ""MSE"": 1710.5109229166665, ""RMSE"": 41.358323502248815, ""MAPE"": 137.83139490513094, ""R2"": 0.08727422001305818}","{""MAE"": 48.699246782734996, ""MSE"": 4735.828538742771, ""RMSE"": 68.81735637717254, ""MAPE"": 198.63009444037954, ""R2"": -0.4170468665272935}","{""MAE"": 37.39692990511161, ""MSE"": 2365.4515518135845, ""RMSE"": 48.63590804964563, ""MAPE"": 123.96668030560751, ""R2"": 0.37702523261116794}","{""MAE"": 58.975298468330486, ""MSE"": 6293.995655980363, ""RMSE"": 79.3347065033984, ""MAPE"": 168.01358679387883, ""R2"": -0.657611831755534}","{""MAE"": 0.00307093926885022, ""MSE"": 1.2094250631829755e-05, ""RMSE"": 0.0034776789144240665, ""MAPE"": 0.009667963112201028, ""R2"": 0.9999999968148099}","{""MAE"": 19.15451818181818, ""MSE"": 661.721222615455, ""RMSE"": 25.72394259470066, ""MAPE"": 48.61519580600137, ""R2"": 0.8257264561520794}"
