ref_article,designation,marque,famille,frequency,next_period,avg_forecast,historical_periods,historical_values,avg_sales,max_sales,min_sales,std_sales,trend_pct,data_points,sma_forecast,es_forecast,lr_forecast,arima_forecast,prophet_forecast,xgb_forecast,sma_metrics,es_metrics,lr_metrics,arima_metrics,prophet_metrics,xgb_metrics
HZOSGB100ML,H.Z OPTION SUNSET GEL BRILLANT EFFET DORE 100ML,H. ZONE,IALO,monthly,2021-12,524.4993032876779,"[""2020-03"", ""2020-05"", ""2020-06"", ""2020-10"", ""2021-02"", ""2021-11""]","[-36.975, -36.975, -73.95, 40.673, -20.951999999999998, -40.673]",-28.142,40.673,-73.95,34.63775138968079,10.001352265043948,6,-6.983999999999999,-31.178929049999994,0.0,0.0,3185.158748776067,0.0,"{""MAE"": 38.345000000000006, ""MSE"": 2870.6093139629643, ""RMSE"": 53.57806747133536, ""MAPE"": 96.17804338946861, ""R2"": -1.3913484870911481}","{""MAE"": 29.116900999999995, ""MSE"": 1923.5372732303047, ""RMSE"": 43.85814945059019, ""MAPE"": 63.634533493586666, ""R2"": -0.3536472642876456}","{""MAE"": 24.645315342631907, ""MSE"": 1185.1884015486153, ""RMSE"": 34.42656534638063, ""MAPE"": 54.958230344017124, ""R2"": 0.012156807829419969}","{""MAE"": 38.01936803016607, ""MSE"": 2439.270990656689, ""RMSE"": 49.38897640827039, ""MAPE"": 91.37494812986509, ""R2"": -1.0331090304553205}","{""MAE"": 0.0004135786445308061, ""MSE"": 2.1723146693023193e-07, ""RMSE"": 0.00046608096606730456, ""MAPE"": 0.0009979569712143613, ""R2"": 0.9999999998189396}","{""MAE"": 13.323393333333328, ""MSE"": 301.9025056795668, ""RMSE"": 17.375341886695836, ""MAPE"": 34.38245234083545, ""R2"": 0.748367150281662}"
