ref_article,designation,marque,famille,frequency,next_period,avg_forecast,historical_periods,historical_values,avg_sales,max_sales,min_sales,std_sales,trend_pct,data_points,sma_forecast,es_forecast,lr_forecast,arima_forecast,prophet_forecast,xgb_forecast,sma_metrics,es_metrics,lr_metrics,arima_metrics,prophet_metrics,xgb_metrics
HZOTWCD100ML,H.Z OPTION TWIST CREME CHEVEUX BOUCLES  200ML,H. ZONE,IALO,monthly,2021-12,68.28251873429217,"[""2020-01"", ""2020-02"", ""2020-03"", ""2020-05"", ""2020-06"", ""2020-10"", ""2021-02"", ""2021-11""]","[-73.95, 37.230000000000004, -36.975, -36.975, -61.625, 37.23, 37.23, -12.41]",-13.780625,37.230000000000004,-73.95,43.00221821585923,-83.2183908045977,8,20.683333333333334,-7.9767649203,20.2404059278349,13.424341025548852,361.83034703933595,1.4934499999999995,"{""MAE"": 43.71833333333333, ""MSE"": 2598.4938883333334, ""RMSE"": 50.97542435657925, ""MAPE"": 124.90156930667085, ""R2"": -0.6606416505213595}","{""MAE"": 41.441461947142855, ""MSE"": 3315.8929788740834, ""RMSE"": 57.583790938718884, ""MAPE"": 114.79678366286525, ""R2"": -1.178237272642416}","{""MAE"": 37.19481153350512, ""MSE"": 1629.91193768927, ""RMSE"": 40.37216785966874, ""MAPE"": 107.1268243839349, ""R2"": 0.11858096913337202}","{""MAE"": 56.45955259076795, ""MSE"": 4083.422818666734, ""RMSE"": 63.90166522608573, ""MAPE"": 169.50626802675262, ""R2"": -1.2082214997151999}","{""MAE"": 0.00034216925824415156, ""MSE"": 1.7254304138109818e-07, ""RMSE"": 0.00041538300564791786, ""MAPE"": 0.001001628705791524, ""R2"": 0.9999999999066926}","{""MAE"": 17.5820375, ""MSE"": 404.8614337350002, ""RMSE"": 20.121168796444213, ""MAPE"": 50.45696661943, ""R2"": 0.7810602129438428}"
