ref_article,designation,marque,famille,frequency,next_period,avg_forecast,historical_periods,historical_values,avg_sales,max_sales,min_sales,std_sales,trend_pct,data_points,sma_forecast,es_forecast,lr_forecast,arima_forecast,prophet_forecast,xgb_forecast,sma_metrics,es_metrics,lr_metrics,arima_metrics,prophet_metrics,xgb_metrics
HZOVSS200ML,H.Z OPTION WINDY SPRAY VOLUME CHEVEUX FINS 200ML,H. ZONE,IALO,monthly,2021-09,4.817702173936866,"[""2020-01"", ""2020-02"", ""2020-03"", ""2020-09"", ""2020-10"", ""2021-02"", ""2021-08""]","[61.71, 61.71, -59.67, -143.99, 61.71, 61.71, -59.67]",-2.355714285714287,61.71,-143.99,78.4199214589804,-196.69421487603304,7,21.25,-21.130471980000003,0.0,0.0,28.786685023621203,0.0,"{""MAE"": 109.02666666666666, ""MSE"": 13466.783466666668, ""RMSE"": 116.04647115128779, ""MAPE"": 139.15467248800584, ""R2"": -0.7777777777777779}","{""MAE"": 86.25962633333334, ""MSE"": 10151.1127241102, ""RMSE"": 100.75273060374195, ""MAPE"": 115.50305327668966, ""R2"": -0.5919441997054753}","{""MAE"": 67.58029182879383, ""MSE"": 5787.305619594225, ""RMSE"": 76.07434271549262, ""MAPE"": 91.76320420193287, ""R2"": 0.05892635413919067}","{""MAE"": 88.13479275494755, ""MSE"": 11704.433373185208, ""RMSE"": 108.18702959775358, ""MAPE"": 132.10777332268415, ""R2"": -0.9032576662178466}","{""MAE"": 0.0011308046130206353, ""MSE"": 1.7617333314771166e-06, ""RMSE"": 0.0013273030292578695, ""MAPE"": 0.0016647316444643636, ""R2"": 0.9999999997135246}","{""MAE"": 35.294428571428575, ""MSE"": 1746.9199431714303, ""RMSE"": 41.796171393698614, ""MAPE"": 48.12544934622856, ""R2"": 0.715933384547512}"
