ref_article,designation,marque,famille,frequency,next_period,avg_forecast,historical_periods,historical_values,avg_sales,max_sales,min_sales,std_sales,trend_pct,data_points,sma_forecast,es_forecast,lr_forecast,arima_forecast,prophet_forecast,xgb_forecast,sma_metrics,es_metrics,lr_metrics,arima_metrics,prophet_metrics,xgb_metrics
HZT/9.52,TEINT IALO 9.52 100ML,H. ZONE,IALO,monthly,2023-09,-6.5990260484295105,"[""2020-01"", ""2020-06"", ""2020-08"", ""2020-09"", ""2020-10"", ""2021-03"", ""2022-04"", ""2022-08"", ""2023-06"", ""2023-08""]","[-179.452, 38.454, 19.227, -6.409, 16.965, 11.534, -12.818, -11.932, -17.898, -25.636]",-16.796499999999998,38.454,-179.452,57.42501209098697,-85.71428571428572,10,-18.488666666666663,-21.105489623910394,0.0,0.0,0.0,0.0,"{""MAE"": 14.023761904761903, ""MSE"": 312.16365674603173, ""RMSE"": 17.668153744690805, ""MAPE"": 138.45514640681682, ""R2"": -0.516098253174534}","{""MAE"": 61.89934852380444, ""MSE"": 8549.57773381818, ""RMSE"": 92.46392666233778, ""MAPE"": 362.2085873684734, ""R2"": -20.494176104420195}","{""MAE"": 37.87389518644068, ""MSE"": 3238.381148705718, ""RMSE"": 56.90677594720788, ""MAPE"": 137.7993163664298, ""R2"": 0.017967700670973308}","{""MAE"": 58.99326610876072, ""MSE"": 8939.49066766384, ""RMSE"": 94.54887978005789, ""MAPE"": 215.57939747027365, ""R2"": -1.7108818178196672}","{""MAE"": 0.0005568318113048143, ""MSE"": 4.403467796218287e-07, ""RMSE"": 0.0006635863015628251, ""MAPE"": 0.003191005833144123, ""R2"": 0.9999999998664658}","{""MAE"": 12.837656999999988, ""MSE"": 915.1915752090878, ""RMSE"": 30.252133399300746, ""MAPE"": 30.758735758274973, ""R2"": 0.7224700720332637}"
