ref_article,designation,marque,famille,frequency,next_period,avg_forecast,historical_periods,historical_values,avg_sales,max_sales,min_sales,std_sales,trend_pct,data_points,sma_forecast,es_forecast,lr_forecast,arima_forecast,prophet_forecast,xgb_forecast,sma_metrics,es_metrics,lr_metrics,arima_metrics,prophet_metrics,xgb_metrics
HZT/4.57,TEINT IALO 4.57 100ML,H. ZONE,IALO,monthly,2023-10,-10.075173917216313,"[""2020-01"", ""2020-05"", ""2020-06"", ""2020-08"", ""2020-09"", ""2020-10"", ""2021-02"", ""2021-09"", ""2022-04"", ""2023-08"", ""2023-09""]","[-100.785, 75.551, -44.863, 19.227, -63.689, 93.873, 18.264, -19.227, -32.045, -76.908, -10.96]",-12.869272727272726,93.873,-100.785,58.04360453547898,-89.1253658778588,11,-39.971000000000004,-20.48004350329788,0.0,0.0,0.0,0.0,"{""MAE"": 55.553125, ""MSE"": 4266.708767041667, ""RMSE"": 65.3200487372879, ""MAPE"": 155.67033857169545, ""R2"": -0.6761115740620396}","{""MAE"": 57.33482576868521, ""MSE"": 6092.777727204551, ""RMSE"": 78.05624720164653, ""MAPE"": 136.8151716562096, ""R2"": -1.133507234692373}","{""MAE"": 46.61219109788977, ""MSE"": 3225.2486604319934, ""RMSE"": 56.79127274882993, ""MAPE"": 100.4759334272679, ""R2"": 0.04268590225951874}","{""MAE"": 66.80172860602448, ""MSE"": 6374.718507835548, ""RMSE"": 79.84183432158575, ""MAPE"": 180.7502314093449, ""R2"": -0.8921356271056458}","{""MAE"": 3.0627028455143774, ""MSE"": 39.78966613979423, ""RMSE"": 6.307905051583626, ""MAPE"": 14.151121623510853, ""R2"": 0.9881896832305296}","{""MAE"": 28.590359999999997, ""MSE"": 1135.2467544330364, ""RMSE"": 33.693423014485134, ""MAPE"": 67.51515887729981, ""R2"": 0.6630375400923951}"
