ref_article,designation,marque,famille,frequency,next_period,avg_forecast,historical_periods,historical_values,avg_sales,max_sales,min_sales,std_sales,trend_pct,data_points,sma_forecast,es_forecast,lr_forecast,arima_forecast,prophet_forecast,xgb_forecast,sma_metrics,es_metrics,lr_metrics,arima_metrics,prophet_metrics,xgb_metrics
HZT/8.52,TEINT IALO 8.52 100ML,H. ZONE,IALO,monthly,2022-09,33.30632028232024,"[""2020-01"", ""2020-05"", ""2020-06"", ""2022-04"", ""2022-08""]","[24.406, 38.454, 19.227, -25.636, -23.863]",6.517600000000002,38.454,-25.636,26.299399982509104,-197.77513726132918,5,-10.090666666666666,-7.088405660000002,0.0,0.0,217.01699402058813,0.0,"{""MAE"": 43.7715, ""MSE"": 2001.0786656111109, ""RMSE"": 44.73341777252338, ""MAPE"": 175.74824168742873, ""R2"": -2545.283066720379}","{""MAE"": 27.278411499999997, ""MSE"": 1025.8616964725888, ""RMSE"": 32.02907579797751, ""MAPE"": 107.37406277044118, ""R2"": -0.3417416948691163}","{""MAE"": 6.994358521363428, ""MSE"": 62.74865022486798, ""RMSE"": 7.9214045613683925, ""MAPE"": 25.20680095483178, ""R2"": 0.9092779807968911}","{""MAE"": 22.211561870529017, ""MSE"": 615.7200258288915, ""RMSE"": 24.813706410548416, ""MAPE"": 90.11460148994624, ""R2"": 0.10979178345975482}","{""MAE"": 0.00017261793810376957, ""MSE"": 5.982120065346245e-08, ""RMSE"": 0.0002445837293310053, ""MAPE"": 0.0008110545514353404, ""R2"": 0.9999999999135105}","{""MAE"": 4.43027399999999, ""MSE"": 21.52547414361992, ""RMSE"": 4.639555382105049, ""MAPE"": 17.120749412805257, ""R2"": 0.9688784623794253}"
