ref_article,designation,marque,famille,frequency,next_period,avg_forecast,historical_periods,historical_values,avg_sales,max_sales,min_sales,std_sales,trend_pct,data_points,sma_forecast,es_forecast,lr_forecast,arima_forecast,prophet_forecast,xgb_forecast,sma_metrics,es_metrics,lr_metrics,arima_metrics,prophet_metrics,xgb_metrics
HZT/C,TEINT IALO CASTAGNA 100ML,H. ZONE,IALO,monthly,2023-10,-7.118438098735851,"[""2020-01"", ""2020-02"", ""2020-03"", ""2020-05"", ""2020-06"", ""2020-08"", ""2020-09"", ""2020-10"", ""2020-11"", ""2021-01"", ""2021-02"", ""2021-03"", ""2021-05"", ""2021-09"", ""2022-04"", ""2022-05"", ""2022-08"", ""2022-11"", ""2023-08"", ""2023-09""]","[-57.681, 19.227, 38.454, 337.038, 38.454, -56.324, -19.227, 132.327, 513.678, 184.576, 34.603, 46.14, 36.526, -12.818, -51.272, -38.448, -59.658, -30.281, -38.454, -9.365]",50.374750000000006,513.678,-59.658,142.03108921495848,-83.7641511069503,20,-26.03333333333333,-16.677295259081774,0.0,0.0,0.0,0.0,"{""MAE"": 126.15754901960784, ""MSE"": 32589.99412370588, ""RMSE"": 180.52699001452908, ""MAPE"": 231.34711537366672, ""R2"": -0.42305308100181405}","{""MAE"": 107.8249749030755, ""MSE"": 23870.423010937808, ""RMSE"": 154.50055990493306, ""MAPE"": 209.4156324680279, ""R2"": -0.15945148552769206}","{""MAE"": 90.3354622797108, ""MSE"": 17832.62702489159, ""RMSE"": 133.53885960607718, ""MAPE"": 173.74831026897553, ""R2"": 0.11600768179166854}","{""MAE"": 105.60396452571165, ""MSE"": 24691.906886361237, ""RMSE"": 157.136586721111, ""MAPE"": 179.331477678273, ""R2"": -0.22401797441234983}","{""MAE"": 8.515371165039602, ""MSE"": 419.8437491184118, ""RMSE"": 20.490089046131835, ""MAPE"": 18.27447616699589, ""R2"": 0.9791876626730088}","{""MAE"": 28.127717500000006, ""MSE"": 2288.1645172400736, ""RMSE"": 47.83476264433716, ""MAPE"": 45.94360424311361, ""R2"": 0.886571964230862}"
