ref_article,designation,marque,famille,frequency,next_period,avg_forecast,historical_periods,historical_values,avg_sales,max_sales,min_sales,std_sales,trend_pct,data_points,sma_forecast,es_forecast,lr_forecast,arima_forecast,prophet_forecast,xgb_forecast,sma_metrics,es_metrics,lr_metrics,arima_metrics,prophet_metrics,xgb_metrics
HZTT9.21,TEINT HZ TRESOR SA 9.21,H. ZONE,TRESOR,monthly,2025-09,1375.4846725074487,"[""2021-08"", ""2021-09"", ""2021-10"", ""2021-11"", ""2021-12"", ""2022-01"", ""2022-02"", ""2022-03"", ""2022-04"", ""2022-05"", ""2022-06"", ""2022-08"", ""2022-09"", ""2022-10"", ""2022-11"", ""2022-12"", ""2023-01"", ""2023-03"", ""2023-04"", ""2023-05"", ""2023-06"", ""2023-07"", ""2023-08"", ""2023-09"", ""2023-10"", ""2023-11"", ""2024-02"", ""2024-03"", ""2024-05"", ""2024-06"", ""2024-07"", ""2024-08"", ""2024-09"", ""2024-12"", ""2025-01"", ""2025-02"", ""2025-03"", ""2025-04"", ""2025-05"", ""2025-06"", ""2025-07"", ""2025-08""]","[1689.232, 687.134, 473.74800000000005, 1176.1380000000001, 602.221, 596.198, 108.4, 2511.26, 202.948, 271.0, 360.128, 570.303, 781.683, 154.37, 137.909, 204.755, 10.539, 262.738, 56.911, 142.276, 853.659, 576.242, 204.24599999999998, 175.791, 353.794, 36.857, 178.538, 747.059, 92.85300000000001, 187.987, 648.668, 1344.577, 791.694, 1155.6119999999999, 156.38400000000001, 699.167, 627.817, 1712.079, 1278.7649999999999, 373.693, 2421.019, 1582.7369999999999]",647.5983095238096,2511.26,10.539,612.9215378385753,-6.304344222700027,42,1459.1496666666665,1456.007861601136,856.3276183960297,2038.9725092557742,789.5168391250891,1652.9335399999975,"{""MAE"": 430.619094017094, ""MSE"": 369404.81467080343, ""RMSE"": 607.7868167958264, ""MAPE"": 171.49623224662207, ""R2"": 0.015954124644013024}","{""MAE"": 452.37916781802807, ""MSE"": 378301.2410689769, ""RMSE"": 615.0619814855872, ""MAPE"": 215.56727799438602, ""R2"": -0.057514749451777814}","{""MAE"": 452.8123752398841, ""MSE"": 361393.33905758394, ""RMSE"": 601.1599945585068, ""MAPE"": 315.98914251514236, ""R2"": 0.038010396413945324}","{""MAE"": 505.5839157059293, ""MSE"": 490095.30394801026, ""RMSE"": 700.0680709388268, ""MAPE"": 174.5563970448665, ""R2"": -0.304580179573289}","{""MAE"": 356.68498878773187, ""MSE"": 217580.37960267303, ""RMSE"": 466.4551206736539, ""MAPE"": 208.05981904385766, ""R2"": 0.42082478977641724}","{""MAE"": 168.6475216666665, ""MSE"": 57789.48675544735, ""RMSE"": 240.39443994287254, ""MAPE"": 68.74046594113969, ""R2"": 0.8461706970020932}"
