ref_article,designation,marque,famille,frequency,next_period,avg_forecast,historical_periods,historical_values,avg_sales,max_sales,min_sales,std_sales,trend_pct,data_points,sma_forecast,es_forecast,lr_forecast,arima_forecast,prophet_forecast,xgb_forecast,sma_metrics,es_metrics,lr_metrics,arima_metrics,prophet_metrics,xgb_metrics
HZTT10.3E,TEINT HZ TRESOR SA 10.3 EXTRA,H. ZONE,TRESOR,monthly,2025-09,54.26451042680727,"[""2021-08"", ""2021-09"", ""2021-10"", ""2021-11"", ""2021-12"", ""2022-01"", ""2022-02"", ""2022-03"", ""2022-04"", ""2022-05"", ""2022-06"", ""2022-08"", ""2022-09"", ""2022-10"", ""2022-11"", ""2022-12"", ""2023-03"", ""2023-06"", ""2023-07"", ""2023-08"", ""2023-11"", ""2024-02"", ""2024-03"", ""2024-05"", ""2024-08"", ""2024-09"", ""2024-11"", ""2025-01"", ""2025-02"", ""2025-03"", ""2025-04"", ""2025-05"", ""2025-06"", ""2025-07"", ""2025-08""]","[1160.481, 301.411, 299.30400000000003, 1143.617, 487.799, 271.0, 54.2, 1194.806, 224.026, 112.61500000000001, 468.527, 597.403, 192.71099999999998, 24.089000000000002, 28.304, 102.377, 170.732, 113.821, 202.922, 59.44, 29.72, 61.25, 91.875, 30.625, 28.019, 87.966, 29.322, 26.064, 55.386, 126.41, 185.054, 87.966, 61.25, 133.578, 55.386]",237.12731428571428,1194.806,24.089000000000002,315.9443294488781,-95.22732384244121,35,83.40466666666667,78.4148555099265,0.0,87.86270038425022,0.0,75.90484000000019,"{""MAE"": 169.50840625, ""MSE"": 72279.19822087848, ""RMSE"": 268.8479090877935, ""MAPE"": 188.2624013435459, ""R2"": 0.10996738179061871}","{""MAE"": 207.08821362697984, ""MSE"": 95909.9597697809, ""RMSE"": 309.69333181355535, ""MAPE"": 199.79879742711623, ""R2"": -0.24650248405919228}","{""MAE"": 187.54027080764936, ""MSE"": 68363.77856949059, ""RMSE"": 261.4646793918647, ""MAPE"": 193.9497983593059, ""R2"": 0.31513506860161855}","{""MAE"": 252.52790846004416, ""MSE"": 153243.6927474175, ""RMSE"": 391.4635267140701, ""MAPE"": 166.94736827132903, ""R2"": -0.5351876873513306}","{""MAE"": 173.6186007751113, ""MSE"": 48601.9192766129, ""RMSE"": 220.45842981526675, ""MAPE"": 206.56440239299562, ""R2"": 0.5131083914945869}","{""MAE"": 77.65938771428577, ""MSE"": 14659.223879438736, ""RMSE"": 121.07528186809535, ""MAPE"": 46.5100591150068, ""R2"": 0.8531446247322293}"
