ref_article,designation,marque,famille,frequency,next_period,avg_forecast,historical_periods,historical_values,avg_sales,max_sales,min_sales,std_sales,trend_pct,data_points,sma_forecast,es_forecast,lr_forecast,arima_forecast,prophet_forecast,xgb_forecast,sma_metrics,es_metrics,lr_metrics,arima_metrics,prophet_metrics,xgb_metrics
HZTT11.7,TEINT HZ TRESOR SA 11.7,H. ZONE,TRESOR,monthly,2025-09,117.53103595600017,"[""2021-08"", ""2021-09"", ""2021-10"", ""2021-11"", ""2021-12"", ""2022-01"", ""2022-02"", ""2022-03"", ""2022-04"", ""2022-05"", ""2022-06"", ""2022-07"", ""2022-08"", ""2022-09"", ""2022-10"", ""2022-12"", ""2023-01"", ""2023-03"", ""2023-04"", ""2023-05"", ""2023-06"", ""2023-07"", ""2023-08"", ""2023-09"", ""2023-10"", ""2023-11"", ""2024-02"", ""2024-05"", ""2024-06"", ""2024-07"", ""2024-08"", ""2024-09"", ""2024-10"", ""2024-11"", ""2024-12"", ""2025-02"", ""2025-03"", ""2025-04"", ""2025-05"", ""2025-06"", ""2025-07"", ""2025-08""]","[841.303, 385.721, 299.30400000000003, 1198.1190000000001, 271.0, 219.209, 54.2, 1630.813, 576.325, 108.4, 169.224, 56.308, 814.202, 349.891, 78.289, 153.566, 21.078, 289.61199999999997, 118.248, 142.276, 227.642, 649.174, 37.94, 59.44, 53.749, -214.179, 151.497, 298.432, 117.288, 30.625, 10.207999999999998, 117.288, 83.07900000000001, 58.644, 351.864, 107.51400000000001, 117.288, 58.644, 499.777, 62.228, 305.926, 110.772]",263.6173333333333,1630.813,-214.179,336.16009482470633,-86.83328123161334,42,159.642,162.85121542584972,28.720039256177188,194.43199105397383,0.0,159.54097000000024,"{""MAE"": 267.77999145299145, ""MSE"": 145603.92961486324, ""RMSE"": 381.5808297266298, ""MAPE"": 239.04996494102835, ""R2"": -0.29576979929541625}","{""MAE"": 256.12892371553784, ""MSE"": 120343.14054857497, ""RMSE"": 346.9050886749501, ""MAPE"": 215.13058893436283, ""R2"": -0.12028664523896149}","{""MAE"": 214.85037108941535, ""MSE"": 94540.89350387073, ""RMSE"": 307.4750290736969, ""MAPE"": 196.8124442043824, ""R2"": 0.1633816473160935}","{""MAE"": 292.1983342552363, ""MSE"": 176326.98842602584, ""RMSE"": 419.9130724638444, ""MAPE"": 193.17588672256883, ""R2"": -0.5603659868589694}","{""MAE"": 190.1775004017389, ""MSE"": 63522.27317686515, ""RMSE"": 252.0362536955054, ""MAPE"": 195.4618853214991, ""R2"": 0.4378739445508817}","{""MAE"": 96.11925476190478, ""MSE"": 17671.8659874901, ""RMSE"": 132.93557081342112, ""MAPE"": 69.85471966936014, ""R2"": 0.8436168004832807}"
