ref_article,designation,marque,famille,frequency,next_period,avg_forecast,historical_periods,historical_values,avg_sales,max_sales,min_sales,std_sales,trend_pct,data_points,sma_forecast,es_forecast,lr_forecast,arima_forecast,prophet_forecast,xgb_forecast,sma_metrics,es_metrics,lr_metrics,arima_metrics,prophet_metrics,xgb_metrics
HZTT8.21,TEINT HZ TRESOR SA 8.21,H. ZONE,TRESOR,monthly,2025-09,615.1695382013291,"[""2021-08"", ""2021-09"", ""2021-10"", ""2021-11"", ""2021-12"", ""2022-01"", ""2022-02"", ""2022-03"", ""2022-04"", ""2022-05"", ""2022-06"", ""2022-08"", ""2022-09"", ""2022-10"", ""2022-11"", ""2022-12"", ""2023-01"", ""2023-03"", ""2023-04"", ""2023-05"", ""2023-06"", ""2023-07"", ""2023-08"", ""2023-09"", ""2023-10"", ""2023-11"", ""2024-02"", ""2024-03"", ""2024-04"", ""2024-07"", ""2024-08"", ""2024-09"", ""2024-10"", ""2024-11"", ""2024-12"", ""2025-02"", ""2025-03"", ""2025-04"", ""2025-05"", ""2025-06"", ""2025-07"", ""2025-08""]","[1632.623, 688.64, 527.948, 1358.1080000000002, 602.221, 191.808, 108.4, 2481.751, 409.51, 300.208, 360.128, 895.5020000000001, 621.091, 154.37, 110.809, 311.348, 10.539, 402.802, 175.791, 313.008, 512.196, 335.998, 147.33499999999998, 116.351, 53.749, -403.87800000000004, 239.463, 579.271, 216.509, 411.811, 711.547, 967.626, 290.364, 205.254, 117.288, 172.674, 366.199, 158.99, 383.467, 427.667, 1508.127, 528.448]",469.12050000000005,2481.751,-403.87800000000004,498.3551590485421,-67.63196402353759,42,821.4139999999999,606.420997101685,278.1179869923226,961.0889948248384,302.2065702891299,721.7686799999993,"{""MAE"": 376.23459829059834, ""MSE"": 287214.390495886, ""RMSE"": 535.9238663242065, ""MAPE"": 164.58334143326522, ""R2"": -0.24843297825686728}","{""MAE"": 387.78363755455007, ""MSE"": 281870.91475736507, ""RMSE"": 530.9151671946895, ""MAPE"": 203.94047130249348, ""R2"": -0.27779268915089905}","{""MAE"": 331.1962548396501, ""MSE"": 236357.07387879194, ""RMSE"": 486.16568562455325, ""MAPE"": 223.0474232736931, ""R2"": 0.04832055829291182}","{""MAE"": 437.22247671653497, ""MSE"": 397471.57926256274, ""RMSE"": 630.4534711321389, ""MAPE"": 156.9685871602672, ""R2"": -0.6003986021633165}","{""MAE"": 273.9840596542938, ""MSE"": 146890.94517877267, ""RMSE"": 383.26354532980656, ""MAPE"": 97.17711063235485, ""R2"": 0.40855126353760307}","{""MAE"": 134.6663297619047, ""MSE"": 36481.93465434114, ""RMSE"": 191.00244672344158, ""MAPE"": 57.31210784897719, ""R2"": 0.8531073911414117}"
