ref_article,designation,marque,famille,frequency,next_period,avg_forecast,historical_periods,historical_values,avg_sales,max_sales,min_sales,std_sales,trend_pct,data_points,sma_forecast,es_forecast,lr_forecast,arima_forecast,prophet_forecast,xgb_forecast,sma_metrics,es_metrics,lr_metrics,arima_metrics,prophet_metrics,xgb_metrics
HZTT10.1E,TEINT HZ TRESOR SA 10.1 EXTRA,H. ZONE,TRESOR,monthly,2025-09,86.448261195761,"[""2021-08"", ""2021-09"", ""2021-10"", ""2021-11"", ""2021-12"", ""2022-01"", ""2022-02"", ""2022-03"", ""2022-04"", ""2022-05"", ""2022-06"", ""2022-07"", ""2022-08"", ""2022-09"", ""2022-10"", ""2022-11"", ""2022-12"", ""2023-01"", ""2023-02"", ""2023-03"", ""2023-04"", ""2023-06"", ""2023-07"", ""2023-08"", ""2023-09"", ""2023-10"", ""2023-11"", ""2024-02"", ""2024-03"", ""2024-04"", ""2024-05"", ""2024-07"", ""2024-08"", ""2024-09"", ""2024-10"", ""2024-11"", ""2024-12"", ""2025-01"", ""2025-02"", ""2025-03"", ""2025-04"", ""2025-05"", ""2025-06"", ""2025-07"", ""2025-08""]","[1887.059, 1100.256, 409.812, 1253.221, 654.614, 271.0, 194.217, 2498.915, 901.524, 193.91500000000002, 197.52800000000002, 54.2, 768.434, 580.24, 24.089000000000002, 57.512, 307.132, 118.88, 170.732, 170.732, 144.49, 428.094, 250.618, 300.362, 116.351, 268.745, -51.58, 146.60999999999999, 63.205, 54.055, 31.603, 117.288, 501.08, 322.542, 55.386, 58.644, 208.512, 28.345, 55.386, 29.322, 117.288, 177.23499999999999, 61.25, 257.382, 85.36]",347.5907777777778,2498.915,-51.58,491.45159949172296,-95.47655902650634,45,134.66400000000002,116.01568117317899,0.0,139.13620600138694,0.0,128.87368000000006,"{""MAE"": 253.6358015873016, ""MSE"": 207080.63794626718, ""RMSE"": 455.0611364929631, ""MAPE"": 194.6114970025605, ""R2"": -0.11557939192749012}","{""MAE"": 287.52216178466716, ""MSE"": 222405.03952921892, ""RMSE"": 471.59838796291376, ""MAPE"": 215.08696355122314, ""R2"": -0.1588005547346616}","{""MAE"": 275.4426560416346, ""MSE"": 173232.11604538994, ""RMSE"": 416.21162411132866, ""MAPE"": 200.56041247058278, ""R2"": 0.2827560318569293}","{""MAE"": 327.0421489706481, ""MSE"": 328028.7161330262, ""RMSE"": 572.7379122539612, ""MAPE"": 181.14333955392613, ""R2"": -0.3581581948839203}","{""MAE"": 251.4909793119307, ""MSE"": 124358.958610915, ""RMSE"": 352.6456558798293, ""MAPE"": 230.7219054534467, ""R2"": 0.48510867970427796}","{""MAE"": 101.24355977777773, ""MSE"": 23769.15502525479, ""RMSE"": 154.17248465681155, ""MAPE"": 61.857773690103144, ""R2"": 0.9015870529154386}"
