ref_article,designation,marque,famille,frequency,next_period,avg_forecast,historical_periods,historical_values,avg_sales,max_sales,min_sales,std_sales,trend_pct,data_points,sma_forecast,es_forecast,lr_forecast,arima_forecast,prophet_forecast,xgb_forecast,sma_metrics,es_metrics,lr_metrics,arima_metrics,prophet_metrics,xgb_metrics
HZTT10.0E,TEINT HZ TRESOR SA 10.0 EXTRA,H. ZONE,TRESOR,monthly,2025-09,99.79374884777103,"[""2021-08"", ""2021-09"", ""2021-10"", ""2021-11"", ""2021-12"", ""2022-01"", ""2022-02"", ""2022-03"", ""2022-04"", ""2022-05"", ""2022-06"", ""2022-07"", ""2022-08"", ""2022-09"", ""2022-10"", ""2022-11"", ""2022-12"", ""2023-02"", ""2023-03"", ""2023-04"", ""2023-05"", ""2023-07"", ""2023-08"", ""2023-09"", ""2023-10"", ""2023-11"", ""2024-01"", ""2024-02"", ""2024-03"", ""2024-05"", ""2024-08"", ""2024-09"", ""2024-10"", ""2024-11"", ""2024-12"", ""2025-02"", ""2025-03"", ""2025-04"", ""2025-05"", ""2025-06"", ""2025-07"", ""2025-08""]","[1162.89, 681.713, 326.404, 1253.221, 596.199, 271.0, 54.2, 2167.994, 334.534, 492.014, 386.023, 83.408, 764.2180000000001, 385.421, 132.489, 28.304, 307.131, 122.674, 237.128, 56.911, 210.885, 164.078, 215.493, 56.911, 268.745, -178.046, 63.205, 178.538, 90.247, 211.118, 561.027, 117.288, 55.386, 92.527, 94.916, 55.386, 208.403, 117.288, 87.966, 61.25, 201.996, 145.30700000000002]",307.7092857142857,2167.994,-178.046,404.60260563611973,-87.50466510160032,42,136.18433333333334,138.62799152163973,0.0,175.1832682316529,0.0,148.76690000000016,"{""MAE"": 242.6462478632479, ""MSE"": 160351.12507774075, ""RMSE"": 400.4386658125571, ""MAPE"": 162.24962261546574, ""R2"": -0.04856554736054397}","{""MAE"": 254.2437596470584, ""MSE"": 155256.9058760875, ""RMSE"": 394.0265294064443, ""MAPE"": 160.34451972596995, ""R2"": -0.03903902281369942}","{""MAE"": 218.10150312759072, ""MSE"": 123261.62184940367, ""RMSE"": 351.086345290448, ""MAPE"": 150.28582834975367, ""R2"": 0.24704238963446568}","{""MAE"": 288.84445846065876, ""MSE"": 226322.44687586947, ""RMSE"": 475.7335881308671, ""MAPE"": 139.0600466392005, ""R2"": -0.3825163600389516}","{""MAE"": 181.05310605155714, ""MSE"": 77677.12646444212, ""RMSE"": 278.7061650994504, ""MAPE"": 141.30252628026142, ""R2"": 0.5255004546817854}","{""MAE"": 96.71186904761905, ""MSE"": 24238.803710063676, ""RMSE"": 155.68816175311363, ""MAPE"": 53.76505890534199, ""R2"": 0.8519345158223951}"
