ref_article,designation,marque,famille,frequency,next_period,avg_forecast,historical_periods,historical_values,avg_sales,max_sales,min_sales,std_sales,trend_pct,data_points,sma_forecast,es_forecast,lr_forecast,arima_forecast,prophet_forecast,xgb_forecast,sma_metrics,es_metrics,lr_metrics,arima_metrics,prophet_metrics,xgb_metrics
IATCRM800,IALO THERAPY COLOR RESIST MASQUE 800 ML,H. ZONE,IALO,monthly,2025-07,-25.176549552137796,"[""2022-06"", ""2022-07"", ""2022-08"", ""2022-09"", ""2022-10"", ""2023-01"", ""2023-02"", ""2023-03"", ""2023-05"", ""2023-07"", ""2023-08"", ""2023-10"", ""2023-11"", ""2024-12"", ""2025-03"", ""2025-05"", ""2025-06""]","[1705.41, 1250.634, 1705.41, 102.325, 1199.472, 460.461, -454.784, -64.968, 28.426000000000002, 682.164, 606.368, 51.162, -12.633, -64.968, 170.55, -166.749, -212.226]",410.94435294117653,1705.41,-454.784,656.4206839974196,-112.44428026105157,17,-69.475,-81.58429731282678,0.0,0.0,0.0,0.0,"{""MAE"": 475.96533333333343, ""MSE"": 368254.6838431428, ""RMSE"": 606.8399161584073, ""MAPE"": 571.0507856151927, ""R2"": -1.1224510137095134}","{""MAE"": 467.73499659863967, ""MSE"": 389246.1694563711, ""RMSE"": 623.8959604424211, ""MAPE"": 527.2483703015323, ""R2"": -0.12321786221356978}","{""MAE"": 434.06531721887495, ""MSE"": 270518.31766176753, ""RMSE"": 520.1137545400694, ""MAPE"": 440.1398295422864, ""R2"": 0.37218431273919184}","{""MAE"": 486.56316003061596, ""MSE"": 466168.80197186227, ""RMSE"": 682.7655541779054, ""MAPE"": 426.17454053814174, ""R2"": -0.08187899924558484}","{""MAE"": 0.012779692324867649, ""MSE"": 0.00020664245668277413, ""RMSE"": 0.014375063710564004, ""MAPE"": 0.01653898868128493, ""R2"": 0.9999999995204266}","{""MAE"": 140.09435176470583, ""MSE"": 40604.289049969404, ""RMSE"": 201.50505961382063, ""MAPE"": 108.37274008797078, ""R2"": 0.9057660499444772}"
