ref_article,designation,marque,famille,frequency,next_period,avg_forecast,historical_periods,historical_values,avg_sales,max_sales,min_sales,std_sales,trend_pct,data_points,sma_forecast,es_forecast,lr_forecast,arima_forecast,prophet_forecast,xgb_forecast,sma_metrics,es_metrics,lr_metrics,arima_metrics,prophet_metrics,xgb_metrics
IATCRS500,IALO THERAPY COLOR RESIST SHAMPOO 500 ML,H. ZONE,IALO,monthly,2025-07,87.47593324114773,"[""2022-06"", ""2022-07"", ""2022-08"", ""2022-09"", ""2022-10"", ""2022-12"", ""2023-01"", ""2023-02"", ""2023-03"", ""2023-04"", ""2023-05"", ""2023-06"", ""2023-07"", ""2023-08"", ""2023-09"", ""2023-10"", ""2023-11"", ""2023-12"", ""2024-01"", ""2024-02"", ""2024-03"", ""2024-04"", ""2024-05"", ""2024-06"", ""2024-07"", ""2024-08"", ""2024-09"", ""2024-10"", ""2024-11"", ""2024-12"", ""2025-01"", ""2025-02"", ""2025-05"", ""2025-06""]","[1487.255, 3176.035, 2938.235, 1735.668, 1739.163, 1326.035, 519.9350000000001, 503.82000000000005, 1025.4740000000002, 475.605, 1309.905, 1087.434, 3520.101, 2719.25, 564.27, 403.05, 170.62400000000002, 669.061, 241.92000000000002, 170.50400000000002, 725.76, 161.28, 435.456, 290.304, 80.64, 274.176, 1080.576, 161.28, 75.296, -164.37900000000002, 80.64, 80.64, -75.236, -45.477]",851.3029411764707,3520.101,-164.37900000000002,966.7096549987593,-103.05778094543302,34,-13.357666666666667,8.837013497028456,0.0,0.0,529.3762526165245,0.0,"{""MAE"": 574.3497096774195, ""MSE"": 687789.0740102688, ""RMSE"": 829.3304974557905, ""MAPE"": 146.77709449306832, ""R2"": -0.025664323888483054}","{""MAE"": 599.4599229532847, ""MSE"": 659044.3324714814, ""RMSE"": 811.8154546887374, ""MAPE"": 157.54977428734753, ""R2"": 0.3064294372398122}","{""MAE"": 479.4586174204937, ""MSE"": 500996.68318591465, ""RMSE"": 707.8111917636755, ""MAPE"": 124.57830514183053, ""R2"": 0.4639037881795106}","{""MAE"": 560.6248031106084, ""MSE"": 669561.2854542489, ""RMSE"": 818.2672457420307, ""MAPE"": 118.45527298119663, ""R2"": 0.28352965047379797}","{""MAE"": 257.8281246348109, ""MSE"": 92413.36537499446, ""RMSE"": 303.9956667043043, ""MAPE"": 116.7551734905803, ""R2"": 0.9011122093981356}","{""MAE"": 187.59391647058834, ""MSE"": 70777.98807054422, ""RMSE"": 266.0413277491755, ""MAPE"": 36.53697986391394, ""R2"": 0.9242633483247753}"
