ref_article,designation,marque,famille,frequency,next_period,avg_forecast,historical_periods,historical_values,avg_sales,max_sales,min_sales,std_sales,trend_pct,data_points,sma_forecast,es_forecast,lr_forecast,arima_forecast,prophet_forecast,xgb_forecast,sma_metrics,es_metrics,lr_metrics,arima_metrics,prophet_metrics,xgb_metrics
IATMRM500,IALO THERAPY MAX REPAIR MASQUE 500 ML,H. ZONE,IALO,monthly,2025-06,41.50636795448673,"[""2022-06"", ""2022-07"", ""2022-08"", ""2022-09"", ""2022-10"", ""2022-11"", ""2022-12"", ""2023-01"", ""2023-02"", ""2023-03"", ""2023-04"", ""2023-05"", ""2023-06"", ""2023-07"", ""2023-08"", ""2023-09"", ""2023-10"", ""2023-11"", ""2023-12"", ""2024-01"", ""2024-02"", ""2024-03"", ""2024-04"", ""2024-05"", ""2024-06"", ""2024-07"", ""2024-08"", ""2024-09"", ""2024-10"", ""2024-11"", ""2024-12"", ""2025-02"", ""2025-03"", ""2025-05""]","[1326.035, 3728.2149999999997, 2373.965, 2206.122, 2303.434, 624.7280000000001, 1773.42, 681.155, 201.53200000000004, 2112.558, 636.822, 1110.4, 930.244, 1957.17, 2270.514, 1326.035, 1197.065, 515.91, 770.407, 403.2, 668.1800000000001, 548.352, 80.64, 576.576, 403.2, 80.64, 939.456, 641.088, 322.56, 75.296, 362.88, 80.64, 120.96, -21.496]",980.2324411764705,3728.2149999999997,-21.496,871.3598070736468,-101.62107335025095,34,60.03466666666666,103.65651067987376,0.0,49.48415038037997,0.0,35.86287999999996,"{""MAE"": 454.5800860215054, ""MSE"": 369949.6045275626, ""RMSE"": 608.234826796002, ""MAPE"": 149.49989852801232, ""R2"": 0.2625758776569108}","{""MAE"": 514.7615478617583, ""MSE"": 527460.1600546251, ""RMSE"": 726.2645248493315, ""MAPE"": 171.09529107310584, ""R2"": 0.3225031547446542}","{""MAE"": 455.8524645776507, ""MSE"": 368063.091610848, ""RMSE"": 606.6820350157469, ""MAPE"": 122.20492121653234, ""R2"": 0.5152395022585662}","{""MAE"": 553.8066697905812, ""MSE"": 632735.0020659986, ""RMSE"": 795.4464168415109, ""MAPE"": 134.34632947313742, ""R2"": 0.1666512032012163}","{""MAE"": 219.61122881119636, ""MSE"": 96410.40611324826, ""RMSE"": 310.50025138999206, ""MAPE"": 80.43718108006999, ""R2"": 0.8730218880399837}","{""MAE"": 194.10915911764707, ""MSE"": 79473.36990444441, ""RMSE"": 281.9102160341913, ""MAPE"": 42.8317182814971, ""R2"": 0.8953289497638613}"
