ref_article,designation,marque,famille,frequency,next_period,avg_forecast,historical_periods,historical_values,avg_sales,max_sales,min_sales,std_sales,trend_pct,data_points,sma_forecast,es_forecast,lr_forecast,arima_forecast,prophet_forecast,xgb_forecast,sma_metrics,es_metrics,lr_metrics,arima_metrics,prophet_metrics,xgb_metrics
IATMRS800,IALO THERAPY MAX REPAIR SHAMPOO 800 ML,H. ZONE,IALO,monthly,2025-07,180.9791152247502,"[""2022-06"", ""2022-07"", ""2022-08"", ""2022-09"", ""2022-10"", ""2022-12"", ""2023-01"", ""2023-02"", ""2023-03"", ""2023-04"", ""2023-05"", ""2023-07"", ""2023-08"", ""2023-10"", ""2023-11"", ""2024-01"", ""2024-02"", ""2024-05"", ""2024-06"", ""2024-07"", ""2024-11"", ""2024-12"", ""2025-01"", ""2025-02"", ""2025-03"", ""2025-05"", ""2025-06""]","[1932.798, 1364.328, 2160.186, 1810.3890000000001, 1426.8600000000001, 1136.94, 417.82500000000005, -497.42, 651.304, 648.0559999999999, 667.956, 795.858, 833.756, 113.694, -25.266, 159.18, -159.18, 454.8, 90.96, 227.4, 170.556, 1625.281, 284.25, 795.9, 739.05, -15.159, -15.16]",659.0793333333334,2160.186,-497.42,678.9057243381523,-100.78435511626151,27,236.24366666666666,211.63362547039512,39.17850375851049,0.0,521.7679554529286,77.05094000000011,"{""MAE"": 441.6615555555556, ""MSE"": 352452.1239368519, ""RMSE"": 593.6767840642347, ""MAPE"": 505.3041672070176, ""R2"": -0.1178645759606991}","{""MAE"": 421.7923972925051, ""MSE"": 357056.8821871081, ""RMSE"": 597.5423685288836, ""MAPE"": 463.79104149198247, ""R2"": 0.13721455570999064}","{""MAE"": 439.0794728563963, ""MSE"": 338647.9691631134, ""RMSE"": 581.9346777458046, ""MAPE"": 250.98702506422023, ""R2"": 0.2652670200402152}","{""MAE"": 479.2562736865067, ""MSE"": 444370.4569663075, ""RMSE"": 666.611173748466, ""MAPE"": 414.27660891538414, ""R2"": 0.0358907780849933}","{""MAE"": 260.7561172950539, ""MSE"": 93945.3591705445, ""RMSE"": 306.5050720143869, ""MAPE"": 280.95358762420454, ""R2"": 0.7961754979150046}","{""MAE"": 144.25151703703693, ""MSE"": 40752.469185044225, ""RMSE"": 201.87240818161413, ""MAPE"": 87.98821383643521, ""R2"": 0.9115831605338083}"
