ref_article,designation,marque,famille,frequency,next_period,avg_forecast,historical_periods,historical_values,avg_sales,max_sales,min_sales,std_sales,trend_pct,data_points,sma_forecast,es_forecast,lr_forecast,arima_forecast,prophet_forecast,xgb_forecast,sma_metrics,es_metrics,lr_metrics,arima_metrics,prophet_metrics,xgb_metrics
IATPVS500,IALO THERAPY PRO VITALITY SHAMPOO 500 ML,H. ZONE,IALO,monthly,2025-06,153.09988480110874,"[""2022-06"", ""2022-07"", ""2022-08"", ""2022-09"", ""2022-10"", ""2022-11"", ""2022-12"", ""2023-01"", ""2023-02"", ""2023-03"", ""2023-04"", ""2023-05"", ""2023-06"", ""2023-07"", ""2023-08"", ""2023-09"", ""2023-10"", ""2023-11"", ""2023-12"", ""2024-04"", ""2024-05"", ""2024-06"", ""2024-07"", ""2024-08"", ""2024-09"", ""2024-10"", ""2024-11"", ""2024-12"", ""2025-01"", ""2025-02"", ""2025-05""]","[1487.255, 3538.78, 2615.795, 2720.589, 2859.6420000000003, 544.118, 1934.64, 862.529, 997.556, 2212.745, 787.371, 1799.612, 1234.547, 5186.041, 3291.572, 2095.86, 1612.2, 485.911, 910.898, 161.28, 1382.976, 403.2, 645.12, 903.168, 1757.952, 645.12, 139.784, 794.317, 838.656, 80.64, -10.748]",1449.0040645161291,5186.041,-10.748,1165.5339643633627,-100.72267365045,31,302.8493333333333,273.34314510482693,202.65718042093795,26.487999947554307,0.0,113.26165000000019,"{""MAE"": 785.860380952381, ""MSE"": 1292239.2408043016, ""RMSE"": 1136.7670125422806, ""MAPE"": 322.0296582462609, ""R2"": -0.005219705834190735}","{""MAE"": 822.899483388647, ""MSE"": 1236899.1331387295, ""RMSE"": 1112.1596707032356, ""MAPE"": 320.309320243187, ""R2"": 0.11883026788078477}","{""MAE"": 691.3499624101382, ""MSE"": 935392.5329014395, ""RMSE"": 967.1569329232146, ""MAPE"": 179.81013157685638, ""R2"": 0.311436446271955}","{""MAE"": 842.0485784690684, ""MSE"": 1352591.045020806, ""RMSE"": 1163.0094776143512, ""MAPE"": 246.39734781599404, ""R2"": 0.004327206021869867}","{""MAE"": 389.4558500760074, ""MSE"": 202667.35367509362, ""RMSE"": 450.18591012502117, ""MAPE"": 207.62368497822433, ""R2"": 0.8508119870934601}","{""MAE"": 313.46206193548335, ""MSE"": 175841.6282964608, ""RMSE"": 419.33474491921226, ""MAPE"": 79.55573192168742, ""R2"": 0.8705590089568367}"
