ref_article,designation,marque,famille,frequency,next_period,avg_forecast,historical_periods,historical_values,avg_sales,max_sales,min_sales,std_sales,trend_pct,data_points,sma_forecast,es_forecast,lr_forecast,arima_forecast,prophet_forecast,xgb_forecast,sma_metrics,es_metrics,lr_metrics,arima_metrics,prophet_metrics,xgb_metrics
IATPVM800,IALO THERAPY PRO VITALITY MASQUE 800 ML,H. ZONE,IALO,monthly,2025-07,322.16660896539173,"[""2022-06"", ""2022-07"", ""2022-08"", ""2022-09"", ""2022-10"", ""2023-01"", ""2023-02"", ""2023-03"", ""2023-04"", ""2023-05"", ""2023-07"", ""2023-08"", ""2023-10"", ""2023-11"", ""2024-03"", ""2024-09"", ""2024-12"", ""2025-05"", ""2025-06""]","[1705.41, 1250.634, 1705.41, 118.56700000000001, 1199.472, 460.461, -255.82000000000002, 344.33, 613.948, 99.486, 132.643, 606.368, 51.162, -12.633, 318.36, 318.36, -16.242, -106.113, -257.703]",435.5842105263158,1705.41,-257.703,592.95601491977,-115.11091174556265,19,-126.68599999999999,-85.12443262511337,0.0,0.0,2144.810086417464,0.0,"{""MAE"": 369.1800625, ""MSE"": 244646.05695090973, ""RMSE"": 494.6170811354069, ""MAPE"": 416.492714431061, ""R2"": -0.8749138145146009}","{""MAE"": 399.0574854942494, ""MSE"": 299951.4314478528, ""RMSE"": 547.6782188912142, ""MAPE"": 452.1962444394152, ""R2"": -0.08453172435288603}","{""MAE"": 369.771121177406, ""MSE"": 199809.73898489264, ""RMSE"": 447.000826604261, ""MAPE"": 335.2074069013206, ""R2"": 0.43170780070550685}","{""MAE"": 465.03631899498174, ""MSE"": 395650.96356681036, ""RMSE"": 629.0079201145327, ""MAPE"": 448.4936672672104, ""R2"": -0.12529728220789238}","{""MAE"": 0.08847981119517999, ""MSE"": 0.010526801641592361, ""RMSE"": 0.10260020293153596, ""MAPE"": 0.08380052969162192, ""R2"": 0.9999999700600216}","{""MAE"": 150.81065684210526, ""MSE"": 38349.63220576397, ""RMSE"": 195.83062121579448, ""MAPE"": 126.14157326961755, ""R2"": 0.890927254401767}"
