ref_article,designation,marque,famille,frequency,next_period,avg_forecast,historical_periods,historical_values,avg_sales,max_sales,min_sales,std_sales,trend_pct,data_points,sma_forecast,es_forecast,lr_forecast,arima_forecast,prophet_forecast,xgb_forecast,sma_metrics,es_metrics,lr_metrics,arima_metrics,prophet_metrics,xgb_metrics
IATS100,IALO THERAPY SERUM 100ML,H. ZONE,IALO,monthly,2025-09,452.3031358122071,"[""2022-06"", ""2022-07"", ""2022-08"", ""2022-09"", ""2022-10"", ""2022-12"", ""2023-01"", ""2023-03"", ""2023-04"", ""2023-05"", ""2023-06"", ""2023-07"", ""2023-08"", ""2023-09"", ""2023-10"", ""2023-11"", ""2023-12"", ""2024-01"", ""2024-02"", ""2024-03"", ""2024-04"", ""2024-05"", ""2024-06"", ""2024-07"", ""2024-08"", ""2024-09"", ""2024-10"", ""2024-11"", ""2024-12"", ""2025-03"", ""2025-04"", ""2025-07"", ""2025-08""]","[1691.37, 2029.6439999999998, 2029.644, 326.998, 1082.476, 225.516, 789.3059999999999, 1279.8029999999999, 913.3399999999999, 1296.717, 511.1, 3319.4880000000003, 1070.784, 981.5519999999999, 803.088, 624.624, 1224.2630000000001, 446.1, 1070.6399999999999, 624.54, 624.54, 356.88, 736.0649999999999, 981.42, 802.98, 267.65999999999997, 624.54, 178.44, 249.816, 267.65999999999997, 749.448, 1231.2359999999999, 178.44]",896.6702424242424,3319.4880000000003,178.44,645.1889662866236,-89.44997250749392,33,719.708,438.7765068353835,317.8836379226377,775.1126301152212,0.0,462.33804000000026,"{""MAE"": 520.7749555555557, ""MSE"": 496180.21760657785, ""RMSE"": 704.4006087494373, ""MAPE"": 97.90646797429812, ""R2"": -0.4556699313424655}","{""MAE"": 468.2460097067476, ""MSE"": 428885.28488721256, ""RMSE"": 654.8933385576712, ""MAPE"": 92.58035629021994, ""R2"": -0.048812653066861555}","{""MAE"": 392.10279912247313, ""MSE"": 330362.29771649267, ""RMSE"": 574.7715178368642, ""MAPE"": 70.90015064059801, ""R2"": 0.20637267084099087}","{""MAE"": 522.2479330663525, ""MSE"": 557715.1072514028, ""RMSE"": 746.8032587311084, ""MAPE"": 86.02164870295267, ""R2"": -0.33979559428843475}","{""MAE"": 225.88958409069997, ""MSE"": 97108.47719191699, ""RMSE"": 311.62233102253276, ""MAPE"": 41.16427701606385, ""R2"": 0.7667168986133608}","{""MAE"": 185.90523363636353, ""MSE"": 77046.74819015563, ""RMSE"": 277.57296012067826, ""MAPE"": 32.720436732930395, ""R2"": 0.8149110676091313}"
