ref_article,designation,marque,famille,frequency,next_period,avg_forecast,historical_periods,historical_values,avg_sales,max_sales,min_sales,std_sales,trend_pct,data_points,sma_forecast,es_forecast,lr_forecast,arima_forecast,prophet_forecast,xgb_forecast,sma_metrics,es_metrics,lr_metrics,arima_metrics,prophet_metrics,xgb_metrics
IATUBS800,IALO THERAPY UNLIMITED BLOND SHAMPOO 800 ML,H. ZONE,IALO,monthly,2025-06,159.8142395281196,"[""2022-06"", ""2022-07"", ""2022-08"", ""2022-09"", ""2022-10"", ""2023-01"", ""2023-02"", ""2023-03"", ""2023-04"", ""2023-05"", ""2023-07"", ""2023-08"", ""2023-09"", ""2023-10"", ""2023-11"", ""2024-05"", ""2024-06"", ""2024-12"", ""2025-01"", ""2025-02"", ""2025-03"", ""2025-05""]","[2129.25, 1503.0, 2129.25, 344.438, 964.4259999999999, -118.988, -579.272, -89.465, 563.625, 31.308999999999997, 375.75, 918.5, -469.678, 125.25, -27.834, 250.56, 100.224, 974.408, 250.56, 250.56, 438.48, -200.4]",448.3615,2129.25,-579.272,714.4960596573549,-109.41176470588236,22,162.88,71.63773264115414,0.0,136.92321883822132,483.368625689342,104.07586000000006,"{""MAE"": 501.992701754386, ""MSE"": 442928.67772748537, ""RMSE"": 665.5288706941911, ""MAPE"": 220.02735665348453, ""R2"": -1.4453403778685718}","{""MAE"": 523.9115965978974, ""MSE"": 509065.72733313724, ""RMSE"": 713.4884213027827, ""MAPE"": 262.7396927740799, ""R2"": -0.2924865573725737}","{""MAE"": 522.2477595033506, ""MSE"": 431678.1765375259, ""RMSE"": 657.0222039912547, ""MAPE"": 286.53110077313397, ""R2"": 0.15440887262041647}","{""MAE"": 550.9800552809326, ""MSE"": 566206.9420924357, ""RMSE"": 752.4672365574701, ""MAPE"": 190.31717399978598, ""R2"": -0.10911227974126891}","{""MAE"": 0.012051501148782022, ""MSE"": 0.0002437386741290685, ""RMSE"": 0.015612132273621964, ""MAPE"": 0.007034071087465883, ""R2"": 0.9999999995225535}","{""MAE"": 177.49555863636357, ""MSE"": 52619.51203452978, ""RMSE"": 229.3894331361621, ""MAPE"": 68.57688042082377, ""R2"": 0.8969264722615097}"
