ref_article,designation,marque,famille,frequency,next_period,avg_forecast,historical_periods,historical_values,avg_sales,max_sales,min_sales,std_sales,trend_pct,data_points,sma_forecast,es_forecast,lr_forecast,arima_forecast,prophet_forecast,xgb_forecast,sma_metrics,es_metrics,lr_metrics,arima_metrics,prophet_metrics,xgb_metrics
KP0073,CADIVEU ESSENTIALS -BB KIT HOME CARE,CADIVEU,SOINS CAPILLAIRES,monthly,2025-09,-63.03774359436417,"[""2022-10"", ""2022-11"", ""2022-12"", ""2023-01"", ""2023-03"", ""2023-04"", ""2023-05"", ""2023-11"", ""2023-12"", ""2024-01"", ""2024-02"", ""2024-03"", ""2024-04"", ""2024-05"", ""2024-06"", ""2024-07"", ""2024-08"", ""2024-09"", ""2024-10"", ""2024-12"", ""2025-02"", ""2025-03"", ""2025-08""]","[7220.2029999999995, 1246.593, -79.47999999999993, 819.908, 304.537, 317.923, 4425.826, 2509.92, 905.2439999999999, 346.368, 1246.104, 62.67, 1348.768, 728.096, 247.672, 1444.256, 286.464, 1311.468, 80.568, 149.46499999999997, 716.16, 320.286, -1148.841]",1078.7033913043479,7220.2029999999995,-1148.841,1673.856797156657,-115.91147783518,23,-37.464999999999996,-340.76146156618506,0.0,0.0,0.0,0.0,"{""MAE"": 902.5334666666668, ""MSE"": 1689381.1763352002, ""RMSE"": 1299.7619691063437, ""MAPE"": 234.22418197698005, ""R2"": -0.4062366809882334}","{""MAE"": 1518.4109955223864, ""MSE"": 4803222.369598239, ""RMSE"": 2191.625508520614, ""MAPE"": 656.9341252252341, ""R2"": -3.2253401686921386}","{""MAE"": 1036.563021375791, ""MSE"": 2159964.909926862, ""RMSE"": 1469.6819077361135, ""MAPE"": 315.9457025452702, ""R2"": 0.22907861071739133}","{""MAE"": 1410.5808516815048, ""MSE"": 4878032.048095719, ""RMSE"": 2208.6267335373173, ""MAPE"": 416.3667685332983, ""R2"": -0.7410371928729049}","{""MAE"": 0.05585055206825265, ""MSE"": 0.004580281660164856, ""RMSE"": 0.06767777818578899, ""MAPE"": 0.023694191462259196, ""R2"": 0.999999998365234}","{""MAE"": 496.6820399999997, ""MSE"": 594217.0845835978, ""RMSE"": 770.8547752875361, ""MAPE"": 122.04139514384347, ""R2"": 0.7879156933164437}"
