ref_article,designation,marque,famille,frequency,next_period,avg_forecast,historical_periods,historical_values,avg_sales,max_sales,min_sales,std_sales,trend_pct,data_points,sma_forecast,es_forecast,lr_forecast,arima_forecast,prophet_forecast,xgb_forecast,sma_metrics,es_metrics,lr_metrics,arima_metrics,prophet_metrics,xgb_metrics
KP0076,CADIVEU ESSENTIALS -QS KIT HOME,CADIVEU,SOINS CAPILLAIRES,monthly,2025-09,549.6471983184802,"[""2022-10"", ""2022-11"", ""2022-12"", ""2023-01"", ""2023-03"", ""2023-04"", ""2023-05"", ""2023-11"", ""2023-12"", ""2024-01"", ""2024-02"", ""2024-03"", ""2024-04"", ""2024-05"", ""2024-06"", ""2024-07"", ""2024-08"", ""2024-09"", ""2024-10"", ""2024-12"", ""2025-02"", ""2025-03"", ""2025-05"", ""2025-06"", ""2025-07"", ""2025-08""]","[6718.219, 1413.921, 178.48399999999998, 744.61, 302.30600000000004, 635.846, 2166.898, 2509.92, 1623.0810000000001, 704.448, 1246.104, -28.340000000000003, 1432.3200000000002, 883.2639999999999, 247.672, 2733.344, 501.312, 1732.212, 80.568, 204.934, 716.16, 1229.4080000000001, 71.616, 483.408, 1339.604, 435.664]",1165.6531923076923,6718.219,-28.340000000000003,1337.0405207341332,-93.51518609321904,26,752.8920000000002,620.4400530709576,362.710877939302,858.0773989006216,0.0,703.7628599999996,"{""MAE"": 797.3412318840582, ""MSE"": 988932.2967439274, ""RMSE"": 994.4507512913485, ""MAPE"": 391.7780380270301, ""R2"": -0.6718402562619468}","{""MAE"": 1242.8876243143266, ""MSE"": 3324832.7396556735, ""RMSE"": 1823.4123888072259, ""MAPE"": 556.8950571682569, ""R2"": -4.766118654650002}","{""MAE"": 847.1662852898037, ""MSE"": 1556769.2360106152, ""RMSE"": 1247.7055886749147, ""MAPE"": 345.39207678443074, ""R2"": 0.12916655097002872}","{""MAE"": 1183.6622046855418, ""MSE"": 3390860.286448283, ""RMSE"": 1841.4288708631357, ""MAPE"": 403.19229031670017, ""R2"": -0.8967965772458133}","{""MAE"": 341.2107180802485, ""MSE"": 170239.4205256975, ""RMSE"": 412.60080044238583, ""MAPE"": 168.4588204105532, ""R2"": 0.90477061191345}","{""MAE"": 408.55684038461544, ""MSE"": 387371.23674181284, ""RMSE"": 622.3915461683367, ""MAPE"": 144.1774135727043, ""R2"": 0.7833103183543524}"
