ref_article,designation,marque,famille,frequency,next_period,avg_forecast,historical_periods,historical_values,avg_sales,max_sales,min_sales,std_sales,trend_pct,data_points,sma_forecast,es_forecast,lr_forecast,arima_forecast,prophet_forecast,xgb_forecast,sma_metrics,es_metrics,lr_metrics,arima_metrics,prophet_metrics,xgb_metrics
KP0036,BRASIL CACAU - ECO KERATIN KIT 110 ML ,CADIVEU,LISSAGE,monthly,2025-09,296.65569888085236,"[""2020-10"", ""2021-02"", ""2021-03"", ""2021-04"", ""2021-07"", ""2021-08"", ""2021-09"", ""2021-10"", ""2021-11"", ""2021-12"", ""2022-01"", ""2022-02"", ""2022-03"", ""2022-04"", ""2022-05"", ""2022-06"", ""2022-07"", ""2022-08"", ""2022-09"", ""2022-10"", ""2022-11"", ""2022-12"", ""2023-02"", ""2023-06"", ""2023-08"", ""2023-10"", ""2023-11"", ""2024-02"", ""2024-03"", ""2024-12"", ""2025-05"", ""2025-08""]","[287.542, 1448.359, 3833.892, 3194.91, 3407.904, 1277.964, 2332.285, 287.542, -1597.464, 3929.739, 683.712, 131.044, 2837.4049999999997, 307.67, 512.784, 598.248, 615.341, 0.0, 7446.762, 3418.56, 102.557, -205.114, 683.712, 581.156, 182.323, -683.711, 683.712, 329.206, 548.676, -548.676, -290.578, -121.928]",1131.7354375,7446.762,-1597.464,1787.721785830064,-142.4035445256693,32,-320.394,-55.102225888506894,0.0,0.0,2155.430419173621,0.0,"{""MAE"": 1319.3156091954022, ""MSE"": 4067532.8082504217, ""RMSE"": 2016.812536714908, ""MAPE"": 319.2194417894763, ""R2"": -0.25497396640885217}","{""MAE"": 1379.3269909929104, ""MSE"": 3750361.842754696, ""RMSE"": 1936.5850982476077, ""MAPE"": 278.6182705584349, ""R2"": -0.14503900348877297}","{""MAE"": 1165.6709518620112, ""MSE"": 2758515.5760079287, ""RMSE"": 1660.8779533752408, ""MAPE"": 197.7133784750634, ""R2"": 0.1368712649680346}","{""MAE"": 1393.6238574337774, ""MSE"": 4507607.418189872, ""RMSE"": 2123.1126720430716, ""MAPE"": 328.95350523015907, ""R2"": -0.4104127316596109}","{""MAE"": 758.9800888439265, ""MSE"": 959139.1019653351, ""RMSE"": 979.35647338716, ""MAPE"": 130.2006498233619, ""R2"": 0.6998891262390119}","{""MAE"": 518.83664, ""MSE"": 528792.0299743686, ""RMSE"": 727.1808784438495, ""MAPE"": 103.09785999486797, ""R2"": 0.8345430419547321}"
