ref_article,designation,marque,famille,frequency,next_period,avg_forecast,historical_periods,historical_values,avg_sales,max_sales,min_sales,std_sales,trend_pct,data_points,sma_forecast,es_forecast,lr_forecast,arima_forecast,prophet_forecast,xgb_forecast,sma_metrics,es_metrics,lr_metrics,arima_metrics,prophet_metrics,xgb_metrics
KP0092,CADIVEU ESSENTIALS - HAIR REMEDY -KIT HOME CARE ,CADIVEU,SOINS CAPILLAIRES,monthly,2025-09,6066.416411345893,"[""2024-10"", ""2025-05"", ""2025-06"", ""2025-07"", ""2025-08""]","[636.93, 1146.474, 1486.17, 989.894, 4373.586]",1726.6108,4373.586,636.93,1351.3699777429424,586.6666666666669,5,2283.2166666666667,2718.5995183200002,2653.20682802549,1602.6078806017813,23879.865934461413,3261.001640000002,"{""MAE"": 1633.0186666666668, ""MSE"": 5017006.576670223, ""RMSE"": 2239.8675355186124, ""MAPE"": 41.24462108234801, ""R2"": -0.7527622557734623}","{""MAE"": 1148.0641180000002, ""MSE"": 3038079.48119928, ""RMSE"": 1743.0087438677065, ""MAPE"": 42.35432568479281, ""R2"": -0.5892137011692826}","{""MAE"": 940.607826751598, ""MSE"": 1214876.1397973134, ""RMSE"": 1102.2141986915763, ""MAPE"": 64.14625757738423, ""R2"": 0.33475216490006765}","{""MAE"": 1112.4330520116187, ""MSE"": 2167393.6263911617, ""RMSE"": 1472.207059618708, ""MAPE"": 65.17994739266912, ""R2"": -0.18683203211700827}","{""MAE"": 0.023418203486858146, ""MSE"": 0.0007073175103081034, ""RMSE"": 0.026595441532490178, ""MAPE"": 0.002224611576819261, ""R2"": 0.9999999996126836}","{""MAE"": 375.81009599999965, ""MSE"": 289638.63552368677, ""RMSE"": 538.1808576340177, ""MAPE"": 21.41790248275201, ""R2"": 0.8413982554011}"
