ref_article,designation,marque,famille,frequency,next_period,avg_forecast,historical_periods,historical_values,avg_sales,max_sales,min_sales,std_sales,trend_pct,data_points,sma_forecast,es_forecast,lr_forecast,arima_forecast,prophet_forecast,xgb_forecast,sma_metrics,es_metrics,lr_metrics,arima_metrics,prophet_metrics,xgb_metrics
KP0040,CADIVEU-BLONDE RECONSTRUCTOR -HOME CARE KIT,CADIVEU,SOINS CAPILLAIRES,monthly,2025-07,902.5620115493576,"[""2021-06"", ""2021-07"", ""2021-08"", ""2021-09"", ""2021-11"", ""2021-12"", ""2022-02"", ""2022-03"", ""2022-05"", ""2022-06"", ""2022-07"", ""2022-08"", ""2022-10"", ""2023-03"", ""2023-06"", ""2023-07"", ""2023-09"", ""2024-01"", ""2024-03"", ""2024-06"", ""2024-08"", ""2024-12"", ""2025-03"", ""2025-06""]","[652.47, 1522.43, 217.49, 3044.86, 869.96, 1304.94, 369.734, 554.601, 500.526, 685.395, 369.734, 349.248, 369.734, 175.624, 388.221, 2458.732, 388.221, 387.403, 3330.66, 1247.85, 3327.6, -1247.85, 1663.8, 277.3]",967.0284583333333,3330.66,-1247.85,1085.7314523864384,-57.49996168406211,24,231.08333333333334,734.9257976668653,1081.5932337805075,1299.3781643983934,1352.9575401170457,715.4340000000012,"{""MAE"": 896.6213968253968, ""MSE"": 1783865.6988135027, ""RMSE"": 1335.6143525784314, ""MAPE"": 103.55022851821558, ""R2"": -0.37170400536192094}","{""MAE"": 875.3846979585797, ""MSE"": 1554502.0574475636, ""RMSE"": 1246.7967185742684, ""MAPE"": 107.72167671105568, ""R2"": -0.2683844301047884}","{""MAE"": 837.2091292266041, ""MSE"": 1175554.3977383624, ""RMSE"": 1084.2298638842053, ""MAPE"": 123.65932297652516, ""R2"": 0.002764127603265165}","{""MAE"": 826.9546085768303, ""MSE"": 1443427.5715522624, ""RMSE"": 1201.427305979127, ""MAPE"": 102.78734160864292, ""R2"": -0.2244756655478819}","{""MAE"": 283.4791197357193, ""MSE"": 171894.75119876015, ""RMSE"": 414.60191895209573, ""MAPE"": 62.197094138940514, ""R2"": 0.8541797704113839}","{""MAE"": 427.59288791666694, ""MSE"": 334661.02366802056, ""RMSE"": 578.4989400751056, ""MAPE"": 61.69859248132408, ""R2"": 0.7161033308736421}"
