ref_article,designation,marque,famille,frequency,next_period,avg_forecast,historical_periods,historical_values,avg_sales,max_sales,min_sales,std_sales,trend_pct,data_points,sma_forecast,es_forecast,lr_forecast,arima_forecast,prophet_forecast,xgb_forecast,sma_metrics,es_metrics,lr_metrics,arima_metrics,prophet_metrics,xgb_metrics
KP0071,CADIVEU ESSENTIALS- KIT HOME CARE VEGAN ,CADIVEU,SOINS CAPILLAIRES,monthly,2025-09,687.6269628655713,"[""2024-07"", ""2024-08"", ""2024-09"", ""2024-10"", ""2024-11"", ""2025-03"", ""2025-04"", ""2025-05"", ""2025-06"", ""2025-07"", ""2025-08""]","[2408.088, 2360.344, 1141.38, 259.608, 895.2, 1312.96, 1074.24, 161.137, 3304.7799999999997, 1388.648, -59.68]",1295.155,3304.7799999999997,-59.68,993.0322959383273,-102.47831474597274,11,1544.5826666666665,733.9102074240653,917.3781817813797,311.13995132131583,0.0,618.75077,"{""MAE"": 1007.38225, ""MSE"": 1643363.6250647223, ""RMSE"": 1281.9374497473432, ""MAPE"": 529.7158899930766, ""R2"": -0.6561777345654454}","{""MAE"": 922.4676972449286, ""MSE"": 1462436.2206516354, ""RMSE"": 1209.3122924421282, ""MAPE"": 435.15086935762463, ""R2"": -0.5418796093673923}","{""MAE"": 770.6207550239232, ""MSE"": 932385.5304691277, ""RMSE"": 965.601123895953, ""MAPE"": 278.15371022977075, ""R2"": 0.054484225070876025}","{""MAE"": 1204.2733668124258, ""MSE"": 2163712.4633076387, ""RMSE"": 1470.9563091090226, ""MAPE"": 436.9706594354072, ""R2"": -1.1941827705528354}","{""MAE"": 0.01876574871835598, ""MSE"": 0.00037515642597134655, ""RMSE"": 0.019368955211145143, ""MAPE"": 0.006176912007376565, ""R2"": 0.9999999996195604}","{""MAE"": 317.619710909091, ""MSE"": 151448.39515942225, ""RMSE"": 389.1637125419355, ""MAPE"": 147.42384356113268, ""R2"": 0.846418844961178}"
