ref_article,designation,marque,famille,frequency,next_period,avg_forecast,historical_periods,historical_values,avg_sales,max_sales,min_sales,std_sales,trend_pct,data_points,sma_forecast,es_forecast,lr_forecast,arima_forecast,prophet_forecast,xgb_forecast,sma_metrics,es_metrics,lr_metrics,arima_metrics,prophet_metrics,xgb_metrics
KP0007,CADIVEU-DETOX KIT HOME CARE,CADIVEU,SOINS CAPILLAIRES,monthly,2024-08,-66.14707473884023,"[""2020-10"", ""2020-12"", ""2021-02"", ""2021-03"", ""2021-06"", ""2021-07"", ""2021-08"", ""2021-09"", ""2021-10"", ""2021-11"", ""2022-04"", ""2022-05"", ""2022-06"", ""2022-09"", ""2022-11"", ""2022-12"", ""2023-11"", ""2024-07""]","[964.278, 369.639, 123.213, 1794.628, 428.568, 535.71, 214.284, 1285.704, 321.426, 985.706, 43.392, 867.8340000000001, 115.82, 313.5, 60.958, 202.495, -289.275, -501.41]",435.3594444444444,1794.628,-501.41,546.7947725302045,-151.99849006199457,18,-196.06333333333336,-200.819115099708,0.0,0.0,0.0,0.0,"{""MAE"": 492.7970222222221, ""MSE"": 345414.79638478515, ""RMSE"": 587.7199982855656, ""MAPE"": 268.8946160042287, ""R2"": -0.036515771015524834}","{""MAE"": 509.37677703385486, ""MSE"": 320209.6126639317, ""RMSE"": 565.8706677889672, ""MAPE"": 267.3720257180702, ""R2"": -0.0704065025457421}","{""MAE"": 325.69077095659827, ""MSE"": 177769.33689553724, ""RMSE"": 421.6270115819636, ""MAPE"": 135.89975080199616, ""R2"": 0.4054229464674768}","{""MAE"": 451.8609765258436, ""MSE"": 343963.6802376434, ""RMSE"": 586.484168786885, ""MAPE"": 174.40492148807877, ""R2"": -0.15043975012450606}","{""MAE"": 21.358785793695436, ""MSE"": 2935.3380319796033, ""RMSE"": 54.178759970855765, ""MAPE"": 19.57249737747008, ""R2"": 0.9901823077665978}","{""MAE"": 187.93598, ""MSE"": 59421.32582764501, ""RMSE"": 243.76489867830645, ""MAPE"": 83.62298675499109, ""R2"": 0.8012561814956957}"
