ref_article,designation,marque,famille,frequency,next_period,avg_forecast,historical_periods,historical_values,avg_sales,max_sales,min_sales,std_sales,trend_pct,data_points,sma_forecast,es_forecast,lr_forecast,arima_forecast,prophet_forecast,xgb_forecast,sma_metrics,es_metrics,lr_metrics,arima_metrics,prophet_metrics,xgb_metrics
MASK_RB_COLLAG_500,MASQUE RB COLLAGENE 500 ML 6192488209380,RENEE BLANCHE,0%SSP,monthly,2025-09,2002.5969626576564,"[""2024-04"", ""2024-05"", ""2024-06"", ""2024-07"", ""2024-08"", ""2024-09"", ""2024-10"", ""2024-11"", ""2024-12"", ""2025-01"", ""2025-02"", ""2025-03"", ""2025-04"", ""2025-05"", ""2025-06"", ""2025-07"", ""2025-08""]","[1026.8609999999999, 7442.967, 3311.141, 2441.446, 5040.44, 1855.433, 1441.146, 803.784, 850.216, 2018.311, 890.737, 1258.991, 738.477, 2477.059, 2192.171, 2290.775, 2007.064]",2240.4128823529413,7442.967,738.477,1672.531730426973,95.45624967741499,17,2163.3366666666666,1970.4275769300466,1057.1126470588351,2117.8508023089375,2608.2559229814515,2098.5981600000005,"{""MAE"": 930.4043095238095, ""MSE"": 1231745.3569743093, ""RMSE"": 1109.8402393922781, ""MAPE"": 63.91879266835515, ""R2"": -0.07503646671461972}","{""MAE"": 1271.1878426318324, ""MSE"": 3732385.466333653, ""RMSE"": 1931.938266698409, ""MAPE"": 65.92468370624466, ""R2"": -0.29849179028456296}","{""MAE"": 1207.2973010380622, ""MSE"": 2382488.4791081157, ""RMSE"": 1543.5311720558532, ""MAPE"": 75.47634753961484, ""R2"": 0.14830896124365311}","{""MAE"": 1380.6195293887151, ""MSE"": 4309872.05045447, ""RMSE"": 2076.02313341024, ""MAPE"": 60.30682081435164, ""R2"": -0.5406913551718968}","{""MAE"": 0.06161206798154741, ""MSE"": 0.005264460678718528, ""RMSE"": 0.072556603274399, ""MAPE"": 0.004205854874531101, ""R2"": 0.9999999981180627}","{""MAE"": 548.3179523529412, ""MSE"": 760166.3599611372, ""RMSE"": 871.8751974687301, ""MAPE"": 27.536856240435725, ""R2"": 0.728256030440367}"
