ref_article,designation,marque,famille,frequency,next_period,avg_forecast,historical_periods,historical_values,avg_sales,max_sales,min_sales,std_sales,trend_pct,data_points,sma_forecast,es_forecast,lr_forecast,arima_forecast,prophet_forecast,xgb_forecast,sma_metrics,es_metrics,lr_metrics,arima_metrics,prophet_metrics,xgb_metrics
OXY-20V_1L,ACTIVATEUR RB SANS AMONIAQUE 20V 1L,RENEE BLANCHE,COLORATION SANS AMMONIAQUE,monthly,2025-09,260.39101542385214,"[""2022-11"", ""2022-12"", ""2023-02"", ""2023-04"", ""2023-05"", ""2023-06"", ""2023-07"", ""2023-08"", ""2023-09"", ""2023-10"", ""2023-11"", ""2023-12"", ""2024-01"", ""2024-02"", ""2024-03"", ""2024-04"", ""2024-05"", ""2024-06"", ""2024-07"", ""2024-08"", ""2024-09"", ""2024-10"", ""2024-11"", ""2024-12"", ""2025-03"", ""2025-04"", ""2025-05"", ""2025-06"", ""2025-07"", ""2025-08""]","[37.677, 6.61, 18.839, 584.667, 301.813, 373.677, 1027.71, 341.869, 18.839, -30.696999999999996, 151.409, 145.948, 75.354, 422.802, 29.996000000000002, 54.057, 41.643, 502.096, 230.941, 641.184, -61.393, 56.516, 37.677, 90.703, 33.711, 1454.227, 1100.961, 37.677, 656.532, 37.677]",280.6907333333333,1454.227,-61.393,370.33333243713776,0.0,30,243.96200000000002,283.4264925517895,416.23486192612927,263.34399171356654,94.78152635162763,260.5972199999997,"{""MAE"": 332.1861728395062, ""MSE"": 204469.50846886425, ""RMSE"": 452.18304752485386, ""MAPE"": 447.35925337610433, ""R2"": -0.41949319929274353}","{""MAE"": 289.59763602014294, ""MSE"": 167825.09831643704, ""RMSE"": 409.66461687145625, ""MAPE"": 367.58024596847196, ""R2"": -0.20072887757524183}","{""MAE"": 289.6008938606436, ""MSE"": 131592.74448580432, ""RMSE"": 362.7571425703487, ""MAPE"": 443.0936353541373, ""R2"": 0.04049699704991805}","{""MAE"": 289.06572253412475, ""MSE"": 194601.8837993023, ""RMSE"": 441.13703517082115, ""MAPE"": 393.3063512685878, ""R2"": -0.4189315118761443}","{""MAE"": 167.89427014428975, ""MSE"": 62907.35912005787, ""RMSE"": 250.8133950172077, ""MAPE"": 225.35003122061417, ""R2"": 0.5413136171054924}","{""MAE"": 113.29154633333324, ""MSE"": 25036.627106443888, ""RMSE"": 158.22966569655605, ""MAPE"": 182.3560491312581, ""R2"": 0.8174464786319142}"
