ref_article,designation,marque,famille,frequency,next_period,avg_forecast,historical_periods,historical_values,avg_sales,max_sales,min_sales,std_sales,trend_pct,data_points,sma_forecast,es_forecast,lr_forecast,arima_forecast,prophet_forecast,xgb_forecast,sma_metrics,es_metrics,lr_metrics,arima_metrics,prophet_metrics,xgb_metrics
OXY-40V,ACTIVATEUR RB SANS AMONIAQUE 40V 90ML,RENEE BLANCHE,COLORATION SANS AMMONIAQUE,monthly,2025-09,22.637835003877086,"[""2022-10"", ""2022-11"", ""2022-12"", ""2023-02"", ""2023-03"", ""2023-04"", ""2023-05"", ""2023-06"", ""2023-07"", ""2023-08"", ""2023-09"", ""2023-10"", ""2023-11"", ""2023-12"", ""2024-01"", ""2024-02"", ""2024-03"", ""2024-04"", ""2024-05"", ""2024-06"", ""2024-07"", ""2024-08"", ""2024-09"", ""2024-10"", ""2025-02"", ""2025-03"", ""2025-04"", ""2025-07"", ""2025-08""]","[509.598, 405.227, 145.645, 63.964999999999996, 250.452, 66.426, 63.82899999999999, 382.764, 413.428, 390.84900000000005, 301.801, 95.948, 83.348, 46.82599999999999, 12.793, 71.525, 143.543, 123.559, 99.612, 104.805, 142.694, 140.724, 57.568999999999996, 128.552, 98.245, 213.15699999999998, 51.173, 12.793, 16.572]",159.91110344827584,509.598,12.793,136.28962630099608,-96.74802491375554,29,26.846,49.10758576610571,11.330592746977345,16.659851510179465,0.0,31.882980000000003,"{""MAE"": 98.66669230769233, ""MSE"": 16378.02518566667, ""RMSE"": 127.97665875333153, ""MAPE"": 154.583200696313, ""R2"": -0.24135513765242322}","{""MAE"": 106.0474508885571, ""MSE"": 19218.840387451557, ""RMSE"": 138.6320323282161, ""MAPE"": 178.29357838544385, ""R2"": -0.30606217877436603}","{""MAE"": 90.89264413333147, ""MSE"": 13247.089246323054, ""RMSE"": 115.0960001317294, ""MAPE"": 115.78843990001934, ""R2"": 0.2868270527602327}","{""MAE"": 96.19487517589671, ""MSE"": 21865.03313618288, ""RMSE"": 147.86829658917046, ""MAPE"": 88.99020233191543, ""R2"": -0.17713029883564513}","{""MAE"": 39.11196398829838, ""MSE"": 3198.419354632964, ""RMSE"": 56.55456970601902, ""MAPE"": 51.56650926930797, ""R2"": 0.8278092556607904}","{""MAE"": 28.90373137931039, ""MSE"": 1489.862602335096, ""RMSE"": 38.59873835159766, ""MAPE"": 35.85666874111173, ""R2"": 0.9197914588380574}"
