ref_article,designation,marque,famille,frequency,next_period,avg_forecast,historical_periods,historical_values,avg_sales,max_sales,min_sales,std_sales,trend_pct,data_points,sma_forecast,es_forecast,lr_forecast,arima_forecast,prophet_forecast,xgb_forecast,sma_metrics,es_metrics,lr_metrics,arima_metrics,prophet_metrics,xgb_metrics
OXY-30V,ACTIVATEUR RB SANS AMONIAQUE 30V 90ML,RENEE BLANCHE,COLORATION SANS AMMONIAQUE,monthly,2025-09,35.38176893640134,"[""2022-10"", ""2022-11"", ""2022-12"", ""2023-01"", ""2023-02"", ""2023-03"", ""2023-04"", ""2023-05"", ""2023-06"", ""2023-07"", ""2023-08"", ""2023-09"", ""2023-10"", ""2023-11"", ""2023-12"", ""2024-01"", ""2024-02"", ""2024-03"", ""2024-04"", ""2024-05"", ""2024-06"", ""2024-07"", ""2024-08"", ""2024-09"", ""2024-10"", ""2024-12"", ""2025-01"", ""2025-02"", ""2025-03"", ""2025-04"", ""2025-05"", ""2025-06"", ""2025-07"", ""2025-08""]","[2177.23, 1254.746, 897.003, 369.773, 307.501, 504.67600000000004, 392.716, 324.285, 694.9259999999999, 896.835, 723.144, 752.939, 121.535, 256.438, 613.842, 283.181, 406.011, 1262.078, 137.173, 340.484, 604.9979999999999, 311.955, 243.071, 130.391, 245.678, 55.054, 98.92699999999999, 238.971, 713.004, 95.949, 50.95399999999999, 19.189999999999998, 51.172, 45.009]",459.43644117647057,2177.23,19.189999999999998,443.57720161745914,-97.93274022496475,34,38.457,82.6078284212164,0.0,46.70075519719166,0.0,44.52503000000001,"{""MAE"": 245.54703225806458, ""MSE"": 129494.28702861648, ""RMSE"": 359.8531464759152, ""MAPE"": 155.9645517439605, ""R2"": -0.5239160930728506}","{""MAE"": 341.33932734801357, ""MSE"": 213421.30001417088, ""RMSE"": 461.975432262551, ""MAPE"": 167.1840615747742, ""R2"": -0.9297572061358164}","{""MAE"": 235.13158546643004, ""MSE"": 124138.58239273127, ""RMSE"": 352.33305606021594, ""MAPE"": 79.63964865831721, ""R2"": 0.36908863878191556}","{""MAE"": 332.50657403624973, ""MSE"": 280006.2858472593, ""RMSE"": 529.1562017469504, ""MAPE"": 119.13417824517384, ""R2"": -0.4230801057049802}","{""MAE"": 176.21927766865062, ""MSE"": 73365.55340921572, ""RMSE"": 270.8607638791852, ""MAPE"": 99.5173066709674, ""R2"": 0.6271331581547315}","{""MAE"": 91.40423764705876, ""MSE"": 17874.976634278348, ""RMSE"": 133.6973321883363, ""MAPE"": 32.318258160105316, ""R2"": 0.9091537407411675}"
