ref_article,designation,marque,famille,frequency,next_period,avg_forecast,historical_periods,historical_values,avg_sales,max_sales,min_sales,std_sales,trend_pct,data_points,sma_forecast,es_forecast,lr_forecast,arima_forecast,prophet_forecast,xgb_forecast,sma_metrics,es_metrics,lr_metrics,arima_metrics,prophet_metrics,xgb_metrics
OXY-30V_1L,ACTIVATEUR RB SANS AMONIAQUE 30V 1L,RENEE BLANCHE,COLORATION SANS AMMONIAQUE,monthly,2025-08,422.25465622400174,"[""2022-12"", ""2023-04"", ""2023-06"", ""2023-07"", ""2023-08"", ""2023-09"", ""2023-10"", ""2023-11"", ""2023-12"", ""2024-01"", ""2024-02"", ""2024-03"", ""2024-04"", ""2024-05"", ""2024-06"", ""2024-07"", ""2024-08"", ""2024-09"", ""2024-12"", ""2025-04"", ""2025-05"", ""2025-07""]","[6.61, 273.496, 200.204, 205.122, 273.495, 18.839, 37.677, 44.657000000000004, 72.974, 37.677, 80.93299999999999, 100.10200000000003, 154.159, 18.178, 198.776, 90.703, 622.345, -201.631, 84.423, 1170.129, 273.496, 174.42499999999998]",178.94495454545458,1170.129,-201.631,264.2116439458883,2538.8048411497725,22,539.35,276.2543282932339,368.5408883284381,216.22266376756576,867.9446169547732,265.2154399999995,"{""MAE"": 181.7498947368421, ""MSE"": 92360.59476607016, ""RMSE"": 303.9088593082968, ""MAPE"": 167.9142082661988, ""R2"": -0.17262754135651437}","{""MAE"": 178.82189314982344, ""MSE"": 88060.68448591947, ""RMSE"": 296.75020553644015, ""MAPE"": 139.04895391055214, ""R2"": -0.22903314741343683}","{""MAE"": 169.80477612286796, ""MSE"": 61671.07275969889, ""RMSE"": 248.33661179878186, ""MAPE"": 168.33151548763212, ""R2"": 0.1165589071208617}","{""MAE"": 202.70089118077706, ""MSE"": 120434.84060439761, ""RMSE"": 347.03723230281446, ""MAPE"": 165.72159368444957, ""R2"": -0.725234902574984}","{""MAE"": 77.12919647810352, ""MSE"": 16775.59519316751, ""RMSE"": 129.52063616724368, ""MAPE"": 175.14577406117013, ""R2"": 0.7596887894443318}","{""MAE"": 66.97796772727264, ""MSE"": 10847.680976028305, ""RMSE"": 104.15220101384466, ""MAPE"": 115.21640234170276, ""R2"": 0.8446064466235583}"
