ref_article,designation,marque,famille,frequency,next_period,avg_forecast,historical_periods,historical_values,avg_sales,max_sales,min_sales,std_sales,trend_pct,data_points,sma_forecast,es_forecast,lr_forecast,arima_forecast,prophet_forecast,xgb_forecast,sma_metrics,es_metrics,lr_metrics,arima_metrics,prophet_metrics,xgb_metrics
PA0081,BRASIL CACAU - EXTREME REPAIR - HAIR MASK 200ML,CADIVEU,SOINS CAPILLAIRES,monthly,2025-09,449.9653060084003,"[""2021-08"", ""2021-09"", ""2022-03"", ""2022-04"", ""2022-05"", ""2022-06"", ""2022-07"", ""2022-08"", ""2022-09"", ""2022-11"", ""2023-01"", ""2023-02"", ""2023-04"", ""2023-05"", ""2023-06"", ""2023-07"", ""2023-08"", ""2023-09"", ""2023-10"", ""2023-11"", ""2023-12"", ""2024-02"", ""2024-03"", ""2024-04"", ""2024-06"", ""2024-07"", ""2024-08"", ""2024-09"", ""2024-10"", ""2024-11"", ""2024-12"", ""2025-03"", ""2025-05"", ""2025-08""]","[1473.678, 69.806, 1219.982, 497.952, 585.093, 1717.934, 782.496, 609.991, 1244.88, -33.197, 1244.88, 2489.76, 413.922, 560.197, 946.108, 709.5809999999999, 1083.046, 896.314, 684.684, 1232.431, 724.52, 1054.944, 975.024, 0.0, 2131.2, 3196.8, 266.4, 2091.24, 119.88, 532.8, 1198.8, 71.04, -35.52, 198.69]",910.4516470588235,3196.8,-35.52,742.2208281158601,-86.51740746621718,34,78.07000000000001,347.06147273344845,801.4893413014825,74.27557266449142,1268.8256493509796,130.0698,"{""MAE"": 600.3673548387097, ""MSE"": 676928.8767493407, ""RMSE"": 822.7568758444628, ""MAPE"": 284.51782818458327, ""R2"": -0.19160237563142624}","{""MAE"": 658.0833552729812, ""MSE"": 708766.9773212549, ""RMSE"": 841.8829950303397, ""MAPE"": 366.9702794236249, ""R2"": -0.27091759008756044}","{""MAE"": 562.3743702972272, ""MSE"": 547771.7318261781, ""RMSE"": 740.1160259217322, ""MAPE"": 303.05294845316007, ""R2"": 0.005663591475580598}","{""MAE"": 745.0132262083591, ""MSE"": 928115.4808480763, ""RMSE"": 963.387502954069, ""MAPE"": 326.55771980443654, ""R2"": -0.6847510747692933}","{""MAE"": 297.6745645760395, ""MSE"": 156234.51852969584, ""RMSE"": 395.26512435287765, ""MAPE"": 176.7943757854223, ""R2"": 0.716397066485249}","{""MAE"": 229.99879911764705, ""MSE"": 85309.59629883758, ""RMSE"": 292.0780654188835, ""MAPE"": 106.54258060454313, ""R2"": 0.8451427252120929}"
