ref_article,designation,marque,famille,frequency,next_period,avg_forecast,historical_periods,historical_values,avg_sales,max_sales,min_sales,std_sales,trend_pct,data_points,sma_forecast,es_forecast,lr_forecast,arima_forecast,prophet_forecast,xgb_forecast,sma_metrics,es_metrics,lr_metrics,arima_metrics,prophet_metrics,xgb_metrics
PA0080,BRASIL CACAU - EXTREME REPAIR - CONDITIONNER 300ML,CADIVEU,SOINS CAPILLAIRES,monthly,2025-09,114.40514591798132,"[""2021-08"", ""2022-04"", ""2022-05"", ""2022-06"", ""2022-07"", ""2022-08"", ""2022-09"", ""2023-01"", ""2023-02"", ""2023-03"", ""2023-04"", ""2023-05"", ""2023-06"", ""2023-07"", ""2023-08"", ""2023-09"", ""2023-10"", ""2023-11"", ""2023-12"", ""2024-01"", ""2024-02"", ""2024-03"", ""2024-04"", ""2024-06"", ""2025-04"", ""2025-05"", ""2025-08""]","[1609.584, 861.12, 409.03200000000004, 409.03200000000004, 430.56, 215.28, 1506.96, 1076.4, 96.876, 202.974, 0.0, 0.0, 296.01, 204.516, 775.008, 775.008, 215.28, -118.404, 208.822, 0.0, 714.068, 1287.694, 691.056, -38.74799999999999, 207.317, -621.95, -57.588]",420.5891481481481,1609.584,-621.95,513.4318088442604,-103.57781886499866,27,-157.407,5.6631141496096085,0.0,0.0,838.1747613582783,0.0,"{""MAE"": 462.42012500000004, ""MSE"": 323405.11201792135, ""RMSE"": 568.6871829203832, ""MAPE"": 273.5111109329519, ""R2"": -0.4372111827365657}","{""MAE"": 480.13623151103826, ""MSE"": 318967.3020865176, ""RMSE"": 564.7719027063206, ""MAPE"": 226.95468373251427, ""R2"": -0.4679575954312587}","{""MAE"": 385.4785002828918, ""MSE"": 196676.66937160012, ""RMSE"": 443.48243411842157, ""MAPE"": 128.1793372141545, ""R2"": 0.2539167280222391}","{""MAE"": 460.48955748444615, ""MSE"": 367102.6760388669, ""RMSE"": 605.889986745834, ""MAPE"": 245.17656238090942, ""R2"": -0.39258594609096575}","{""MAE"": 101.99493530821385, ""MSE"": 28425.262613333543, ""RMSE"": 168.5979318180788, ""MAPE"": 39.06219492714298, ""R2"": 0.892170164335489}","{""MAE"": 154.28137407407382, ""MSE"": 37557.43844589879, ""RMSE"": 193.79741599386404, ""MAPE"": 75.5690602852919, ""R2"": 0.8575277044687146}"
