ref_article,designation,marque,famille,frequency,next_period,avg_forecast,historical_periods,historical_values,avg_sales,max_sales,min_sales,std_sales,trend_pct,data_points,sma_forecast,es_forecast,lr_forecast,arima_forecast,prophet_forecast,xgb_forecast,sma_metrics,es_metrics,lr_metrics,arima_metrics,prophet_metrics,xgb_metrics
PA0077,CADIVEU-DETOX GREEN JUICE 220 ML  ,CADIVEU,SOINS CAPILLAIRES,monthly,2023-12,-28.84581854356045,"[""2020-10"", ""2020-12"", ""2021-02"", ""2021-03"", ""2021-04"", ""2021-06"", ""2021-07"", ""2021-09"", ""2021-10"", ""2021-11"", ""2022-04"", ""2022-05"", ""2022-08"", ""2022-09"", ""2022-11"", ""2022-12"", ""2023-06"", ""2023-11""]","[361.197, 138.459, 46.153, 667.2570000000001, 228.758, 40.133, 200.66500000000002, 280.93100000000004, 80.266, 156.519, 99.404, 132.438, 111.632, 143.526, 27.908, 16.555, -196.074, -132.37]",133.51983333333337,667.2570000000001,-196.074,182.2197806448301,-136.64759120369217,18,-103.96300000000001,-69.11191126136269,0.0,0.0,0.0,0.0,"{""MAE"": 122.31406666666672, ""MSE"": 29873.401804318528, ""RMSE"": 172.8392368772743, ""MAPE"": 144.49203505476532, ""R2"": 0.16519318934275584}","{""MAE"": 139.0353595542221, ""MSE"": 32758.84931056671, ""RMSE"": 180.99405877145998, ""MAPE"": 181.73982626338514, ""R2"": -0.026002269176235382}","{""MAE"": 88.06636237633842, ""MSE"": 18183.112882237125, ""RMSE"": 134.8447732848297, ""MAPE"": 88.65910122450296, ""R2"": 0.45238265432903024}","{""MAE"": 153.67588352374855, ""MSE"": 46591.603363130554, ""RMSE"": 215.85088223848092, ""MAPE"": 159.92992381271446, ""R2"": -0.4031904399161972}","{""MAE"": 0.003305391234725224, ""MSE"": 1.9743220964758844e-05, ""RMSE"": 0.004443334442145768, ""MAPE"": 0.0053757335021783715, ""R2"": 0.9999999994053972}","{""MAE"": 52.34610833333331, ""MSE"": 5877.030241188308, ""RMSE"": 76.66179127302145, ""MAPE"": 55.45945909363481, ""R2"": 0.8230026001625088}"
