ref_article,designation,marque,famille,frequency,next_period,avg_forecast,historical_periods,historical_values,avg_sales,max_sales,min_sales,std_sales,trend_pct,data_points,sma_forecast,es_forecast,lr_forecast,arima_forecast,prophet_forecast,xgb_forecast,sma_metrics,es_metrics,lr_metrics,arima_metrics,prophet_metrics,xgb_metrics
PA0101,CADIVEU-HAIR REMEDY-CONDITIONER 250 ML  ,CADIVEU,SOINS CAPILLAIRES,monthly,2025-08,92.28706047380096,"[""2020-10"", ""2020-11"", ""2020-12"", ""2021-01"", ""2021-02"", ""2021-03"", ""2021-04"", ""2021-05"", ""2021-06"", ""2021-07"", ""2021-08"", ""2021-09"", ""2021-10"", ""2021-11"", ""2021-12"", ""2022-01"", ""2022-02"", ""2022-03"", ""2022-04"", ""2022-05"", ""2022-06"", ""2022-09"", ""2022-11"", ""2022-12"", ""2023-03"", ""2023-05"", ""2023-06"", ""2023-07"", ""2023-08"", ""2023-09"", ""2023-10"", ""2023-11"", ""2023-12"", ""2024-03"", ""2024-06"", ""2024-07"", ""2025-04"", ""2025-07""]","[381.502, 391.284, 263.143, 391.284, 763.004, 371.72, 947.234, 595.7339999999999, 1672.7400000000002, 391.284, 778.668, 107.604, 88.039, 586.9259999999999, 778.668, 0.0, -281.655, 418.668, 418.668, 2292.207, 2077.637, 218.76, 628.002, -94.2, 3201.7709999999997, 209.334, 125.6, 994.337, 544.268, 376.802, 209.334, -164.05599999999998, 904.323, -100.797, 1567.944, 671.976, -447.99, -447.986]",574.5205526315789,3201.7709999999997,-447.99,741.2301292212865,-217.42690732945044,38,-74.66666666666667,-60.43362256435168,360.71411070362774,0.0,328.10854137019635,0.0,"{""MAE"": 699.3315714285714, ""MSE"": 850633.8356521493, ""RMSE"": 922.2981273168396, ""MAPE"": 212.45000885629625, ""R2"": -0.4384961412705921}","{""MAE"": 608.7112179291588, ""MSE"": 676459.7552458595, ""RMSE"": 822.4717352261167, ""MAPE"": 191.586277262444, ""R2"": -0.2010210609513592}","{""MAE"": 521.9335891120585, ""MSE"": 541340.507485403, ""RMSE"": 735.7584572979117, ""MAPE"": 147.56350385890673, ""R2"": 0.01470926800053951}","{""MAE"": 678.5379213536423, ""MSE"": 834662.4076241717, ""RMSE"": 913.5986031207424, ""MAPE"": 200.3940086584802, ""R2"": -0.5191642288151279}","{""MAE"": 335.2230235912636, ""MSE"": 208078.56333896914, ""RMSE"": 456.156292666197, ""MAPE"": 101.09000215680213, ""R2"": 0.6212774083026158}","{""MAE"": 190.06853710526312, ""MSE"": 64201.526544121734, ""RMSE"": 253.38020156303006, ""MAPE"": 57.81066934333251, ""R2"": 0.8831471722336497}"
