ref_article,designation,marque,famille,frequency,next_period,avg_forecast,historical_periods,historical_values,avg_sales,max_sales,min_sales,std_sales,trend_pct,data_points,sma_forecast,es_forecast,lr_forecast,arima_forecast,prophet_forecast,xgb_forecast,sma_metrics,es_metrics,lr_metrics,arima_metrics,prophet_metrics,xgb_metrics
PA0109,CADIVEU -HAIR REMDEDY SHAMPO -980ML,CADIVEU,SOINS CAPILLAIRES,monthly,2025-04,24.17264697959367,"[""2022-09"", ""2023-03"", ""2023-04"", ""2023-05"", ""2023-09"", ""2023-11"", ""2024-05"", ""2024-06"", ""2024-07"", ""2025-03""]","[166.93099999999998, 158.817, 83.466, 69.555, 208.665, 417.33, 417.33, 167.46, -625.995, 46.37]",110.99289999999996,417.33,-625.995,274.887529632921,-72.22205581947031,10,-137.38833333333332,17.126293267205586,0.0,0.0,265.29792194368974,0.0,"{""MAE"": 264.8959523809524, ""MSE"": 156528.90494192066, ""RMSE"": 395.63734017648113, ""MAPE"": 93.21566365981944, ""R2"": -0.46361518675529134}","{""MAE"": 195.85457618708443, ""MSE"": 101415.80914581224, ""RMSE"": 318.45848888954464, ""MAPE"": 77.28834696154561, ""R2"": -0.21350324392186226}","{""MAE"": 180.6611673740052, ""MSE"": 71379.70764341622, ""RMSE"": 267.16981050151645, ""MAPE"": 74.3556932145375, ""R2"": 0.05536357451635565}","{""MAE"": 227.68680825658595, ""MSE"": 111959.09858227766, ""RMSE"": 334.60289685278826, ""MAPE"": 154.06138511504423, ""R2"": -0.4816625925882265}","{""MAE"": 0.007364706105958163, ""MSE"": 7.135220462252844e-05, ""RMSE"": 0.008447023417898665, ""MAPE"": 0.005952731210092412, ""R2"": 0.9999999990557276}","{""MAE"": 71.84020599999991, ""MSE"": 9471.17611722235, ""RMSE"": 97.31996772103015, ""MAPE"": 55.048540005043314, ""R2"": 0.8746588036309476}"
