ref_article,designation,marque,famille,frequency,next_period,avg_forecast,historical_periods,historical_values,avg_sales,max_sales,min_sales,std_sales,trend_pct,data_points,sma_forecast,es_forecast,lr_forecast,arima_forecast,prophet_forecast,xgb_forecast,sma_metrics,es_metrics,lr_metrics,arima_metrics,prophet_metrics,xgb_metrics
PA0186,BRASIL CACAU - EXTREME REPAIR - SHAMPOO 300ML,CADIVEU,SOINS CAPILLAIRES,monthly,2025-08,444.7128983790526,"[""2021-08"", ""2022-03"", ""2022-04"", ""2022-05"", ""2022-06"", ""2022-08"", ""2022-09"", ""2023-01"", ""2023-02"", ""2023-03"", ""2023-04"", ""2023-05"", ""2023-06"", ""2023-08"", ""2023-09"", ""2023-10"", ""2023-11"", ""2023-12"", ""2024-01"", ""2024-02"", ""2024-03"", ""2024-04"", ""2024-06"", ""2024-09"", ""2024-12"", ""2025-03"", ""2025-04"", ""2025-05"", ""2025-06"", ""2025-07""]","[1581.552, 95.189, 1692.24, 401.908, 1364.3690000000001, 729.779, 1057.65, 1575.8990000000001, 2115.3, 601.353, 230.921, 581.706, 401.907, 2284.524, -1322.05, 634.59, 105.76199999999997, 1231.105, 0.0, 1154.3410000000001, 1507.3980000000001, 1471.184, 905.346, 322.529, 1018.521, 60.358, 226.338, 407.408, 628.088, 554.528]",787.3247666666666,2284.524,-1322.05,727.4178568450042,-64.93773205054275,30,530.008,539.51206568105,450.0003476416787,605.6589769515874,0.0,543.0979999999996,"{""MAE"": 674.4801728395063, ""MSE"": 750055.6832857779, ""RMSE"": 866.0575519477778, ""MAPE"": 146.97606693210133, ""R2"": -0.45612308684376046}","{""MAE"": 643.6768008021619, ""MSE"": 682797.3904893824, ""RMSE"": 826.3155514023576, ""MAPE"": 193.86413340962218, ""R2"": -0.30086092357138816}","{""MAE"": 551.4862283744579, ""MSE"": 493090.26813905686, ""RMSE"": 702.2038650841057, ""MAPE"": 139.91151236850888, ""R2"": 0.06812316684537445}","{""MAE"": 654.4062340203801, ""MSE"": 733478.9522764185, ""RMSE"": 856.4338575023867, ""MAPE"": 168.383809663158, ""R2"": -0.38618035560207753}","{""MAE"": 357.4896436274817, ""MSE"": 187617.17675166804, ""RMSE"": 433.14798481773875, ""MAPE"": 84.54857015922282, ""R2"": 0.6454278013301809}","{""MAE"": 280.3046200000001, ""MSE"": 177071.66827586148, ""RMSE"": 420.79884538323233, ""MAPE"": 64.4914429865343, ""R2"": 0.665357448450429}"
