ref_article,designation,marque,famille,frequency,next_period,avg_forecast,historical_periods,historical_values,avg_sales,max_sales,min_sales,std_sales,trend_pct,data_points,sma_forecast,es_forecast,lr_forecast,arima_forecast,prophet_forecast,xgb_forecast,sma_metrics,es_metrics,lr_metrics,arima_metrics,prophet_metrics,xgb_metrics
PA0105,CADIVEU -HAIR REMDEDY MASK -500ML,CADIVEU,SOINS CAPILLAIRES,monthly,2024-07,425.0217555852298,"[""2022-09"", ""2023-03"", ""2023-04"", ""2023-05"", ""2023-08"", ""2023-09"", ""2023-11"", ""2024-05"", ""2024-06""]","[143.604, 128.644, 128.644, 418.838, 430.801, -430.8, 358.998, 1436.016, 80.919]",299.5182222222222,1436.016,-430.8,470.282774268791,-43.65129105038857,9,625.311,305.9756675095199,615.1019625537119,669.6742934481463,0.0,334.06761000000034,"{""MAE"": 526.1801666666667, ""MSE"": 436179.8045440186, ""RMSE"": 660.4390997995338, ""MAPE"": 151.03643465758782, ""R2"": -0.40212440021625473}","{""MAE"": 407.682316451, ""MSE"": 320947.56893108826, ""RMSE"": 566.5223463651618, ""MAPE"": 129.91297649368354, ""R2"": -0.30789138558106677}","{""MAE"": 305.4740590682762, ""MSE"": 188059.642436481, ""RMSE"": 433.658439830797, ""MAPE"": 125.00947126507076, ""R2"": 0.14968965454250738}","{""MAE"": 462.8603492785212, ""MSE"": 425994.650064918, ""RMSE"": 652.6826564762679, ""MAPE"": 191.3934757664079, ""R2"": -0.9261318024790464}","{""MAE"": 0.04104739371264227, ""MSE"": 0.00241822571680183, ""RMSE"": 0.04917545848085028, ""MAPE"": 0.022654227575009355, ""R2"": 0.9999999890660095}","{""MAE"": 174.44017999999994, ""MSE"": 51545.83606834058, ""RMSE"": 227.03708082236386, ""MAPE"": 65.07510089874555, ""R2"": 0.7669358661629384}"
