ref_article,designation,marque,famille,frequency,next_period,avg_forecast,historical_periods,historical_values,avg_sales,max_sales,min_sales,std_sales,trend_pct,data_points,sma_forecast,es_forecast,lr_forecast,arima_forecast,prophet_forecast,xgb_forecast,sma_metrics,es_metrics,lr_metrics,arima_metrics,prophet_metrics,xgb_metrics
PA0218,CADIVEU - HAIR REMEDY REPAIR DOSE,CADIVEU,SOINS CAPILLAIRES,monthly,2023-12,298.5355037118489,"[""2020-09"", ""2020-10"", ""2020-11"", ""2020-12"", ""2021-01"", ""2021-02"", ""2021-03"", ""2021-04"", ""2021-05"", ""2021-06"", ""2021-07"", ""2021-08"", ""2021-09"", ""2021-10"", ""2021-11"", ""2021-12"", ""2022-02"", ""2022-03"", ""2022-04"", ""2022-05"", ""2022-06"", ""2022-07"", ""2022-08"", ""2022-09"", ""2022-10"", ""2022-11"", ""2023-01"", ""2023-03"", ""2023-04"", ""2023-05"", ""2023-11""]","[284.372, 1130.379, 127.968, 941.9830000000001, 1279.674, 966.865, 2001.268, 828.2330000000001, 1517.839, 2765.518, 2084.979, 625.6179999999999, 1620.92, 71.093, 746.476, 853.116, 634.423, 2571.166, -874.0989999999999, 730.272, 1430.117, 2354.367, 1323.618, 1019.338, 1392.081, 68.463, 1323.618, 6965.16, 248.179, -578.1320000000001, -57.053]",1174.123193548387,6965.16,-874.0989999999999,1352.3609118239783,-120.06280505816325,31,-129.00200000000004,588.5332698966981,1331.6817523743953,0.0,0.0,0.0,"{""MAE"": 1124.2158095238094, ""MSE"": 2934546.662314174, ""RMSE"": 1713.0518562828663, ""MAPE"": 374.8373897321545, ""R2"": -0.5030429400611973}","{""MAE"": 1027.7453428916801, ""MSE"": 2408831.353875915, ""RMSE"": 1552.0410284125594, ""MAPE"": 307.5971840268658, ""R2"": -0.2932805311824498}","{""MAE"": 862.2340410736533, ""MSE"": 1824084.2277839964, ""RMSE"": 1350.5866235765836, ""MAPE"": 274.50077319656145, ""R2"": 0.0026222649662259734}","{""MAE"": 1154.6469607364231, ""MSE"": 3138949.6794668557, ""RMSE"": 1771.7081247956323, ""MAPE"": 269.00265580779404, ""R2"": -0.7163234427474996}","{""MAE"": 340.27507342739096, ""MSE"": 196946.78884105585, ""RMSE"": 443.7868732185032, ""MAPE"": 82.13798356703039, ""R2"": 0.8923128991608561}","{""MAE"": 392.87514225806467, ""MSE"": 305128.9887340039, ""RMSE"": 552.3848194275472, ""MAPE"": 99.90151890142201, ""R2"": 0.8331607416800137}"
