ref_article,designation,marque,famille,frequency,next_period,avg_forecast,historical_periods,historical_values,avg_sales,max_sales,min_sales,std_sales,trend_pct,data_points,sma_forecast,es_forecast,lr_forecast,arima_forecast,prophet_forecast,xgb_forecast,sma_metrics,es_metrics,lr_metrics,arima_metrics,prophet_metrics,xgb_metrics
PA0330,CADIVEU-BLONDE RECONSTRUCTOR -UNBROKEN BLONDE 1L,CADIVEU,SOINS CAPILLAIRES,monthly,2025-04,235.96563940888367,"[""2021-07"", ""2021-09"", ""2023-12"", ""2024-02"", ""2024-06"", ""2025-03""]","[314.08, 942.24, 237.444, 537.87, 278.689, 224.943]",422.5443333333333,942.24,224.943,254.6732822700925,-28.380348955680073,6,347.1673333333333,312.59800827999993,234.2282843463363,269.57869049363273,0.0,252.22151999999966,"{""MAE"": 153.38966666666667, ""MSE"": 34635.38211707408, ""RMSE"": 186.10583579531857, ""MAPE"": 56.349312209970115, ""R2"": -0.85561346380851}","{""MAE"": 273.1545863999999, ""MSE"": 108401.9900074091, ""RMSE"": 329.24457475774614, ""MAPE"": 68.66745280430398, ""R2"": -0.4452308739872026}","{""MAE"": 170.79897644726688, ""MSE"": 43716.25540022406, ""RMSE"": 209.08432605105543, ""MAPE"": 41.676191247225, ""R2"": 0.32597472332209254}","{""MAE"": 288.8859386139243, ""MSE"": 123019.42838515092, ""RMSE"": 350.741255607536, ""MAPE"": 70.75348945147546, ""R2"": -0.8967362024706811}","{""MAE"": 0.00937298880059719, ""MSE"": 0.0001174435562330712, ""RMSE"": 0.010837137824770486, ""MAPE"": 0.002865166342120186, ""R2"": 0.9999999981892336}","{""MAE"": 101.60744166666643, ""MSE"": 14043.990932604947, ""RMSE"": 118.50734547953112, ""MAPE"": 24.635774507437546, ""R2"": 0.783467161417431}"
