ref_article,designation,marque,famille,frequency,next_period,avg_forecast,historical_periods,historical_values,avg_sales,max_sales,min_sales,std_sales,trend_pct,data_points,sma_forecast,es_forecast,lr_forecast,arima_forecast,prophet_forecast,xgb_forecast,sma_metrics,es_metrics,lr_metrics,arima_metrics,prophet_metrics,xgb_metrics
PA0338,BRASIL CACAU-ECO KERATINE 300 ML ,CADIVEU,LISSAGE,monthly,2023-05,-22.284029176195578,"[""2020-05"", ""2020-06"", ""2020-10"", ""2020-11"", ""2020-12"", ""2021-08"", ""2021-09"", ""2022-02"", ""2022-03"", ""2022-10"", ""2022-12"", ""2023-04""]","[190.0, -32.286, 513.0, 342.0, 171.0, 8711.5, -8559.5, 0.0, 191.251, 182.97, 0.0, -182.97]",127.24708333333332,8711.5,-8559.5,3529.7665176561236,-196.3,12,0.0,-133.70417505717347,0.0,0.0,0.0,0.0,"{""MAE"": 2653.1764444444448, ""MSE"": 23823067.57503561, ""RMSE"": 4880.887990420965, ""MAPE"": 313.3146809123148, ""R2"": -0.4358593241888802}","{""MAE"": 2047.2354206970651, ""MSE"": 18326266.982708022, ""RMSE"": 4280.918941384901, ""MAPE"": 188.79065503446003, ""R2"": -0.34836033638357344}","{""MAE"": 1560.6435343341673, ""MSE"": 12435578.872544045, ""RMSE"": 3526.411614168721, ""MAPE"": 172.49036675946866, ""R2"": 0.0019000175332182234}","{""MAE"": 2546.1056370632523, ""MSE"": 20751052.939039264, ""RMSE"": 4555.332363180459, ""MAPE"": 423.4121806845784, ""R2"": -0.6655135870152868}","{""MAE"": 0.03426473704012049, ""MSE"": 0.0019403336482754455, ""RMSE"": 0.04404921847519483, ""MAPE"": 0.012542872465636295, ""R2"": 0.9999999998442657}","{""MAE"": 861.4152433333334, ""MSE"": 3741288.84609493, ""RMSE"": 1934.2411551031919, ""MAPE"": 90.84790629051562, ""R2"": 0.6997180131328631}"
