ref_article,designation,marque,famille,frequency,next_period,avg_forecast,historical_periods,historical_values,avg_sales,max_sales,min_sales,std_sales,trend_pct,data_points,sma_forecast,es_forecast,lr_forecast,arima_forecast,prophet_forecast,xgb_forecast,sma_metrics,es_metrics,lr_metrics,arima_metrics,prophet_metrics,xgb_metrics
PA0312,BRASIL CACAU - EXTREME REPAIR- SHAMP 300ML SULFATE FRE,CADIVEU,SOINS CAPILLAIRES,monthly,2025-08,979.8043260495446,"[""2022-03"", ""2022-05"", ""2022-06"", ""2022-10"", ""2023-02"", ""2023-05"", ""2023-06"", ""2023-07"", ""2023-08"", ""2023-09"", ""2023-10"", ""2023-11"", ""2024-06"", ""2024-08"", ""2024-09"", ""2024-10"", ""2024-12"", ""2025-04"", ""2025-05"", ""2025-06"", ""2025-07""]","[4772.563, 466.214, 73.613, -1410.912, 981.504, 515.29, 2202.249, 1398.643, 1251.4180000000001, 2416.9539999999997, 490.752, 981.504, 3938.29, 262.554, 2625.54, 525.108, -525.108, 2861.839, 472.597, -840.152, 2333.447]",1228.2812857142858,4772.563,-1410.912,1504.6564225736731,-51.10704667492079,21,655.2973333333333,1464.6630391285498,1146.5635723656928,522.3274687868461,611.0041426828469,1478.9703999999986,"{""MAE"": 1343.9307037037038, ""MSE"": 2484924.381063568, ""RMSE"": 1576.364291990772, ""MAPE"": 150.11585528765644, ""R2"": -0.3586778222778697}","{""MAE"": 1609.825454338635, ""MSE"": 3969300.485363052, ""RMSE"": 1992.3103386177195, ""MAPE"": 418.86237635316854, ""R2"": -1.3108376632642091}","{""MAE"": 1217.432068282268, ""MSE"": 2261372.490682191, ""RMSE"": 1503.786052163735, ""MAPE"": 190.1254675693266, ""R2"": 0.001156567922686036}","{""MAE"": 1705.2512666207779, ""MSE"": 4188178.6233798317, ""RMSE"": 2046.5040003332101, ""MAPE"": 352.02718389141376, ""R2"": -0.8499096135495832}","{""MAE"": 457.0790999077776, ""MSE"": 730894.6728886145, ""RMSE"": 854.9237819177886, ""MAPE"": 103.23656860447147, ""R2"": 0.6771653734344074}","{""MAE"": 565.4438419047614, ""MSE"": 491274.10086051695, ""RMSE"": 700.9094812174515, ""MAPE"": 77.26664081480146, ""R2"": 0.7830052717912991}"
