ref_article,designation,marque,famille,frequency,next_period,avg_forecast,historical_periods,historical_values,avg_sales,max_sales,min_sales,std_sales,trend_pct,data_points,sma_forecast,es_forecast,lr_forecast,arima_forecast,prophet_forecast,xgb_forecast,sma_metrics,es_metrics,lr_metrics,arima_metrics,prophet_metrics,xgb_metrics
PA0329,CADIVEU-BLONDE RECON CLARIFYING SHAMP1L -1-,CADIVEU,SOINS CAPILLAIRES,monthly,2024-07,178.12973436919484,"[""2023-07"", ""2023-12"", ""2024-01"", ""2024-02"", ""2024-06""]","[64.084, 76.9, 107.859, 417.054, 115.977]",156.3748,417.054,64.084,131.73704566810355,80.97653080332063,5,213.63,147.86360397999997,224.68436624203878,292.70398599313023,0.0,189.89645000000016,"{""MAE"": 209.36683333333332, ""MSE"": 59394.41376027776, ""RMSE"": 243.70969156001524, ""MAPE"": 76.5400572373104, ""R2"": -1.620899883098581}","{""MAE"": 113.7417605, ""MSE"": 29915.2268213321, ""RMSE"": 172.96018854445117, ""MAPE"": 47.6591177201029, ""R2"": -0.5718743190548377}","{""MAE"": 98.9831974522297, ""MSE"": 15830.002158888532, ""RMSE"": 125.81733647986883, ""MAPE"": 65.3550924806945, ""R2"": 0.08785236882529357}","{""MAE"": 112.805308334951, ""MSE"": 25453.61200374517, ""RMSE"": 159.54188166041283, ""MAPE"": 67.23012231929815, ""R2"": -0.4666739562647282}","{""MAE"": 0.003360894695461525, ""MSE"": 1.4777298047207929e-05, ""RMSE"": 0.0038441251341765565, ""MAPE"": 0.0031903876080961848, ""R2"": 0.9999999991485107}","{""MAE"": 48.61305799999999, ""MSE"": 3968.3580073310577, ""RMSE"": 62.994904614032535, ""MAPE"": 31.899168025365434, ""R2"": 0.7713374692114159}"
