ref_article,designation,marque,famille,frequency,next_period,avg_forecast,historical_periods,historical_values,avg_sales,max_sales,min_sales,std_sales,trend_pct,data_points,sma_forecast,es_forecast,lr_forecast,arima_forecast,prophet_forecast,xgb_forecast,sma_metrics,es_metrics,lr_metrics,arima_metrics,prophet_metrics,xgb_metrics
PA0332,CADIVEU-BLONDE RECON-PH BALANCING MASK 1L -3-,CADIVEU,SOINS CAPILLAIRES,monthly,2024-07,336.7235099248397,"[""2023-07"", ""2023-12"", ""2024-01"", ""2024-02"", ""2024-06""]","[179.391, 215.269, 197.446, 763.456, 212.307]",313.5738,763.456,179.391,225.30134580636664,18.348746592638427,5,391.0696666666667,286.47786684,397.1898630573269,596.4904429850442,0.0,349.1132200000001,"{""MAE"": 372.9186666666667, ""MSE"": 176382.46573022226, ""RMSE"": 419.97912535056105, ""MAPE"": 79.40656416607965, ""R2"": -1.3226156781676428}","{""MAE"": 191.41320900000002, ""MSE"": 87606.08641413898, ""RMSE"": 295.98325360421825, ""MAPE"": 41.615812647045956, ""R2"": -0.515039274620916}","{""MAE"": 173.47937834394986, ""MSE"": 48476.22520012164, ""RMSE"": 220.17317093624655, ""MAPE"": 53.91360367115276, ""R2"": 0.04500472576339709}","{""MAE"": 190.05036123935534, ""MSE"": 73215.3003000297, ""RMSE"": 270.5832594600592, ""MAPE"": 54.95169693632763, ""R2"": -0.4423620135374453}","{""MAE"": 0.007235113108282576, ""MSE"": 7.26440043584972e-05, ""RMSE"": 0.00852314521514782, ""MAPE"": 0.00339407775042298, ""R2"": 0.9999999985688927}","{""MAE"": 86.28403800000005, ""MSE"": 12562.599023465047, ""RMSE"": 112.08300059984586, ""MAPE"": 27.430013914731955, ""R2"": 0.7525132650075159}"
