ref_article,designation,marque,famille,frequency,next_period,avg_forecast,historical_periods,historical_values,avg_sales,max_sales,min_sales,std_sales,trend_pct,data_points,sma_forecast,es_forecast,lr_forecast,arima_forecast,prophet_forecast,xgb_forecast,sma_metrics,es_metrics,lr_metrics,arima_metrics,prophet_metrics,xgb_metrics
PA0311,BRASIL CACAU - ANTI FRIZZ SHAMPOO -A- 1L SULFATE FREE ,CADIVEU,SOINS CAPILLAIRES,monthly,2023-01,1221.8232693359657,"[""2020-01"", ""2020-03"", ""2020-05"", ""2020-06"", ""2020-07"", ""2020-08"", ""2020-09"", ""2020-10"", ""2020-11"", ""2020-12"", ""2021-01"", ""2021-02"", ""2021-03"", ""2021-04"", ""2021-05"", ""2021-06"", ""2021-07"", ""2021-08"", ""2021-09"", ""2021-10"", ""2021-11"", ""2021-12"", ""2022-02"", ""2022-03"", ""2022-04"", ""2022-05"", ""2022-06"", ""2022-10"", ""2022-12""]","[2117.0699999999997, 470.46, 1175.173, 8781.805, 313.544, 2430.6859999999997, 2863.776, 2093.547, 1411.3799999999999, 1344.174, 1474.108, 3030.378, 2422.8689999999997, 506.217, 2128.763, 290.094, 290.094, 7997.678000000001, 6543.271000000001, 7.796000000000049, 7275.8060000000005, -141.13799999999998, 887.6610000000001, 6208.500999999999, -351.606, 1908.5819999999999, 1929.677, -672.0830000000001, 251.62199999999999]",2241.0312068965522,8781.805,-672.0830000000001,2554.27428560408,-88.11461123156059,29,503.07199999999995,756.8121823858102,1671.6908097462147,0.0,4013.2352338837686,386.1293900000002,"{""MAE"": 2123.154717948718, ""MSE"": 8540645.473788591, ""RMSE"": 2922.4382754454527, ""MAPE"": 2729.2674018422067, ""R2"": -0.20302654790537744}","{""MAE"": 2142.7012672712576, ""MSE"": 8449951.115871625, ""RMSE"": 2906.8799624118683, ""MAPE"": 2208.6550534693743, ""R2"": -0.2505921551032526}","{""MAE"": 1871.6125171188057, ""MSE"": 6451648.257570273, ""RMSE"": 2540.0094995039435, ""MAPE"": 1166.206388709926, ""R2"": 0.011138157009148775}","{""MAE"": 2452.9655817011335, ""MSE"": 11085243.541982459, ""RMSE"": 3329.4509370138585, ""MAPE"": 3515.7863688447906, ""R2"": -0.6990657148837611}","{""MAE"": 795.6568991316667, ""MSE"": 1090040.976043026, ""RMSE"": 1044.0502746721663, ""MAPE"": 323.90317186833505, ""R2"": 0.8329264266320378}","{""MAE"": 907.3125368965518, ""MSE"": 1627353.8007409906, ""RMSE"": 1275.6777809231414, ""MAPE"": 1126.9105406104006, ""R2"": 0.7505710146689015}"
