ref_article,designation,marque,famille,frequency,next_period,avg_forecast,historical_periods,historical_values,avg_sales,max_sales,min_sales,std_sales,trend_pct,data_points,sma_forecast,es_forecast,lr_forecast,arima_forecast,prophet_forecast,xgb_forecast,sma_metrics,es_metrics,lr_metrics,arima_metrics,prophet_metrics,xgb_metrics
PA0326,BRASIL CACAU - SMOOTHING PROTEIN DOSE 110ML,CADIVEU,LISSAGE,monthly,2025-08,7746.733408522862,"[""2022-10"", ""2022-12"", ""2023-01"", ""2023-02"", ""2023-04"", ""2023-05"", ""2023-07"", ""2023-08"", ""2023-09"", ""2023-10"", ""2023-12"", ""2024-03"", ""2024-05"", ""2024-08"", ""2024-09"", ""2024-12"", ""2025-03"", ""2025-07""]","[8044.218, -2394.1, 1915.29, -1915.29, 13790.088, 766.116, 13023.972, 13790.088, 1819.526, 7278.102, 5686.025, 1229.616, 409.872, 16394.88, 84761.529, -614.808, -1690.722, 430.37200000000007]",9040.265222222222,84761.529,-2394.1,19299.2076144212,-94.64992122292061,18,-625.0526666666666,7263.197750234866,16213.65054084442,0.0,22650.133356724546,978.471470000002,"{""MAE"": 16353.258311111109, ""MSE"": 666490443.5528833, ""RMSE"": 25816.47620324825, ""MAPE"": 1127.82786075688, ""R2"": -0.5389372349497104}","{""MAE"": 13447.115466701718, ""MSE"": 492860547.3323474, ""RMSE"": 22200.462772932176, ""MAPE"": 797.8560396744434, ""R2"": -0.24994115726389787}","{""MAE"": 11102.90824324733, ""MSE"": 361087982.8353258, ""RMSE"": 19002.315196715525, ""MAPE"": 692.7794386711779, ""R2"": 0.03053065989246939}","{""MAE"": 14283.560774528303, ""MSE"": 614696266.463421, ""RMSE"": 24793.06891982961, ""MAPE"": 855.0005181079048, ""R2"": -0.6503711343022709}","{""MAE"": 0.6044168538536085, ""MSE"": 0.6637613657075404, ""RMSE"": 0.8147155121314068, ""MAPE"": 0.03385689190802855, ""R2"": 0.9999999982178961}","{""MAE"": 5378.6339005555565, ""MSE"": 89997566.26924637, ""RMSE"": 9486.704710764765, ""MAPE"": 311.34016236341495, ""R2"": 0.7583694685787415}"
