ref_article,designation,marque,famille,frequency,next_period,avg_forecast,historical_periods,historical_values,avg_sales,max_sales,min_sales,std_sales,trend_pct,data_points,sma_forecast,es_forecast,lr_forecast,arima_forecast,prophet_forecast,xgb_forecast,sma_metrics,es_metrics,lr_metrics,arima_metrics,prophet_metrics,xgb_metrics
PA0331,CADIVEU-BLONDE RECONSTRUCTOR-FIBER FILLER 1L -2-,CADIVEU,SOINS CAPILLAIRES,monthly,2025-04,149.3136773238892,"[""2023-07"", ""2023-08"", ""2023-12"", ""2024-01"", ""2024-02"", ""2024-03"", ""2024-06"", ""2024-07"", ""2025-03""]","[179.391, 179.391, 215.269, 197.446, 763.456, 424.614, 212.307, 179.391, 128.137]",275.4891111111112,763.456,128.137,189.58324785430713,-28.571110033390745,9,173.27833333333334,205.27472853611997,228.42985526315806,139.71498681072367,0.0,149.18416000000013,"{""MAE"": 214.2733333333334, ""MSE"": 81190.67675362965, ""RMSE"": 284.93977741556137, ""MAPE"": 79.16658635840685, ""R2"": -0.6754099386346344}","{""MAE"": 144.24591972849998, ""MSE"": 50974.11722919256, ""RMSE"": 225.7744831224126, ""MAPE"": 49.60366122569456, ""R2"": -0.30249051956233486}","{""MAE"": 141.1365551378446, ""MSE"": 35525.822719599615, ""RMSE"": 188.48295073984707, ""MAPE"": 51.196808947608474, ""R2"": 0.011573851513744127}","{""MAE"": 158.74016450006835, ""MSE"": 54147.4729121096, ""RMSE"": 232.69609560993842, ""MAPE"": 52.56705313472651, ""R2"": -0.5065317001442144}","{""MAE"": 0.005844202947422951, ""MSE"": 3.5354239994493456e-05, ""RMSE"": 0.005945943154327449, ""MAPE"": 0.0027911212339982116, ""R2"": 0.9999999990163477}","{""MAE"": 50.99510888888894, ""MSE"": 5411.665386689951, ""RMSE"": 73.56402236616722, ""MAPE"": 16.38251684642619, ""R2"": 0.8494325770501785}"
