ref_article,designation,marque,famille,frequency,next_period,avg_forecast,historical_periods,historical_values,avg_sales,max_sales,min_sales,std_sales,trend_pct,data_points,sma_forecast,es_forecast,lr_forecast,arima_forecast,prophet_forecast,xgb_forecast,sma_metrics,es_metrics,lr_metrics,arima_metrics,prophet_metrics,xgb_metrics
PA0313,BRASIL CACAU - EXTREME REPAIR- SHAMPOO 1L SULFATE FREE ,CADIVEU,SOINS CAPILLAIRES,monthly,2025-05,90.47025418288688,"[""2023-03"", ""2023-05"", ""2023-09"", ""2023-10"", ""2024-02"", ""2024-03"", ""2024-04"", ""2024-05"", ""2024-06"", ""2025-03"", ""2025-04""]","[87.417, 92.018, 276.054, -276.054, 614.3720000000001, -378.072, 97.67700000000009, 105.023, 105.023, 131.278, -131.278]",65.7689090909091,614.3720000000001,-378.072,253.59224574732872,-250.1744511937037,11,35.007666666666665,-21.44630640644583,16.759142651711045,72.69805477904782,439.8029674063415,0.0,"{""MAE"": 268.6141666666667, ""MSE"": 120432.94752227777, ""RMSE"": 347.0345048007154, ""MAPE"": 110.9919381530765, ""R2"": -0.47388551728832895}","{""MAE"": 223.52733221103426, ""MSE"": 96201.27838691315, ""RMSE"": 310.16330922098626, ""MAPE"": 85.62579524068589, ""R2"": -0.3609206939125573}","{""MAE"": 177.85533777812643, ""MSE"": 63631.38458568897, ""RMSE"": 252.2526205724907, ""MAPE"": 69.20701626391138, ""R2"": 0.010537284546342396}","{""MAE"": 218.97380100717453, ""MSE"": 72956.02150405204, ""RMSE"": 270.1037236027153, ""MAPE"": 123.5766155895458, ""R2"": -0.13446004068769013}","{""MAE"": 0.019378655227902962, ""MSE"": 0.0004908260685064198, ""RMSE"": 0.022154594749315994, ""MAPE"": 0.013939165784574166, ""R2"": 0.9999999923676957}","{""MAE"": 117.96178727272728, ""MSE"": 26380.87553895994, ""RMSE"": 162.4219059700998, ""MAPE"": 50.34160334180277, ""R2"": 0.5897795888493844}"
