ref_article,designation,marque,famille,frequency,next_period,avg_forecast,historical_periods,historical_values,avg_sales,max_sales,min_sales,std_sales,trend_pct,data_points,sma_forecast,es_forecast,lr_forecast,arima_forecast,prophet_forecast,xgb_forecast,sma_metrics,es_metrics,lr_metrics,arima_metrics,prophet_metrics,xgb_metrics
PA0333,CADIVEU-BLONDE RECONSTRUCTOR-BLONDE LOCK 200ML -4-,CADIVEU,SOINS CAPILLAIRES,monthly,2024-07,985.0257916726006,"[""2022-04"", ""2022-05"", ""2022-06"", ""2023-06"", ""2023-12"", ""2024-01"", ""2024-02"", ""2024-06""]","[204.573, 323.912, 194.347, 452.214, 60.295, 51.978, 107.868, 55.89]",181.384625,452.214,51.978,135.52245838784205,-72.67967913654294,8,71.91199999999999,103.50847236110998,76.91058620689637,84.35124547563768,5509.17157599196,64.30087000000009,"{""MAE"": 151.17826666666667, ""MSE"": 30876.826699066663, ""RMSE"": 175.71803179829516, ""MAPE"": 188.45384693404174, ""R2"": -0.29163918874498695}","{""MAE"": 136.97551281557142, ""MSE"": 23606.731170264185, ""RMSE"": 153.6448214886014, ""MAPE"": 151.89870156166626, ""R2"": -0.12938377469138773}","{""MAE"": 81.49461575235077, ""MSE"": 12611.247297110856, ""RMSE"": 112.2998098712142, ""MAPE"": 57.596920437209484, ""R2"": 0.31334988113123796}","{""MAE"": 140.63102357648629, ""MSE"": 26460.58257824154, ""RMSE"": 162.66709125770197, ""MAPE"": 142.85934632432614, ""R2"": -0.44071095781688996}","{""MAE"": 0.0016783669703182014, ""MSE"": 6.4097433434080065e-06, ""RMSE"": 0.002531747093097572, ""MAPE"": 0.0010116514804413832, ""R2"": 0.9999999996510059}","{""MAE"": 35.19554625000008, ""MSE"": 2626.796876598997, ""RMSE"": 51.252286549957915, ""MAPE"": 17.271893337563128, ""R2"": 0.8569776370990674}"
