ref_article,designation,marque,famille,frequency,next_period,avg_forecast,historical_periods,historical_values,avg_sales,max_sales,min_sales,std_sales,trend_pct,data_points,sma_forecast,es_forecast,lr_forecast,arima_forecast,prophet_forecast,xgb_forecast,sma_metrics,es_metrics,lr_metrics,arima_metrics,prophet_metrics,xgb_metrics
PA0310,BRASIL CACAU - ANTI FRIZZ SHAMPOO -A- 300 ML SULFATE FREE ,CADIVEU,SOINS CAPILLAIRES,monthly,2023-02,7607.50729384326,"[""2020-01"", ""2020-02"", ""2020-03"", ""2020-05"", ""2020-06"", ""2020-08"", ""2020-09"", ""2020-10"", ""2020-11"", ""2020-12"", ""2021-01"", ""2021-02"", ""2021-03"", ""2021-04"", ""2021-05"", ""2021-06"", ""2021-07"", ""2021-08"", ""2021-09"", ""2021-10"", ""2021-11"", ""2021-12"", ""2022-01"", ""2022-02"", ""2022-03"", ""2022-04"", ""2022-05"", ""2022-06"", ""2022-07"", ""2023-01""]","[10371.289999999999, 3209.2129999999997, 2735.577, 10079.417, 13710.346, 6941.16, 25590.412, 7110.804, 838.0840000000001, 17180.024, 7139.9529999999995, 19022.827, 18083.277, 9376.882, 22496.862, 12101.846, 19033.748, 18169.107, 1.524000000000001, 21145.117, 28420.013, 23386.022, 733.5120000000001, 9541.263, 20308.645, 24854.696, 13811.857, 34148.109, 1165.2060000000001, -239.97]",13348.894100000003,34148.109,-239.97,9261.209811034036,-102.31379124486924,30,11691.114999999998,7586.395549743195,17337.65745222206,373.67816599264825,6352.888195101657,2303.3093999999996,"{""MAE"": 9456.695827160494, ""MSE"": 126645628.34502214, ""RMSE"": 11253.69398664377, ""MAPE"": 40477.0599650915, ""R2"": -0.4688777800561299}","{""MAE"": 8817.572611768244, ""MSE"": 106347964.93572247, ""RMSE"": 10312.514966569623, ""MAPE"": 38067.808967435136, ""R2"": -0.20287720629981987}","{""MAE"": 7635.020517756205, ""MSE"": 82474183.91025771, ""RMSE"": 9081.529822131166, ""MAPE"": 31155.802324046545, ""R2"": 0.03842629099276773}","{""MAE"": 9882.333299355092, ""MSE"": 138220034.52035376, ""RMSE"": 11756.701685436854, ""MAPE"": 41069.72591818288, ""R2"": -0.6115194470728647}","{""MAE"": 4113.138818465985, ""MSE"": 22305208.519912772, ""RMSE"": 4722.839031759687, ""MAPE"": 2773.9318818891948, ""R2"": 0.7399416269458273}","{""MAE"": 3330.2470859999958, ""MSE"": 15490766.650544427, ""RMSE"": 3935.8311257654877, ""MAPE"": 12721.219980869004, ""R2"": 0.8193917995025238}"
