ref_article,designation,marque,famille,frequency,next_period,avg_forecast,historical_periods,historical_values,avg_sales,max_sales,min_sales,std_sales,trend_pct,data_points,sma_forecast,es_forecast,lr_forecast,arima_forecast,prophet_forecast,xgb_forecast,sma_metrics,es_metrics,lr_metrics,arima_metrics,prophet_metrics,xgb_metrics
PA0334,CADIVEU-BLOND KEEPER SHAM 250 ML -1-,CADIVEU,SOINS CAPILLAIRES,monthly,2022-07,201.14000265354784,"[""2022-03"", ""2022-04"", ""2022-05"", ""2022-06""]","[134.118, 134.115, 212.354, 254.118]",183.67624999999998,254.118,134.115,51.712646259764156,89.47344875408223,4,200.19566666666665,206.81838329999997,293.2360000000008,270.06025595461983,0.0,236.52970999999977,"{""MAE"": 93.92233333333334, ""MSE"": 8821.40469877778, ""RMSE"": 93.92233333333334, ""MAPE"": 36.960126135627284, ""R2"": NaN}","{""MAE"": 58.25657666666667, ""MSE"": 5146.3402034796345, ""RMSE"": 71.7379969296581, ""MAPE"": 24.943712538266038, ""R2"": -1.0801424913101392}","{""MAE"": 13.824649999999018, ""MSE"": 273.53001917497903, ""RMSE"": 16.538742974451807, ""MAPE"": 9.429069512483956, ""R2"": 0.8977151125864199}","{""MAE"": 56.09609629091246, ""MSE"": 6062.686732716907, ""RMSE"": 77.86325662799436, ""MAPE"": 35.40543875783416, ""R2"": -1.267104838255647}","{""MAE"": 0.0013886580074995436, ""MSE"": 2.419908830121116e-06, ""RMSE"": 0.001555605615225503, ""MAPE"": 0.00082893060412528, ""R2"": 0.9999999990950899}","{""MAE"": 12.49452000000013, ""MSE"": 190.22181339970416, ""RMSE"": 13.792092422823455, ""MAPE"": 6.460588152231221, ""R2"": 0.928867709562989}"
