ref_article,designation,marque,famille,frequency,next_period,avg_forecast,historical_periods,historical_values,avg_sales,max_sales,min_sales,std_sales,trend_pct,data_points,sma_forecast,es_forecast,lr_forecast,arima_forecast,prophet_forecast,xgb_forecast,sma_metrics,es_metrics,lr_metrics,arima_metrics,prophet_metrics,xgb_metrics
PA0335,CADIVEU-BLONDE -RECONSTRUCTIVE MASK 200 ML -2-,CADIVEU,SOINS CAPILLAIRES,monthly,2022-07,253.16771899181313,"[""2022-03"", ""2022-04"", ""2022-06""]","[181.041, 181.044, 343.032]",235.039,343.032,181.041,76.36258263050038,89.47752166636286,3,235.039,263.65685099999996,389.31557142856764,343.03896152231135,0.0,287.9559299999998,,"{""MAE"": 80.99655, ""MSE"": 13120.396253504998, ""RMSE"": 114.54429821472999, ""MAPE"": 23.612342905539073, ""R2"": -1.000051856715114}","{""MAE"": 23.14028571428858, ""MSE"": 624.7182934286271, ""RMSE"": 24.994365233560686, ""MAPE"": 11.775689802697984, ""R2"": 0.892867063932984}",,"{""MAE"": 0.0027542862820553182, ""MSE"": 8.739876332266704e-06, ""RMSE"": 0.0029563281841275173, ""MAPE"": 0.0014012958436148205, ""R2"": 0.9999999985011987}","{""MAE"": 22.678360000000026, ""MSE"": 1039.1138193990064, ""RMSE"": 32.23528841811418, ""MAPE"": 7.737886219283942, ""R2"": 0.8218023778861134}"
