ref_article,designation,marque,famille,frequency,next_period,avg_forecast,historical_periods,historical_values,avg_sales,max_sales,min_sales,std_sales,trend_pct,data_points,sma_forecast,es_forecast,lr_forecast,arima_forecast,prophet_forecast,xgb_forecast,sma_metrics,es_metrics,lr_metrics,arima_metrics,prophet_metrics,xgb_metrics
PA0424,BRASIL CACAU -ANTI FRIZZ SHAMPO A-1L  SULFATE FREE ,CADIVEU,SOINS CAPILLAIRES,monthly,2025-09,1344.0800450345184,"[""2022-07"", ""2022-08"", ""2022-09"", ""2022-10"", ""2022-12"", ""2023-01"", ""2023-02"", ""2023-03"", ""2023-04"", ""2023-05"", ""2023-06"", ""2023-07"", ""2023-08"", ""2023-09"", ""2023-10"", ""2023-12"", ""2024-02"", ""2024-04"", ""2024-05"", ""2024-06"", ""2024-07"", ""2024-08"", ""2024-09"", ""2024-12"", ""2025-02"", ""2025-03"", ""2025-04"", ""2025-05"", ""2025-06"", ""2025-07"", ""2025-08""]","[6669.920999999999, 1124.064, 939.3900000000001, -1514.844, -226.461, 2013.576, 956.449, 1392.6989999999998, 4949.991, 3020.364, 119.65999999999997, -1195.556, 503.394, 5033.94, 1082.297, 1339.028, 1615.8959999999997, 71.817, 619.425, 2998.3849999999998, 1077.264, 2980.428, 377.042, 969.538, 1077.264, 80.795, 2693.16, 484.769, 71.817, 2764.977, 1472.261]",1469.7661290322578,6669.920999999999,-1514.844,1742.6157755485738,-77.9268600032894,31,1436.3516666666667,1440.0370757280782,1139.2898377009224,1960.2927827431968,470.63799736824683,1617.87091,"{""MAE"": 1492.4553214285716, ""MSE"": 4063503.635249878, ""RMSE"": 2015.8133929632172, ""MAPE"": 326.4023812407319, ""R2"": -0.7231845539440385}","{""MAE"": 1660.4862403172233, ""MSE"": 5072291.075075665, ""RMSE"": 2252.1747434592335, ""MAPE"": 379.3988270862998, ""R2"": -1.2987948097518247}","{""MAE"": 1307.4702650451218, ""MSE"": 3000808.7411181773, ""RMSE"": 1732.284255287849, ""MAPE"": 290.5756780557161, ""R2"": 0.011822335070622247}","{""MAE"": 1811.7430528776376, ""MSE"": 5614160.1932179695, ""RMSE"": 2369.421911188037, ""MAPE"": 364.346385499315, ""R2"": -0.8487641795545928}","{""MAE"": 767.725994463747, ""MSE"": 1346694.0341812207, ""RMSE"": 1160.4714706451084, ""MAPE"": 164.68058866790645, ""R2"": 0.5565285625049057}","{""MAE"": 596.0007025806451, ""MSE"": 659646.5348535205, ""RMSE"": 812.186268569914, ""MAPE"": 104.94042690347887, ""R2"": 0.7827759018565734}"
