ref_article,designation,marque,famille,frequency,next_period,avg_forecast,historical_periods,historical_values,avg_sales,max_sales,min_sales,std_sales,trend_pct,data_points,sma_forecast,es_forecast,lr_forecast,arima_forecast,prophet_forecast,xgb_forecast,sma_metrics,es_metrics,lr_metrics,arima_metrics,prophet_metrics,xgb_metrics
PA0425,BRASIL CACAU -ANTI FRIZZ SHAMPO A-300ML  SULFATE FREE ,CADIVEU,SOINS CAPILLAIRES,monthly,2025-09,8915.793693243566,"[""2022-07"", ""2022-08"", ""2022-09"", ""2022-10"", ""2022-11"", ""2022-12"", ""2023-01"", ""2023-02"", ""2023-03"", ""2023-04"", ""2023-05"", ""2023-06"", ""2023-07"", ""2023-08"", ""2023-09"", ""2023-10"", ""2023-11"", ""2023-12"", ""2024-01"", ""2024-02"", ""2024-03"", ""2024-04"", ""2024-05"", ""2024-06"", ""2024-07"", ""2024-08"", ""2024-09"", ""2024-10"", ""2024-11"", ""2024-12"", ""2025-01"", ""2025-02"", ""2025-03"", ""2025-04"", ""2025-05"", ""2025-06"", ""2025-07"", ""2025-08""]","[21924.434, 18600.141, 22719.239999999998, 17889.405, 10803.751, 4569.0470000000005, 17680.981, 9354.413, 10243.413, 10772.856, 15814.84, 14484.692000000001, 16588.13, 21928.925, 16381.006, 10534.063, 6384.667, 13683.77, 2950.333, 11368.614, 13371.581, 2670.177, 563.204, 26525.496, 11980.832, 13531.295, 14374.253, 4054.32, -192.58000000000004, -1974.873, 1114.938, 3063.492, 388.538, 2539.032, 2966.7889999999998, 10368.931, 10109.686, 10862.259]",10552.476078947368,26525.496,-1974.873,7160.746402668022,-50.45592054964795,38,10446.958666666666,8723.559663941473,3533.8622048363904,10618.359505779506,9664.523378237369,10507.498739999986,"{""MAE"": 5166.114095238096, ""MSE"": 45341085.23767269, ""RMSE"": 6733.578932311753, ""MAPE"": 278.28918273763463, ""R2"": -0.005742648006320739}","{""MAE"": 5017.768207924605, ""MSE"": 43383271.50764038, ""RMSE"": 6586.597870497361, ""MAPE"": 283.97101308021433, ""R2"": 0.1159351102242756}","{""MAE"": 5062.186759089156, ""MSE"": 35698042.83466556, ""RMSE"": 5974.783915311546, ""MAPE"": 253.43318984369452, ""R2"": 0.3038099382639702}","{""MAE"": 5642.268289583121, ""MSE"": 58103609.334617674, ""RMSE"": 7622.572356797781, ""MAPE"": 214.5101815778871, ""R2"": -0.13314770664324604}","{""MAE"": 2070.511643960737, ""MSE"": 7054202.191345659, ""RMSE"": 2655.974809998329, ""MAPE"": 86.04107436687744, ""R2"": 0.8624275991309431}","{""MAE"": 1636.7431318421081, ""MSE"": 4747502.03623669, ""RMSE"": 2178.8763242177583, ""MAPE"": 60.380479517487274, ""R2"": 0.9074133069141264}"
