ref_article,designation,marque,famille,frequency,next_period,avg_forecast,historical_periods,historical_values,avg_sales,max_sales,min_sales,std_sales,trend_pct,data_points,sma_forecast,es_forecast,lr_forecast,arima_forecast,prophet_forecast,xgb_forecast,sma_metrics,es_metrics,lr_metrics,arima_metrics,prophet_metrics,xgb_metrics
PA0487,CADIVEU ESSENTIALS -QS BALM LEAVE-IN 120ML,CADIVEU,SOINS CAPILLAIRES,monthly,2025-08,299.41037044730433,"[""2022-10"", ""2022-11"", ""2022-12"", ""2023-01"", ""2023-02"", ""2023-03"", ""2023-05"", ""2023-11"", ""2023-12"", ""2024-02"", ""2024-03"", ""2024-04"", ""2024-05"", ""2024-06"", ""2024-07"", ""2024-08"", ""2024-09"", ""2024-10"", ""2024-12"", ""2025-03"", ""2025-06"", ""2025-07""]","[4379.198, 561.607, -83.59100000000001, 728.7520000000001, 254.06, 677.494, 434.577, 668.58, 389.11400000000003, 715.38, 53.655, 429.22799999999995, 343.383, 64.384, 429.22799999999995, 929.994, 168.114, 64.384, 139.498, 715.38, 515.073, 99.649]",576.2336818181817,4379.198,-83.59100000000001,872.4467238227937,-97.72449201885824,22,443.3673333333333,263.1244900870709,4.914691208050499,288.3404110936675,507.63222696170345,289.0830700000003,"{""MAE"": 314.51347368421057, ""MSE"": 145514.7822042222, ""RMSE"": 381.4639985689635, ""MAPE"": 177.44309761773684, ""R2"": -1.0751384036092593}","{""MAE"": 760.7326651039518, ""MSE"": 1568864.238493441, ""RMSE"": 1252.5431084371671, ""MAPE"": 435.8016145771658, ""R2"": -19.664153044694004}","{""MAE"": 461.27517374369495, ""MSE"": 660911.1247575822, ""RMSE"": 812.9644055907874, ""MAPE"": 201.59918938878496, ""R2"": 0.13170913916559135}","{""MAE"": 683.2574919777804, ""MSE"": 1596979.3018699994, ""RMSE"": 1263.7164641920274, ""MAPE"": 316.11271324952617, ""R2"": -1.0980771556297313}","{""MAE"": 0.028183935938365, ""MSE"": 0.0011447720625373363, ""RMSE"": 0.03383448037930147, ""MAPE"": 0.010884684435109484, ""R2"": 0.9999999984960231}","{""MAE"": 240.2710336363637, ""MSE"": 179276.6149609278, ""RMSE"": 423.4106930167539, ""MAPE"": 87.41336074113516, ""R2"": 0.764470228294312}"
