ref_article,designation,marque,famille,frequency,next_period,avg_forecast,historical_periods,historical_values,avg_sales,max_sales,min_sales,std_sales,trend_pct,data_points,sma_forecast,es_forecast,lr_forecast,arima_forecast,prophet_forecast,xgb_forecast,sma_metrics,es_metrics,lr_metrics,arima_metrics,prophet_metrics,xgb_metrics
PA0471,CADIVEU ESSENTIALS- SHAMPOO VEGAN 250ML,CADIVEU,SOINS CAPILLAIRES,monthly,2025-09,729.0672801286933,"[""2024-07"", ""2024-08"", ""2024-09"", ""2024-10"", ""2024-12"", ""2025-03"", ""2025-04"", ""2025-06"", ""2025-07"", ""2025-08""]","[599.472, 444.60800000000006, 567.001, 44.96, -49.95600000000002, 499.56, 189.83300000000003, 1859.199, 1057.462, 354.689]",556.6827999999999,1859.199,-49.95600000000002,526.3402457613896,-40.83309979448581,10,1090.45,597.9814846077725,895.5712418426119,600.1926405706317,548.8719737511447,641.3363399999992,"{""MAE"": 538.0299523809524, ""MSE"": 531169.6210727778, ""RMSE"": 728.8138452806572, ""MAPE"": 325.0367230357014, ""R2"": -0.3494449696959012}","{""MAE"": 430.15362371506006, ""MSE"": 372704.21679242986, ""RMSE"": 610.4950587780623, ""MAPE"": 273.39500866864046, ""R2"": -0.21169325863301247}","{""MAE"": 402.37430134357027, ""MSE"": 235597.46088464186, ""RMSE"": 485.3838284127746, ""MAPE"": 251.31940193983016, ""R2"": 0.1495722016089256}","{""MAE"": 490.47182123106387, ""MSE"": 440913.31855032936, ""RMSE"": 664.0130409489932, ""MAPE"": 229.90836084226078, ""R2"": -0.5915491676697535}","{""MAE"": 0.012436502980390429, ""MSE"": 0.00020236633045706917, ""RMSE"": 0.014225552026444146, ""MAPE"": 0.005789812958966032, ""R2"": 0.9999999992695254}","{""MAE"": 141.19624600000003, ""MSE"": 28615.92119188343, ""RMSE"": 169.16241069423026, ""MAPE"": 82.48590443543037, ""R2"": 0.8967061242223586}"
