ref_article,designation,marque,famille,frequency,next_period,avg_forecast,historical_periods,historical_values,avg_sales,max_sales,min_sales,std_sales,trend_pct,data_points,sma_forecast,es_forecast,lr_forecast,arima_forecast,prophet_forecast,xgb_forecast,sma_metrics,es_metrics,lr_metrics,arima_metrics,prophet_metrics,xgb_metrics
PA0479,CADIVEU ESSENTIALS -BB LEAVE-IN FRIZZ KILLER 120ML,CADIVEU,SOINS CAPILLAIRES,monthly,2025-07,137.99412237987346,"[""2022-10"", ""2022-11"", ""2022-12"", ""2023-01"", ""2023-08"", ""2023-11"", ""2023-12"", ""2024-01"", ""2024-02"", ""2024-03"", ""2024-04"", ""2024-05"", ""2024-06"", ""2024-07"", ""2024-08"", ""2024-09"", ""2024-10"", ""2024-12"", ""2025-02"", ""2025-05"", ""2025-06""]","[6652.370000000001, 748.809, -568.31, 595.0360000000001, -17.829, 936.0120000000001, 853.108, 419.868, 286.152, 53.655, 925.0740000000001, 686.766, 178.846, 305.229, 114.462, 618.803, 128.768, -66.531, -199.344, -17.169, -199.355]",592.1152380952382,6652.370000000001,-568.31,1413.2673761763456,-102.99675153366394,21,-138.62266666666667,-71.5514887783103,0.0,0.0,1038.1388897242177,0.0,"{""MAE"": 431.0400925925926, ""MSE"": 317496.94193500624, ""RMSE"": 563.4686698788197, ""MAPE"": 272.17979837756303, ""R2"": -1.3561706109210903}","{""MAE"": 1172.178729317527, ""MSE"": 4084047.715332795, ""RMSE"": 2020.902698135859, ""MAPE"": 1033.1644473115598, ""R2"": -23.16027271311863}","{""MAE"": 647.884062241923, ""MSE"": 1567260.3291542542, ""RMSE"": 1251.9026835797797, ""MAPE"": 520.8141101928403, ""R2"": 0.21532019929272506}","{""MAE"": 978.0415418815091, ""MSE"": 3686698.3327284115, ""RMSE"": 1920.0776892429149, ""MAPE"": 255.65000401610965, ""R2"": -0.8458182467709534}","{""MAE"": 0.0488327689769497, ""MSE"": 0.003193486459497901, ""RMSE"": 0.05651094106009827, ""MAPE"": 0.05639203547303567, ""R2"": 0.999999998401118}","{""MAE"": 298.96375285714294, ""MSE"": 420407.8127783606, ""RMSE"": 648.3886278909899, ""MAPE"": 125.73748105684956, ""R2"": 0.789514535262484}"
