ref_article,designation,marque,famille,frequency,next_period,avg_forecast,historical_periods,historical_values,avg_sales,max_sales,min_sales,std_sales,trend_pct,data_points,sma_forecast,es_forecast,lr_forecast,arima_forecast,prophet_forecast,xgb_forecast,sma_metrics,es_metrics,lr_metrics,arima_metrics,prophet_metrics,xgb_metrics
PA0476,CADIVEU ESSENTIALS -BB SHAMPO 250ML,CADIVEU,SOINS CAPILLAIRES,monthly,2025-09,278.4549058532309,"[""2022-10"", ""2022-11"", ""2022-12"", ""2023-01"", ""2023-02"", ""2023-03"", ""2023-04"", ""2023-05"", ""2023-06"", ""2023-07"", ""2023-08"", ""2023-09"", ""2023-11"", ""2023-12"", ""2024-01"", ""2024-02"", ""2024-04"", ""2024-05"", ""2024-06"", ""2024-07"", ""2024-08"", ""2024-09"", ""2024-10"", ""2024-11"", ""2024-12"", ""2025-03"", ""2025-04"", ""2025-05"", ""2025-06"", ""2025-07"", ""2025-08""]","[2992.765, 107.385, 361.846, 1120.536, 560.268, 916.6610000000001, 177.418, 2848.029, 1293.282, 186.756, 1260.603, 42.803999999999995, 1209.2450000000001, 1128.0059999999999, 599.472, 444.60800000000006, -256.784, 899.2080000000001, 144.872, 799.296, 344.69599999999997, 232.296, 44.96, 499.56, 275.304, 599.472, 99.912, 387.602, 266.43, 482.076, 365.92900000000003]",659.1778387096775,2992.765,-256.784,713.0842078979804,-87.77287892634403,31,371.4783333333334,366.6726330314015,117.33805788613608,435.9859308685145,0.0,379.25447999999994,"{""MAE"": 428.21757142857143, ""MSE"": 409111.9123547143, ""RMSE"": 639.6185678626866, ""MAPE"": 206.98736105358404, ""R2"": -0.16343607750966282}","{""MAE"": 585.0842508565444, ""MSE"": 756027.8733111026, ""RMSE"": 869.4986333003075, ""MAPE"": 321.1424865506695, ""R2"": -1.2376489743026715}","{""MAE"": 464.07997516466696, ""MSE"": 416896.4838471637, ""RMSE"": 645.6752154505883, ""MAPE"": 205.3862458723331, ""R2"": 0.18012698000464256}","{""MAE"": 612.8930571203183, ""MSE"": 922342.2984625975, ""RMSE"": 960.3865359648674, ""MAPE"": 234.09396940528126, ""R2"": -0.8138880873536396}","{""MAE"": 262.09827586507805, ""MSE"": 111226.5421650336, ""RMSE"": 333.5064349679532, ""MAPE"": 131.66875231597882, ""R2"": 0.7812607096443673}","{""MAE"": 241.3230922580644, ""MSE"": 116283.91154510366, ""RMSE"": 341.0042691009948, ""MAPE"": 106.96960223478635, ""R2"": 0.771314833707476}"
