ref_article,designation,marque,famille,frequency,next_period,avg_forecast,historical_periods,historical_values,avg_sales,max_sales,min_sales,std_sales,trend_pct,data_points,sma_forecast,es_forecast,lr_forecast,arima_forecast,prophet_forecast,xgb_forecast,sma_metrics,es_metrics,lr_metrics,arima_metrics,prophet_metrics,xgb_metrics
PA0472,CADIVEU ESSENTIALS- CONDITIONNER VEGAN 250ML,CADIVEU,SOINS CAPILLAIRES,monthly,2025-09,321.62779184118364,"[""2024-07"", ""2024-08"", ""2024-09"", ""2024-10"", ""2024-12"", ""2025-04"", ""2025-06"", ""2025-07"", ""2025-08""]","[642.636, 476.62199999999996, 45.52, 48.198, -535.53, 96.395, 1952.898, 37.484, -36.148]",303.1194444444444,1952.898,-535.53,660.825981637982,-105.62495720750161,9,651.4113333333333,204.97058372611792,431.36073513513657,0.0,523.0342588525141,118.98984000000002,"{""MAE"": 765.2374444444445, ""MSE"": 965827.9930831111, ""RMSE"": 982.7654822403517, ""MAPE"": 745.1555436421875, ""R2"": -0.562991385179427}","{""MAE"": 619.1118110180249, ""MSE"": 667303.6359399926, ""RMSE"": 816.8865502259127, ""MAPE"": 659.4950506620933, ""R2"": -0.40465075260089467}","{""MAE"": 505.0486162162167, ""MSE"": 430481.8386240626, ""RMSE"": 656.111148071775, ""MAPE"": 406.74180870673507, ""R2"": 0.014218611550131266}","{""MAE"": 712.4617591699887, ""MSE"": 851764.4828759314, ""RMSE"": 922.9108748280797, ""MAPE"": 837.587999211954, ""R2"": -0.9504970923871772}","{""MAE"": 0.01416293656767367, ""MSE"": 0.00026662765854030364, ""RMSE"": 0.016328737199805245, ""MAPE"": 0.0215393120276356, ""R2"": 0.9999999993894363}","{""MAE"": 247.9771444444445, ""MSE"": 101544.08244710503, ""RMSE"": 318.65982245508303, ""MAPE"": 294.0941673191588, ""R2"": 0.7674692458489702}"
