ref_article,designation,marque,famille,frequency,next_period,avg_forecast,historical_periods,historical_values,avg_sales,max_sales,min_sales,std_sales,trend_pct,data_points,sma_forecast,es_forecast,lr_forecast,arima_forecast,prophet_forecast,xgb_forecast,sma_metrics,es_metrics,lr_metrics,arima_metrics,prophet_metrics,xgb_metrics
PA0478,CADIVEU ESSENTIALS -BB MASK 200ML,CADIVEU,SOINS CAPILLAIRES,monthly,2025-09,359.79804474392705,"[""2022-10"", ""2022-11"", ""2022-12"", ""2023-01"", ""2023-02"", ""2023-03"", ""2023-04"", ""2023-05"", ""2023-06"", ""2023-09"", ""2023-11"", ""2023-12"", ""2024-01"", ""2024-02"", ""2024-03"", ""2024-04"", ""2024-05"", ""2024-06"", ""2024-07"", ""2024-08"", ""2024-09"", ""2024-10"", ""2024-12"", ""2025-04"", ""2025-05"", ""2025-06"", ""2025-07"", ""2025-08""]","[4395.808, 443.32, -160.23600000000002, 843.91, 106.824, 637.3810000000001, 1014.828, 2705.315, 1223.135, -76.305, 956.0749999999999, 775.543, 114.3, 114.3, 171.45, 197.61599999999999, 1200.1499999999999, 51.435, 171.45, 222.885, 1045.846, 51.435, 20.581000000000017, 114.3, 194.31, 659.892, 456.73, 321.15200000000004]",641.9082142857143,4395.808,-160.23600000000002,926.1183151720008,-92.6941304078795,28,479.25800000000004,351.4594147315505,0.0,373.8680575174081,576.8412762146032,377.3615200000006,"{""MAE"": 499.7747466666668, ""MSE"": 484266.72604658664, ""RMSE"": 695.8927547018912, ""MAPE"": 339.6164066197711, ""R2"": -0.35457249187788964}","{""MAE"": 776.6839617263845, ""MSE"": 1506482.4234507869, ""RMSE"": 1227.3884566227543, ""MAPE"": 478.3791201875733, ""R2"": -3.326309760038968}","{""MAE"": 579.6162914768721, ""MSE"": 728865.4887904882, ""RMSE"": 853.7361939091538, ""MAPE"": 299.4569658618651, ""R2"": 0.1502044722478808}","{""MAE"": 819.103532813936, ""MSE"": 1641731.9718566912, ""RMSE"": 1281.3008904456015, ""MAPE"": 418.56127074896614, ""R2"": -0.914120655879366}","{""MAE"": 279.4863245444897, ""MSE"": 121191.77077673734, ""RMSE"": 348.126084596856, ""MAPE"": 141.54106046257647, ""R2"": 0.8587006431360407}","{""MAE"": 265.3822371428572, ""MSE"": 188999.4611483835, ""RMSE"": 434.7406826470045, ""MAPE"": 131.01280997927546, ""R2"": 0.77964260991698}"
