ref_article,designation,marque,famille,frequency,next_period,avg_forecast,historical_periods,historical_values,avg_sales,max_sales,min_sales,std_sales,trend_pct,data_points,sma_forecast,es_forecast,lr_forecast,arima_forecast,prophet_forecast,xgb_forecast,sma_metrics,es_metrics,lr_metrics,arima_metrics,prophet_metrics,xgb_metrics
PA0474,CADIVEU ESSENTIALS- LEAVE IN MASK VEGAN 120ML,CADIVEU,SOINS CAPILLAIRES,monthly,2025-08,527.9619275399504,"[""2024-07"", ""2024-08"", ""2024-09"", ""2024-10"", ""2025-03"", ""2025-04"", ""2025-05"", ""2025-06"", ""2025-07""]","[1144.608, 1416.452, 715.38, 64.384, 715.38, 128.768, 0.0020000000000095497, 2085.334, -143.073]",680.8038888888889,2085.334,-143.073,711.67796140927,-112.49973790153484,9,647.4209999999999,369.5549606442118,411.2887556962014,1466.0145188992892,0.0,273.4923299999998,"{""MAE"": 733.6613888888888, ""MSE"": 885915.123837574, ""RMSE"": 941.2306432737802, ""MAPE"": 2524114.6706937156, ""R2"": -0.49855502202085367}","{""MAE"": 721.5831621693499, ""MSE"": 751666.1558790703, ""RMSE"": 866.9868256663825, ""MAPE"": 3539973.7613204443, ""R2"": -0.3931462336111411}","{""MAE"": 543.1453524613217, ""MSE"": 475642.01549056545, ""RMSE"": 689.6680473173782, ""MAPE"": 2947899.729323117, ""R2"": 0.06089711156810895}","{""MAE"": 796.7193547130113, ""MSE"": 931741.4676484963, ""RMSE"": 965.2675627247071, ""MAPE"": 3068896.9355664058, ""R2"": -0.8396211332130059}","{""MAE"": 0.0045398818847341245, ""MSE"": 2.8327909588713213e-05, ""RMSE"": 0.005322396977745386, ""MAPE"": 20.40219158035311, ""R2"": 0.9999999999440696}","{""MAE"": 267.1903422222222, ""MSE"": 108810.8324578994, ""RMSE"": 329.8648699966388, ""MAPE"": 1196192.7914296302, ""R2"": 0.7851649691869604}"
