ref_article,designation,marque,famille,frequency,next_period,avg_forecast,historical_periods,historical_values,avg_sales,max_sales,min_sales,std_sales,trend_pct,data_points,sma_forecast,es_forecast,lr_forecast,arima_forecast,prophet_forecast,xgb_forecast,sma_metrics,es_metrics,lr_metrics,arima_metrics,prophet_metrics,xgb_metrics
PA0473,CADIVEU ESSENTIALS- MASK HAIR VEGAN 200ML,CADIVEU,SOINS CAPILLAIRES,monthly,2025-09,279.0137935773338,"[""2024-07"", ""2024-08"", ""2024-09"", ""2024-10"", ""2024-12"", ""2025-03"", ""2025-04"", ""2025-06"", ""2025-07"", ""2025-08""]","[914.4, 725.805, 1220.1529999999998, 51.435, 514.35, 228.6, 102.87, 1612.584, 497.012, -91.44]",577.5769,1612.584,-91.44,519.768591271433,-109.99999999999999,10,672.7186666666666,286.4398306619594,365.9045882917453,163.16467584363124,0.0,185.8550000000002,"{""MAE"": 556.0973809523808, ""MSE"": 496829.8790614444, ""RMSE"": 704.861602771384, ""MAPE"": 445.7712988347011, ""R2"": -0.7639353276509697}","{""MAE"": 524.3935168614499, ""MSE"": 391942.98708939843, ""RMSE"": 626.0535017787205, ""MAPE"": 380.179020924019, ""R2"": -0.3696113703896797}","{""MAE"": 383.4260856046059, ""MSE"": 253993.53508559996, ""RMSE"": 503.9777128857981, ""MAPE"": 242.9317352231609, ""R2"": 0.059838206912243286}","{""MAE"": 568.2922258674791, ""MSE"": 546972.8089952429, ""RMSE"": 739.5761008816083, ""MAPE"": 363.77469341350957, ""R2"": -1.024630023366171}","{""MAE"": 0.013624417857894856, ""MSE"": 0.00022357115865520865, ""RMSE"": 0.014952296099770385, ""MAPE"": 0.004923200272284018, ""R2"": 0.9999999991724472}","{""MAE"": 175.93054099999995, ""MSE"": 46830.37633684005, ""RMSE"": 216.4032724725762, ""MAPE"": 129.09273064667352, ""R2"": 0.8266564911859674}"
