ref_article,designation,marque,famille,frequency,next_period,avg_forecast,historical_periods,historical_values,avg_sales,max_sales,min_sales,std_sales,trend_pct,data_points,sma_forecast,es_forecast,lr_forecast,arima_forecast,prophet_forecast,xgb_forecast,sma_metrics,es_metrics,lr_metrics,arima_metrics,prophet_metrics,xgb_metrics
PA0480,CADIVEU ESSENTIALS -BB GRADUAL SMOOTHING 200ML,CADIVEU,SOINS CAPILLAIRES,monthly,2025-09,4.832597872707436,"[""2022-10"", ""2022-11"", ""2022-12"", ""2023-01"", ""2023-02"", ""2023-03"", ""2023-05"", ""2023-06"", ""2023-11"", ""2023-12"", ""2024-02"", ""2024-03"", ""2024-04"", ""2024-05"", ""2024-06"", ""2024-07"", ""2024-08"", ""2024-09"", ""2024-10"", ""2024-12"", ""2025-05"", ""2025-06"", ""2025-07"", ""2025-08""]","[5003.88, 800.621, -210.3080000000001, 948.562, 174.048, 712.1469999999999, 1209.634, 609.168, 369.852, 588.282, 270.039, 349.19100000000003, 67.88400000000001, 726.312, 1275.69, 279.351, 651.819, 1066.19, 167.61, -1116.007, 242.104, 122.91699999999997, 209.511, -182.576]",597.3300416666667,5003.88,-1116.007,1047.4911454224994,-103.64868861763273,24,49.95066666666667,-20.955079430422053,0.0,0.0,0.0,0.0,"{""MAE"": 452.0182380952381, ""MSE"": 336185.79213891533, ""RMSE"": 579.8153086448436, ""MAPE"": 131.18897167378668, ""R2"": -0.27573228972109676}","{""MAE"": 882.1224431698295, ""MSE"": 2004085.7456247525, ""RMSE"": 1415.6573545970623, ""MAPE"": 269.2241481204597, ""R2"": -6.591514951424169}","{""MAE"": 574.4095610149076, ""MSE"": 878648.1939256928, ""RMSE"": 937.3623599898242, ""MAPE"": 142.35246101037217, ""R2"": 0.19921800523709177}","{""MAE"": 877.2091104677778, ""MSE"": 2061376.7215918712, ""RMSE"": 1435.74953302861, ""MAPE"": 197.9959953434009, ""R2"": -0.8786965869684169}","{""MAE"": 7.879732874200529, ""MSE"": 283.4300522977974, ""RMSE"": 16.83538096681502, ""MAPE"": 2.8556514503831076, ""R2"": 0.9997416876467466}","{""MAE"": 271.94525916666663, ""MSE"": 222373.37593704535, ""RMSE"": 471.56481626288166, ""MAPE"": 55.02457720326205, ""R2"": 0.7973334529154124}"
