ref_article,designation,marque,famille,frequency,next_period,avg_forecast,historical_periods,historical_values,avg_sales,max_sales,min_sales,std_sales,trend_pct,data_points,sma_forecast,es_forecast,lr_forecast,arima_forecast,prophet_forecast,xgb_forecast,sma_metrics,es_metrics,lr_metrics,arima_metrics,prophet_metrics,xgb_metrics
PA0475,CADIVEU ESSENTIALS- BEACH WAVES VEGAN 200ML,CADIVEU,SOINS CAPILLAIRES,monthly,2025-09,30.681733266367235,"[""2024-07"", ""2024-08"", ""2024-09"", ""2024-10"", ""2024-12"", ""2025-03"", ""2025-04"", ""2025-05"", ""2025-06"", ""2025-07"", ""2025-08""]","[1946.145, 1191.894, 79.149, 83.805, -83.805, 372.468, 167.611, -0.0010000000000047748, 502.832, -133.025, -49.662]",370.6737272727273,1946.145,-133.025,614.7313898960025,-102.55181397069593,11,106.71500000000002,77.37539959820339,0.0,0.0,0.0,0.0,"{""MAE"": 364.7358333333333, ""MSE"": 208748.50926325002, ""RMSE"": 456.8900406697984, ""MAPE"": 1901481.3886861736, ""R2"": -3.6211868041964745}","{""MAE"": 646.6023066484715, ""MSE"": 621205.610366164, ""RMSE"": 788.1659789448946, ""MAPE"": 4196250.060699691, ""R2"": -3.3546901853499014}","{""MAE"": 373.98680977404007, ""MSE"": 237046.902769822, ""RMSE"": 486.87462736296084, ""MAPE"": 874291.5665236997, ""R2"": 0.372717018168348}","{""MAE"": 547.1364730727068, ""MSE"": 596627.6723715249, ""RMSE"": 772.4167737507548, ""MAPE"": 1578293.7690069373, ""R2"": -0.5788199761120594}","{""MAE"": 0.011397186696117051, ""MSE"": 0.00019252100339058794, ""RMSE"": 0.013875193814523382, ""MAPE"": 18.58969992654921, ""R2"": 0.9999999994905432}","{""MAE"": 142.93971818181808, ""MSE"": 43286.99565845414, ""RMSE"": 208.0552706817449, ""MAPE"": 680682.0425905572, ""R2"": 0.885452223193419}"
