ref_article,designation,marque,famille,frequency,next_period,avg_forecast,historical_periods,historical_values,avg_sales,max_sales,min_sales,std_sales,trend_pct,data_points,sma_forecast,es_forecast,lr_forecast,arima_forecast,prophet_forecast,xgb_forecast,sma_metrics,es_metrics,lr_metrics,arima_metrics,prophet_metrics,xgb_metrics
PA0477,CADIVEU ESSENTIALS -BB CONDITIONNER 250ML,CADIVEU,SOINS CAPILLAIRES,monthly,2025-09,46.51349751771827,"[""2022-10"", ""2022-11"", ""2022-12"", ""2023-01"", ""2023-02"", ""2023-03"", ""2023-04"", ""2023-11"", ""2023-12"", ""2024-01"", ""2024-02"", ""2024-05"", ""2024-06"", ""2024-09"", ""2024-10"", ""2024-12"", ""2025-05"", ""2025-06"", ""2025-07"", ""2025-08""]","[2762.705, 115.113, 12.519999999999982, 400.392, 186.85, 697.349, 190.186, 495.485, 43.543, 0.0, 48.198, 428.424, 48.198, 45.52, 48.198, 144.593, 42.842, 149.947, 166.439, -16.683]",300.49095,2762.705,-16.683,594.5981887212132,-100.60386469058405,20,99.901,56.73530063629692,0.0,87.95560447001273,0.0,34.48908,"{""MAE"": 199.8931176470588, ""MSE"": 66546.40206520914, ""RMSE"": 257.9658932208077, ""MAPE"": 220.03574625235055, ""R2"": -0.7180609507744202}","{""MAE"": 502.98542384381426, ""MSE"": 719226.7508103475, ""RMSE"": 848.0723735686404, ""MAPE"": 1278.705349555947, ""R2"": -18.823087878485584}","{""MAE"": 322.6185171493379, ""MSE"": 292660.9385432528, ""RMSE"": 540.9814585947034, ""MAPE"": 455.9166050934762, ""R2"": 0.172214914703687}","{""MAE"": 461.80538868578407, ""MSE"": 762976.2067213472, ""RMSE"": 873.4850924436817, ""MAPE"": 944.9757088016433, ""R2"": -1.158061569485965}","{""MAE"": 0.015521907649290512, ""MSE"": 0.00036395824237202653, ""RMSE"": 0.019077689649746023, ""MAPE"": 0.03184271522131929, ""R2"": 0.999999998970552}","{""MAE"": 155.7440675, ""MSE"": 89405.58541702639, ""RMSE"": 299.00766782312854, ""MAPE"": 155.74788695672393, ""R2"": 0.7471182504956597}"
