ref_article,designation,marque,famille,frequency,next_period,avg_forecast,historical_periods,historical_values,avg_sales,max_sales,min_sales,std_sales,trend_pct,data_points,sma_forecast,es_forecast,lr_forecast,arima_forecast,prophet_forecast,xgb_forecast,sma_metrics,es_metrics,lr_metrics,arima_metrics,prophet_metrics,xgb_metrics
PA0506,CADIVEU ESSENTIALS -QS CREAM HAIR PROTEIN 200 ML,CADIVEU,SOINS CAPILLAIRES,monthly,2025-09,286.8968561665731,"[""2022-10"", ""2022-11"", ""2022-12"", ""2023-01"", ""2023-03"", ""2023-05"", ""2023-06"", ""2023-07"", ""2023-08"", ""2023-09"", ""2023-11"", ""2023-12"", ""2024-02"", ""2024-03"", ""2024-05"", ""2024-06"", ""2024-07"", ""2024-08"", ""2024-09"", ""2024-10"", ""2024-12"", ""2025-06"", ""2025-07"", ""2025-08""]","[5238.967, 470.918, 55.19499999999999, 66.223, 1165.033, 441.486, 448.844, 294.324, 294.324, 147.162, 294.324, 285.494, 228.314, 59.046, 125.97, 70.856, 157.458, 314.916, 681.0060000000001, 70.856, 224.378, 307.57199999999995, 810.064, -56.687]",508.16845833333326,5238.967,-56.687,1022.0213496912208,-101.08202628495273,24,353.6496666666667,183.16200455130186,0.0,379.5406701737539,617.6030656077164,187.4257299999999,"{""MAE"": 305.9402698412698, ""MSE"": 270727.7686343332, ""RMSE"": 520.3150666993348, ""MAPE"": 257.4301255011608, ""R2"": -2.497930373270781}","{""MAE"": 822.4963812599789, ""MSE"": 2115809.6997284554, ""RMSE"": 1454.5823110874321, ""MAPE"": 677.5342787685719, ""R2"": -27.372887497211373}","{""MAE"": 534.430240449275, ""MSE"": 924270.2561860728, ""RMSE"": 961.3897524865099, ""MAPE"": 264.5001898484933, ""R2"": 0.11513087688886525}","{""MAE"": 690.0469001540927, ""MSE"": 2027763.7302783756, ""RMSE"": 1423.9956918047103, ""MAPE"": 378.17690648249175, ""R2"": -0.9413212768439045}","{""MAE"": 70.89815722206392, ""MSE"": 13722.558632995693, ""RMSE"": 117.1433251747435, ""MAPE"": 50.695337358778616, ""R2"": 0.9868624265000956}","{""MAE"": 207.52580291666663, ""MSE"": 237889.18295078978, ""RMSE"": 487.7388470798587, ""MAPE"": 80.08453436525834, ""R2"": 0.7722519021829132}"
