ref_article,designation,marque,famille,frequency,next_period,avg_forecast,historical_periods,historical_values,avg_sales,max_sales,min_sales,std_sales,trend_pct,data_points,sma_forecast,es_forecast,lr_forecast,arima_forecast,prophet_forecast,xgb_forecast,sma_metrics,es_metrics,lr_metrics,arima_metrics,prophet_metrics,xgb_metrics
PA0569,Cadiveu Professional Nutri Glow Nourishing Wax 500ML,CADIVEU,SOINS CAPILLAIRES,monthly,2025-09,879.216298569013,"[""2024-02"", ""2024-03"", ""2024-05"", ""2024-06"", ""2024-08"", ""2025-03"", ""2025-07"", ""2025-08""]","[646.751, -513.972, 428.31899999999996, 285.546, 142.773, 142.773, 142.773, 285.546]",195.063625,646.751,-513.972,313.3963387190163,-55.8491598776036,8,190.364,245.69184419692994,198.12388033012374,161.26088519442033,4237.143081692604,242.7140999999998,"{""MAE"": 101.55846666666669, ""MSE"": 11707.128669488888, ""RMSE"": 108.19948553245939, ""MAPE"": 54.232826468123065, ""R2"": -1.3930235882841773}","{""MAE"": 259.434026379, ""MSE"": 204134.51683780385, ""RMSE"": 451.81247972782234, ""MAPE"": 82.50784288318978, ""R2"": -1.5859887112727429}","{""MAE"": 216.88490904401647, ""MSE"": 98213.90291346094, ""RMSE"": 313.390974524572, ""MAPE"": 54.69754956562893, ""R2"": 3.423236249999739e-05}","{""MAE"": 361.19411437969706, ""MSE"": 239570.6831544648, ""RMSE"": 489.4595827588472, ""MAPE"": 108.08097296246926, ""R2"": -1.439191142776191}","{""MAE"": 0.004278969787524289, ""MSE"": 2.7332707937117174e-05, ""RMSE"": 0.005228069236067668, ""MAPE"": 0.001983660013543247, ""R2"": 0.9999999997217118}","{""MAE"": 112.82838750000003, ""MSE"": 28940.807838787325, ""RMSE"": 170.11998071592686, ""MAPE"": 27.768984343657433, ""R2"": 0.7053388953286783}"
