ref_article,designation,marque,famille,frequency,next_period,avg_forecast,historical_periods,historical_values,avg_sales,max_sales,min_sales,std_sales,trend_pct,data_points,sma_forecast,es_forecast,lr_forecast,arima_forecast,prophet_forecast,xgb_forecast,sma_metrics,es_metrics,lr_metrics,arima_metrics,prophet_metrics,xgb_metrics
PA0566,Cadiveu Professional Nutri Glow Nourishing Shampoo 980ML,CADIVEU,SOINS CAPILLAIRES,monthly,2025-09,144.15469725160926,"[""2024-02"", ""2024-03"", ""2024-05"", ""2024-06"", ""2024-08"", ""2025-03"", ""2025-07"", ""2025-08""]","[665.198, -438.58799999999997, 365.499, 121.833, 121.833, 121.833, 121.833, 243.666]",165.388375,665.198,-438.58799999999997,289.0408825711068,-63.36940279435596,8,162.444,210.04593557575998,154.96278954607976,130.359358387816,0.0,207.11609999999985,"{""MAE"": 76.83533333333332, ""MSE"": 7658.854681822221, ""RMSE"": 87.51488263045447, ""MAPE"": 53.066109619998954, ""R2"": -2.2248830527586154}","{""MAE"": 252.18579489942854, ""MSE"": 187832.20001480478, ""RMSE"": 433.3961236730259, ""MAPE"": 107.03941129086118, ""R2"": -2.4342171404488937}","{""MAE"": 194.02818947730398, ""MSE"": 83505.60972888907, ""RMSE"": 288.97337200664197, ""MAPE"": 54.86451835489991, ""R2"": 0.0004670805024299396}","{""MAE"": 327.05311348138633, ""MSE"": 197503.55289837022, ""RMSE"": 444.41371817077186, ""MAPE"": 126.30514513510653, ""R2"": -1.3640483972342707}","{""MAE"": 0.0040918466601436165, ""MSE"": 3.054431915036247e-05, ""RMSE"": 0.005526691519377797, ""MAPE"": 0.0025096199626975977, ""R2"": 0.9999999996343952}","{""MAE"": 108.80145000000013, ""MSE"": 26504.802612066498, ""RMSE"": 162.802956398422, ""MAPE"": 30.28739922053595, ""R2"": 0.6827467900473219}"
