ref_article,designation,marque,famille,frequency,next_period,avg_forecast,historical_periods,historical_values,avg_sales,max_sales,min_sales,std_sales,trend_pct,data_points,sma_forecast,es_forecast,lr_forecast,arima_forecast,prophet_forecast,xgb_forecast,sma_metrics,es_metrics,lr_metrics,arima_metrics,prophet_metrics,xgb_metrics
PA0563,CADIVEU PROFESSIONAL NUTRI GLOW FLUID LEAVE-IN 215ML,CADIVEU,SOINS CAPILLAIRES,monthly,2025-04,522.8269768885482,"[""2024-02"", ""2024-03"", ""2024-05"", ""2024-06"", ""2024-08"", ""2024-12"", ""2025-03""]","[409.414, -88.14, 90.372, 587.424, 45.186, -101.67, 45.186]",141.1102857142857,587.424,-101.67,240.1362964495159,-88.96324991329071,7,-3.7660000000000005,90.22393525419997,0.0,0.0,3048.358026077089,2.145900000000012,"{""MAE"": 269.0081666666667, ""MSE"": 90096.94620744445, ""RMSE"": 300.16153352394184, ""MAPE"": 260.0827393311303, ""R2"": -0.30335862149855086}","{""MAE"": 292.67414249666666, ""MSE"": 103537.50760980234, ""RMSE"": 321.7724469400734, ""MAPE"": 328.2953501512678, ""R2"": -0.9433117260560302}","{""MAE"": 183.63281977094658, ""MSE"": 49117.986451916164, ""RMSE"": 221.62578020599537, ""MAPE"": 149.76114349952638, ""R2"": 0.14822490370747043}","{""MAE"": 324.40467027882306, ""MSE"": 137905.07711471134, ""RMSE"": 371.35572853358724, ""MAPE"": 308.1072950494647, ""R2"": -1.391468356578561}","{""MAE"": 0.004526978855090695, ""MSE"": 2.6662984206976422e-05, ""RMSE"": 0.00516362123000675, ""MAPE"": 0.004877579521495288, ""R2"": 0.9999999995376263}","{""MAE"": 112.06497142857133, ""MSE"": 15037.999157413355, ""RMSE"": 122.6295199265387, ""MAPE"": 108.43537078490115, ""R2"": 0.7392199048531428}"
