ref_article,designation,marque,famille,frequency,next_period,avg_forecast,historical_periods,historical_values,avg_sales,max_sales,min_sales,std_sales,trend_pct,data_points,sma_forecast,es_forecast,lr_forecast,arima_forecast,prophet_forecast,xgb_forecast,sma_metrics,es_metrics,lr_metrics,arima_metrics,prophet_metrics,xgb_metrics
PA0503,CADIVEU ESSENTIALS -QS CONDITIONNER 250 ML,CADIVEU,SOINS CAPILLAIRES,monthly,2025-09,-25.42267013135441,"[""2022-10"", ""2022-11"", ""2022-12"", ""2023-01"", ""2023-02"", ""2023-03"", ""2023-04"", ""2023-11"", ""2023-12"", ""2024-01"", ""2024-04"", ""2024-05"", ""2024-06"", ""2024-09"", ""2024-10"", ""2024-12"", ""2025-06"", ""2025-07"", ""2025-08""]","[2962.901, 115.113, -25.01600000000002, 345.33799999999997, 173.504, 796.613, 190.186, 595.583, 140.638, 0.0, 107.106, 749.742, 48.198, 45.52, 48.198, 192.791, 192.79, 77.059, -375.317]",335.83931578947363,2962.901,-375.317,674.5661217706848,-112.66721365310552,19,-35.156000000000006,-117.38002078812643,0.0,0.0,0.0,0.0,"{""MAE"": 303.5790416666666, ""MSE"": 134911.53649172222, ""RMSE"": 367.3030581028726, ""MAPE"": 189.497502125689, ""R2"": -0.6555333167822479}","{""MAE"": 607.4066555733616, ""MSE"": 917992.975247701, ""RMSE"": 958.1194994611586, ""MAPE"": 872.7052221968513, ""R2"": -11.142028573457099}","{""MAE"": 395.02434167697766, ""MSE"": 370572.3173389378, ""RMSE"": 608.7465132047474, ""MAPE"": 314.25355462350984, ""R2"": 0.1856259601483219}","{""MAE"": 576.5641688045592, ""MSE"": 947899.7169597751, ""RMSE"": 973.6014158575239, ""MAPE"": 625.9850024440876, ""R2"": -1.0831154561627647}","{""MAE"": 0.01600852425911445, ""MSE"": 0.000365412298488278, ""RMSE"": 0.01911576047371064, ""MAPE"": 0.0132230992492512, ""R2"": 0.9999999991969657}","{""MAE"": 203.34036842105263, ""MSE"": 117929.30268292413, ""RMSE"": 343.40836140508304, ""MAPE"": 127.19267833630559, ""R2"": 0.7408371911522355}"
