ref_article,designation,marque,famille,frequency,next_period,avg_forecast,historical_periods,historical_values,avg_sales,max_sales,min_sales,std_sales,trend_pct,data_points,sma_forecast,es_forecast,lr_forecast,arima_forecast,prophet_forecast,xgb_forecast,sma_metrics,es_metrics,lr_metrics,arima_metrics,prophet_metrics,xgb_metrics
PA0504,CADIVEU ESSENTIALS -QS MASK 200 ML,CADIVEU,SOINS CAPILLAIRES,monthly,2025-09,427.46548651298343,"[""2022-10"", ""2022-11"", ""2022-12"", ""2023-01"", ""2023-02"", ""2023-03"", ""2023-04"", ""2023-05"", ""2023-06"", ""2023-09"", ""2023-11"", ""2023-12"", ""2024-01"", ""2024-02"", ""2024-03"", ""2024-04"", ""2024-05"", ""2024-06"", ""2024-07"", ""2024-08"", ""2024-09"", ""2024-10"", ""2024-12"", ""2025-03"", ""2025-05"", ""2025-06"", ""2025-07"", ""2025-08""]","[4288.984, 443.32, -253.70700000000002, 843.91, 106.824, 623.138, 1014.828, 2705.321, 1452.807, -64.092, 1383.3709999999999, 1286.695, 114.3, 457.2, 171.45, 923.475, 788.67, 622.935, 342.9, 285.75, 1017.271, 51.435, -7.905000000000001, 114.3, 194.31, 1291.5900000000001, 279.629, 251.46]",740.3631785714286,4288.984,-253.70700000000002,919.3281110476457,-94.13707302242209,28,607.5596666666667,360.4943702046995,132.49632873341034,262.07161514408637,842.9991183290383,359.17181999999957,"{""MAE"": 525.8339333333333, ""MSE"": 520204.68679000443, ""RMSE"": 721.2521658823663, ""MAPE"": 484.39323017336005, ""R2"": -0.3281880453351418}","{""MAE"": 788.7414303960078, ""MSE"": 1499022.2281075786, ""RMSE"": 1224.3456326166963, ""MAPE"": 590.562024423048, ""R2"": -2.816287426166159}","{""MAE"": 590.2159823108732, ""MSE"": 734450.833509248, ""RMSE"": 857.0010697246812, ""MAPE"": 410.3179292110035, ""R2"": 0.1309962554355888}","{""MAE"": 867.4517662334353, ""MSE"": 1665451.9928801167, ""RMSE"": 1290.5239218550412, ""MAPE"": 508.9471326607913, ""R2"": -0.9705662410237548}","{""MAE"": 278.51812707339343, ""MSE"": 122791.0862961154, ""RMSE"": 350.41559082911164, ""MAPE"": 136.74084762015084, ""R2"": 0.8547133328440665}","{""MAE"": 291.3391085714287, ""MSE"": 193131.8106518657, ""RMSE"": 439.46764460181333, ""MAPE"": 186.36522137421895, ""R2"": 0.7714860423684674}"
