ref_article,designation,marque,famille,frequency,next_period,avg_forecast,historical_periods,historical_values,avg_sales,max_sales,min_sales,std_sales,trend_pct,data_points,sma_forecast,es_forecast,lr_forecast,arima_forecast,prophet_forecast,xgb_forecast,sma_metrics,es_metrics,lr_metrics,arima_metrics,prophet_metrics,xgb_metrics
PA0507,CADIVEU ESSENTIALS -QS QUARTZ MIST 200ML,CADIVEU,SOINS CAPILLAIRES,monthly,2025-09,370.8680736132016,"[""2022-10"", ""2022-11"", ""2022-12"", ""2023-01"", ""2023-02"", ""2023-03"", ""2023-05"", ""2023-06"", ""2023-11"", ""2023-12"", ""2024-02"", ""2024-03"", ""2024-04"", ""2024-05"", ""2024-06"", ""2024-07"", ""2024-09"", ""2024-10"", ""2024-12"", ""2025-06"", ""2025-08""]","[5003.88, 626.573, -326.34000000000003, 1296.658, -348.096, 147.94099999999997, 1209.634, 1409.789, 435.12, 838.9110000000001, 558.702, 69.837, -587.412, 931.17, 83.805, 931.17, 218.825, 83.805, 91.33600000000001, 335.222, 838.053]",659.4563333333333,5003.88,-587.412,1109.5855856242363,-83.25193649727811,21,421.537,563.6984890731447,0.0,606.6225026060647,0.0,633.3504500000003,"{""MAE"": 536.5609814814815, ""MSE"": 391571.568444463, ""RMSE"": 625.7567965627405, ""MAPE"": 164.03570218786047, ""R2"": -0.3068322671234167}","{""MAE"": 1006.0363571381013, ""MSE"": 2434772.6046164865, ""RMSE"": 1560.3757895508654, ""MAPE"": 328.7512404446717, ""R2"": -7.066079450434746}","{""MAE"": 675.376615232941, ""MSE"": 1102286.0849609103, ""RMSE"": 1049.8981307540796, ""MAPE"": 187.21666327161574, ""R2"": 0.10469149017653412}","{""MAE"": 1011.752710395459, ""MSE"": 2434988.3997681565, ""RMSE"": 1560.4449364742597, ""MAPE"": 222.75717292208222, ""R2"": -0.977767718723551}","{""MAE"": 0.03096443409331498, ""MSE"": 0.0014775400851355111, ""RMSE"": 0.03843878360634622, ""MAPE"": 0.012014484086103824, ""R2"": 0.9999999987998994}","{""MAE"": 329.12623714285706, ""MSE"": 281038.1568171253, ""RMSE"": 530.1303205977991, ""MAPE"": 68.38674717585612, ""R2"": 0.7717327136608126}"
