ref_article,designation,marque,famille,frequency,next_period,avg_forecast,historical_periods,historical_values,avg_sales,max_sales,min_sales,std_sales,trend_pct,data_points,sma_forecast,es_forecast,lr_forecast,arima_forecast,prophet_forecast,xgb_forecast,sma_metrics,es_metrics,lr_metrics,arima_metrics,prophet_metrics,xgb_metrics
PA0526,BRASIL CACAU - KERATINE THERMAL RECONST DOSE 110ML,CADIVEU,LISSAGE,monthly,2025-08,9592.960218997896,"[""2022-10"", ""2022-12"", ""2023-04"", ""2023-05"", ""2023-07"", ""2023-09"", ""2023-10"", ""2023-12"", ""2024-03"", ""2024-05"", ""2024-08"", ""2024-09"", ""2024-10"", ""2024-12"", ""2025-07""]","[6720.0, -2100.0, 12096.0, 638.4, 5712.0, 1596.0, -638.4, 11169.9, 269.64, 359.52, 3954.72, -3595.2, 46791.528, -269.64, -919.1730000000002]",5452.353000000001,46791.528,-3595.2,11915.947755193676,-113.67816964285716,15,15200.904999999999,4564.519947555922,7942.400985714281,0.0,28686.864330717173,1163.0710500000005,"{""MAE"": 9484.38775, ""MSE"": 237178414.20925006, ""RMSE"": 15400.597852331905, ""MAPE"": 984.9851366517214, ""R2"": -0.40407793249160484}","{""MAE"": 9173.983240909361, ""MSE"": 200512756.58170834, ""RMSE"": 14160.252701901487, ""MAPE"": 878.7482222112478, ""R2"": -0.31908510696539016}","{""MAE"": 7748.116860952382, ""MSE"": 140547072.75055116, ""RMSE"": 11855.255068978953, ""MAPE"": 651.2666051136147, ""R2"": 0.010160856928842055}","{""MAE"": 10165.839405030121, ""MSE"": 240737827.30726442, ""RMSE"": 15515.728384683216, ""MAPE"": 987.9570387157804, ""R2"": -0.6954584682782057}","{""MAE"": 1.5859378511135978, ""MSE"": 3.5487024909863867, ""RMSE"": 1.8838000135328554, ""MAPE"": 0.14061143433371634, ""R2"": 0.999999975007344}","{""MAE"": 3560.4686300000026, ""MSE"": 30653626.60513115, ""RMSE"": 5536.571737558464, ""MAPE"": 365.9854908370222, ""R2"": 0.7841138993716447}"
