ref_article,designation,marque,famille,frequency,next_period,avg_forecast,historical_periods,historical_values,avg_sales,max_sales,min_sales,std_sales,trend_pct,data_points,sma_forecast,es_forecast,lr_forecast,arima_forecast,prophet_forecast,xgb_forecast,sma_metrics,es_metrics,lr_metrics,arima_metrics,prophet_metrics,xgb_metrics
PA0502,CADIVEU ESSENTIALS -QS SHAMPOO 250 ML,CADIVEU,SOINS CAPILLAIRES,monthly,2025-09,243.00008756044136,"[""2022-10"", ""2022-11"", ""2022-12"", ""2023-01"", ""2023-02"", ""2023-03"", ""2023-04"", ""2023-05"", ""2023-06"", ""2023-07"", ""2023-08"", ""2023-09"", ""2023-10"", ""2023-11"", ""2023-12"", ""2024-01"", ""2024-02"", ""2024-03"", ""2024-04"", ""2024-05"", ""2024-06"", ""2024-07"", ""2024-08"", ""2024-09"", ""2024-10"", ""2024-11"", ""2024-12"", ""2025-03"", ""2025-05"", ""2025-06"", ""2025-07"", ""2025-08""]","[2992.765, 107.385, 315.158, 933.78, 653.646, 1005.37, 177.418, 2941.407, 1388.997, 466.89, 2287.761, -52.905000000000015, -0.001999999999995339, 1862.891, 1580.889, 99.912, 999.12, 299.736, -68.632, 699.384, 144.872, 999.12, 344.69599999999997, 626.95, 44.96, 499.56, 205.40499999999997, 699.384, 361.644, 1278.874, 99.48800000000001, 186.08700000000002]",755.6878125,2992.765,-68.632,807.3307542168063,-93.78210450870684,32,521.4830000000001,345.2167701293859,227.2314295654287,138.8364356678336,0.0,225.23288999999986,"{""MAE"": 598.6662068965517, ""MSE"": 595075.4867265593, ""RMSE"": 771.4113602524657, ""MAPE"": 1553026.0190008474, ""R2"": -0.13588597405190694}","{""MAE"": 740.2103247335115, ""MSE"": 957886.0795883641, ""RMSE"": 978.7165471107373, ""MAPE"": 1659468.1977962155, ""R2"": -0.892439719822931}","{""MAE"": 583.3502086721209, ""MSE"": 576278.2661876888, ""RMSE"": 759.1299402524503, ""MAPE"": 1351573.4516736527, ""R2"": 0.11584328939315747}","{""MAE"": 804.4475749605926, ""MSE"": 1212336.6616941402, ""RMSE"": 1101.0616066751852, ""MAPE"": 1913198.383264634, ""R2"": -0.8600312693424819}","{""MAE"": 400.1666754595201, ""MSE"": 299578.2050617812, ""RMSE"": 547.337377731305, ""MAPE"": 1636794.7682805662, ""R2"": 0.5403712131828697}","{""MAE"": 308.6703484374998, ""MSE"": 155201.64174255598, ""RMSE"": 393.9563957375943, ""MAPE"": 421378.0383937958, ""R2"": 0.761881401581111}"
