ref_article,designation,marque,famille,frequency,next_period,avg_forecast,historical_periods,historical_values,avg_sales,max_sales,min_sales,std_sales,trend_pct,data_points,sma_forecast,es_forecast,lr_forecast,arima_forecast,prophet_forecast,xgb_forecast,sma_metrics,es_metrics,lr_metrics,arima_metrics,prophet_metrics,xgb_metrics
PA0508,CADIVEU ESSENTIALS -QS QUARTZ POWER DROPS 65ML,CADIVEU,SOINS CAPILLAIRES,monthly,2025-09,292.6307990714028,"[""2022-10"", ""2022-11"", ""2022-12"", ""2023-01"", ""2023-02"", ""2023-03"", ""2023-04"", ""2023-05"", ""2023-10"", ""2023-11"", ""2023-12"", ""2024-01"", ""2024-02"", ""2024-04"", ""2024-05"", ""2024-06"", ""2024-07"", ""2024-08"", ""2024-09"", ""2024-10"", ""2024-11"", ""2024-12"", ""2025-02"", ""2025-03"", ""2025-06"", ""2025-07"", ""2025-08""]","[5724.853, 1154.593, 300.66599999999994, 1136.552, 120.27, 609.369, 114.257, 1312.9479999999999, -375.85, 610.3770000000001, 985.6129999999999, 0.0, 643.4399999999999, 1037.925, 694.914, 366.76, 900.816, 772.128, 350.673, 57.91, 643.44, 162.87400000000002, 257.376, 51.474, 463.276, 1422.5400000000002, -175.874]",716.4192592592592,5724.853,-375.85,1082.8716706292132,-103.07211381672158,27,569.9806666666667,230.8823023258647,27.886336031762767,654.9461894041222,0.0,272.0893000000003,"{""MAE"": 471.5204861111112, ""MSE"": 347714.5026829306, ""RMSE"": 589.6732168607716, ""MAPE"": 191.4880383422924, ""R2"": -0.6183177826133768}","{""MAE"": 917.101346088152, ""MSE"": 2173036.075744451, ""RMSE"": 1474.1221373225662, ""MAPE"": 339.79592296585696, ""R2"": -9.068769723904072}","{""MAE"": 569.1782515134502, ""MSE"": 1021295.7118896373, ""RMSE"": 1010.5917632207563, ""MAPE"": 171.75443208943562, ""R2"": 0.12904137523677528}","{""MAE"": 862.9549890925482, ""MSE"": 2198588.9674094277, ""RMSE"": 1482.7639621360602, ""MAPE"": 202.26582904511807, ""R2"": -0.8749515945107957}","{""MAE"": 519.0701613858398, ""MSE"": 731668.8734920246, ""RMSE"": 855.3764513312397, ""MAPE"": 197.00463872572703, ""R2"": 0.3760344742272509}","{""MAE"": 302.02351148148136, ""MSE"": 241778.2124122719, ""RMSE"": 491.7094796851815, ""MAPE"": 71.42262436432388, ""R2"": 0.7938120987596404}"
