ref_article,designation,marque,famille,frequency,next_period,avg_forecast,historical_periods,historical_values,avg_sales,max_sales,min_sales,std_sales,trend_pct,data_points,sma_forecast,es_forecast,lr_forecast,arima_forecast,prophet_forecast,xgb_forecast,sma_metrics,es_metrics,lr_metrics,arima_metrics,prophet_metrics,xgb_metrics
PA0565,CADIVEU PROFES NUTRI GLOW MIRACLE BOOSTER 200ML,CADIVEU,SOINS CAPILLAIRES,monthly,2025-09,163.77508615548743,"[""2024-02"", ""2024-03"", ""2024-05"", ""2024-06"", ""2024-07"", ""2024-08"", ""2024-12"", ""2025-05"", ""2025-08""]","[367.39099999999996, -88.14, 90.372, 180.744, 1084.464, 45.186, -101.67, 488.009, 90.372]",239.6364444444444,1084.464,-101.67,349.8428666486049,-75.40168376470844,9,158.90366666666668,187.21299236959698,226.77834352517993,262.1555143714811,0.0,147.59999999999985,"{""MAE"": 370.8281666666667, ""MSE"": 255020.37179864815, ""RMSE"": 504.99541760163345, ""MAPE"": 274.1304086987394, ""R2"": -0.636252350880133}","{""MAE"": 353.76157284953746, ""MSE"": 188978.92307950385, ""RMSE"": 434.71706094827226, ""MAPE"": 296.5256193228552, ""R2"": -0.3957742849414845}","{""MAE"": 271.16597362110315, ""MSE"": 122351.34609024519, ""RMSE"": 349.78757280704696, ""MAPE"": 184.79307937575547, ""R2"": 0.00031608174492048224}","{""MAE"": 425.07457785558705, ""MSE"": 255393.06552251766, ""RMSE"": 505.3642899162125, ""MAPE"": 339.965889324865, ""R2"": -1.08671460180267}","{""MAE"": 0.01952960606250463, ""MSE"": 0.0005341549497534439, ""RMSE"": 0.02311179243921691, ""MAPE"": 0.013975420856359588, ""R2"": 0.9999999956356336}","{""MAE"": 157.14693666666662, ""MSE"": 35307.922092828114, ""RMSE"": 187.90402362064552, ""MAPE"": 139.45914972166278, ""R2"": 0.7115130888942657}"
