ref_article,designation,marque,famille,frequency,next_period,avg_forecast,historical_periods,historical_values,avg_sales,max_sales,min_sales,std_sales,trend_pct,data_points,sma_forecast,es_forecast,lr_forecast,arima_forecast,prophet_forecast,xgb_forecast,sma_metrics,es_metrics,lr_metrics,arima_metrics,prophet_metrics,xgb_metrics
PA0567,CADIVEU PROF NUTRI GLOW NOURISHING CONDIT 980ML,CADIVEU,SOINS CAPILLAIRES,monthly,2025-09,173.43895107667265,"[""2024-02"", ""2024-03"", ""2024-05"", ""2024-06"", ""2024-08"", ""2025-03"", ""2025-08""]","[638.14, -507.132, 422.60699999999997, 140.869, 140.869, 140.869, 281.738]",179.70857142857145,638.14,-507.132,328.599741997489,-55.850126931394364,7,187.82533333333333,244.99910591859998,226.31423655913932,153.28725064896332,0.0,228.20778,"{""MAE"": 100.13466666666667, ""MSE"": 11369.018286833334, ""RMSE"": 106.62559864701035, ""MAPE"": 58.583536240526065, ""R2"": -2.0555600956204447}","{""MAE"": 294.83427517666667, ""MSE"": 232918.91729677757, ""RMSE"": 482.61673955300967, ""MAPE"": 96.89949563975674, ""R2"": -1.7366884938584515}","{""MAE"": 227.7154193548387, ""MSE"": 107456.085414808, ""RMSE"": 327.8049502597665, ""MAPE"": 54.42888255020188, ""R2"": 0.004831595681653367}","{""MAE"": 375.8746800831307, ""MSE"": 237583.8022030079, ""RMSE"": 487.4256889034552, ""MAPE"": 134.52109561355354, ""R2"": -1.2003024995517935}","{""MAE"": 0.013714064241773778, ""MSE"": 0.00021359449792156067, ""RMSE"": 0.01461487249077325, ""MAPE"": 0.006407140045834604, ""R2"": 0.9999999980218663}","{""MAE"": 136.9695400000001, ""MSE"": 35146.97779802452, ""RMSE"": 187.47527249753372, ""MAPE"": 34.02443289823523, ""R2"": 0.6744980828507607}"
