ref_article,designation,marque,famille,frequency,next_period,avg_forecast,historical_periods,historical_values,avg_sales,max_sales,min_sales,std_sales,trend_pct,data_points,sma_forecast,es_forecast,lr_forecast,arima_forecast,prophet_forecast,xgb_forecast,sma_metrics,es_metrics,lr_metrics,arima_metrics,prophet_metrics,xgb_metrics
PA0561,CADIVEU PROFES NUTRI GLOW NOUR CONDITIONNER 250ML,CADIVEU,SOINS CAPILLAIRES,monthly,2025-07,304.74527038638274,"[""2024-03"", ""2024-05"", ""2024-06"", ""2024-07"", ""2024-12"", ""2025-05"", ""2025-06""]","[237.228, 45.186, 180.744, 45.186, -101.67, 488.009, 244.004]",162.6695714285714,488.009,-101.67,175.59159816692917,2.8563238740789374,7,210.11433333333332,219.2171329986,280.99000862068897,374.04794387440705,435.3916934912665,308.7105100000002,"{""MAE"": 211.9983333333333, ""MSE"": 64569.74942594444, ""RMSE"": 254.10578392855297, ""MAPE"": 140.77931648629573, ""R2"": -0.3178545954623915}","{""MAE"": 173.42684977666667, ""MSE"": 48814.38129986081, ""RMSE"": 220.9397684887463, ""MAPE"": 178.01323476840565, ""R2"": -0.39908431723611093}","{""MAE"": 130.86262940507763, ""MSE"": 25835.584117737115, ""RMSE"": 160.7345143948154, ""MAPE"": 108.63145885111778, ""R2"": 0.16206405321338158}","{""MAE"": 188.16029244381232, ""MSE"": 58459.03954227954, ""RMSE"": 241.7830422967656, ""MAPE"": 144.52493659857882, ""R2"": -0.8960256684681009}","{""MAE"": 0.003030634110471299, ""MSE"": 1.3663397654684901e-05, ""RMSE"": 0.003696403340368161, ""MAPE"": 0.0032305256141502725, ""R2"": 0.9999999995568495}","{""MAE"": 57.77373142857154, ""MSE"": 3686.113736805704, ""RMSE"": 60.71337362398587, ""MAPE"": 48.421660710795756, ""R2"": 0.8804467826259473}"
