ref_article,designation,marque,famille,frequency,next_period,avg_forecast,historical_periods,historical_values,avg_sales,max_sales,min_sales,std_sales,trend_pct,data_points,sma_forecast,es_forecast,lr_forecast,arima_forecast,prophet_forecast,xgb_forecast,sma_metrics,es_metrics,lr_metrics,arima_metrics,prophet_metrics,xgb_metrics
PA0568,CADIVEU PROF NUTRI GLOW NOUR MASK 980ML,CADIVEU,SOINS CAPILLAIRES,monthly,2025-09,234.17563424661003,"[""2024-02"", ""2024-03"", ""2024-05"", ""2024-06"", ""2024-08"", ""2025-03"", ""2025-07"", ""2025-08""]","[1091.348, -719.568, 599.646, 199.882, 199.882, 199.882, 199.882, 399.764]",271.33975,1091.348,-719.568,474.2117566282362,-63.36970425565447,8,266.50933333333336,344.6064129929599,254.23533975240719,199.9033194009599,0.0,339.7993999999998,"{""MAE"": 126.0584, ""MSE"": 20615.12195573334, ""RMSE"": 143.57967110887716, ""MAPE"": 53.06640918141704, ""R2"": -2.224917085150174}","{""MAE"": 413.7448263451429, ""MSE"": 505587.7180513165, ""RMSE"": 711.0469169128831, ""MAPE"": 107.03957629757149, ""R2"": -2.434226848022931}","{""MAE"": 318.3294669876203, ""MSE"": 224771.75716745458, ""RMSE"": 474.1009989099945, ""MAPE"": 54.864435543063415, ""R2"": 0.00046706890882242114}","{""MAE"": 477.81976767372794, ""MSE"": 374627.1529806248, ""RMSE"": 612.0679316714974, ""MAPE"": 124.00510091506929, ""R2"": -0.6659218266737164}","{""MAE"": 0.03467887829487637, ""MSE"": 0.0013034433693561726, ""RMSE"": 0.03610323211786131, ""MAPE"": 0.012187814891011504, ""R2"": 0.9999999942037443}","{""MAE"": 178.5035500000002, ""MSE"": 71342.89486852709, ""RMSE"": 267.1009076520091, ""MAPE"": 30.2873651913815, ""R2"": 0.682746739541022}"
