ref_article,designation,marque,famille,frequency,next_period,avg_forecast,historical_periods,historical_values,avg_sales,max_sales,min_sales,std_sales,trend_pct,data_points,sma_forecast,es_forecast,lr_forecast,arima_forecast,prophet_forecast,xgb_forecast,sma_metrics,es_metrics,lr_metrics,arima_metrics,prophet_metrics,xgb_metrics
PA0562,CADIVEU PROFES NUTRI GLOW NOURI MASK 200ML,CADIVEU,SOINS CAPILLAIRES,monthly,2025-07,640.1382388007788,"[""2024-02"", ""2024-03"", ""2024-05"", ""2024-06"", ""2024-07"", ""2024-12"", ""2025-05"", ""2025-06""]","[325.368, 47.418000000000006, 451.866, 384.084, 1129.6499999999999, -101.67, 488.009, 582.904]",413.453625,1129.6499999999999,-101.67,345.80355182745643,79.15222148459591,8,323.08099999999996,495.16792435109994,485.91270467289723,523.491191466499,1523.0861823141765,490.09043000000025,"{""MAE"": 359.2318666666667, ""MSE"": 257728.72975382218, ""RMSE"": 507.669902351737, ""MAPE"": 172.7321226133625, ""R2"": -0.6545225665595573}","{""MAE"": 333.97953127285706, ""MSE"": 180770.0646433186, ""RMSE"": 425.17063003377666, ""MAPE"": 205.5871360381154, ""R2"": -0.33511939298377746}","{""MAE"": 228.4460894859813, ""MSE"": 117909.11474829388, ""RMSE"": 343.3789666655398, ""MAPE"": 166.31312804132702, ""R2"": 0.013973744441647451}","{""MAE"": 384.9653772692285, ""MSE"": 196414.93473739238, ""RMSE"": 443.18724568447635, ""MAPE"": 200.72719988548, ""R2"": -0.6425386879401667}","{""MAE"": 0.007254496984435477, ""MSE"": 6.936618991692755e-05, ""RMSE"": 0.00832863673820197, ""MAPE"": 0.0043708290057668945, ""R2"": 0.9999999994199186}","{""MAE"": 122.7041887500001, ""MSE"": 25437.129505785986, ""RMSE"": 159.4902175864902, ""MAPE"": 78.13257562978535, ""R2"": 0.7872795702665898}"
