ref_article,designation,marque,famille,frequency,next_period,avg_forecast,historical_periods,historical_values,avg_sales,max_sales,min_sales,std_sales,trend_pct,data_points,sma_forecast,es_forecast,lr_forecast,arima_forecast,prophet_forecast,xgb_forecast,sma_metrics,es_metrics,lr_metrics,arima_metrics,prophet_metrics,xgb_metrics
PA0560,CADIVEU PROFES NUTRI GLOW SULFAT FREE SHAMP250ML,CADIVEU,SOINS CAPILLAIRES,monthly,2025-07,665.090915007948,"[""2024-02"", ""2024-03"", ""2024-05"", ""2024-06"", ""2024-07"", ""2024-12"", ""2025-05"", ""2025-06""]","[325.368, 47.418000000000006, 451.866, 384.084, 1129.6499999999999, -101.67, 488.009, 650.684]",421.92612499999996,1129.6499999999999,-101.67,350.6478516326734,99.98401809643234,8,345.6743333333333,529.7357243510999,518.4090971962623,551.2133336176759,1507.9765715493158,537.5364300000005,"{""MAE"": 372.7878666666667, ""MSE"": 260750.75075915555, ""RMSE"": 510.637592387356, ""MAPE"": 174.53821179899862, ""R2"": -0.6415180415875497}","{""MAE"": 343.66238841571425, ""MSE"": 184893.86211590312, ""RMSE"": 429.9928628662377, ""MAPE"": 206.61813277776963, ""R2"": -0.33020457525958724}","{""MAE"": 232.78074415887858, ""MSE"": 119991.2176397098, ""RMSE"": 346.39748503664083, ""MAPE"": 167.0872028106222, ""R2"": 0.0240960053553958}","{""MAE"": 391.43242849198145, ""MSE"": 205210.38863616137, ""RMSE"": 453.00153270840195, ""MAPE"": 201.77915551905815, ""R2"": -0.6690024649464499}","{""MAE"": 0.008367555695537376, ""MSE"": 8.581332957828025e-05, ""RMSE"": 0.009263548433417954, ""MAPE"": 0.004076073196903836, ""R2"": 0.9999999993020692}","{""MAE"": 122.70418875000007, ""MSE"": 25829.936634285976, ""RMSE"": 160.7169456973532, ""MAPE"": 77.79503521336417, ""R2"": 0.7899218056232599}"
