ref_article,designation,marque,famille,frequency,next_period,avg_forecast,historical_periods,historical_values,avg_sales,max_sales,min_sales,std_sales,trend_pct,data_points,sma_forecast,es_forecast,lr_forecast,arima_forecast,prophet_forecast,xgb_forecast,sma_metrics,es_metrics,lr_metrics,arima_metrics,prophet_metrics,xgb_metrics
PA0652,BRASIL CACAU - BOTOX VEGAN 110 ML,CADIVEU,LISSAGE,monthly,2025-09,23.936194999266437,"[""2023-09"", ""2024-02"", ""2024-03"", ""2024-05"", ""2024-06"", ""2024-07"", ""2024-08"", ""2024-09"", ""2024-12"", ""2025-07"", ""2025-08""]","[915.48, 489.774, 1530.55, 489.774, 489.774, 489.774, 5877.288, -4897.74, -612.22, -748.943, 661.198]",425.8826363636363,5877.288,-4897.74,2375.028192772084,-27.775811596102596,11,-233.3216666666667,186.31218666226516,0.0,0.0,0.0,190.62665000000015,"{""MAE"": 2309.302833333333, ""MSE"": 11328496.762854971, ""RMSE"": 3365.7832317092216, ""MAPE"": 148.96117979836993, ""R2"": -0.5044338262658257}","{""MAE"": 1695.0580209115476, ""MSE"": 8098732.131026192, ""RMSE"": 2845.827143560584, ""MAPE"": 94.83051316908579, ""R2"": -0.3107995682598197}","{""MAE"": 1318.0068666620564, ""MSE"": 5455018.9129677005, ""RMSE"": 2335.5981916776054, ""MAPE"": 65.99490258939976, ""R2"": 0.03292819392661139}","{""MAE"": 2008.0218658606127, ""MSE"": 9099739.532798631, ""RMSE"": 3016.5774534724997, ""MAPE"": 145.47072479337865, ""R2"": -0.6132119219351078}","{""MAE"": 0.02962842316003389, ""MSE"": 0.001520561105804845, ""RMSE"": 0.038994372745369876, ""MAPE"": 0.004981253620413396, ""R2"": 0.9999999997304332}","{""MAE"": 708.6789054545457, ""MSE"": 1350314.938697041, ""RMSE"": 1162.0305239954073, ""MAPE"": 48.17564071404684, ""R2"": 0.7606146692856834}"
