ref_article,designation,marque,famille,frequency,next_period,avg_forecast,historical_periods,historical_values,avg_sales,max_sales,min_sales,std_sales,trend_pct,data_points,sma_forecast,es_forecast,lr_forecast,arima_forecast,prophet_forecast,xgb_forecast,sma_metrics,es_metrics,lr_metrics,arima_metrics,prophet_metrics,xgb_metrics
PA0617,CADIVEU ESSENTIALS- HAIR REMEDY - SOS SERUM 120ML,CADIVEU,SOINS CAPILLAIRES,monthly,2025-09,248.0265090351917,"[""2024-07"", ""2024-10"", ""2024-11"", ""2024-12"", ""2025-02"", ""2025-04"", ""2025-06"", ""2025-07"", ""2025-08""]","[3498.116, 548.724, 1371.81, 1234.629, 1920.5240000000001, 905.4019999999999, 342.95, -219.492, 617.31]",1135.5525555555555,3498.116,-219.492,1021.643385072318,-82.35307233951076,9,246.92266666666663,708.0228258113838,0.0,79.97128173309989,0.0,453.24227999999994,"{""MAE"": 767.4475555555555, ""MSE"": 694998.587006074, ""RMSE"": 833.6657525687822, ""MAPE"": 179.75936916030957, ""R2"": -0.5234404138590949}","{""MAE"": 1146.3401036837, ""MSE"": 2014903.348529183, ""RMSE"": 1419.4729122210058, ""MAPE"": 236.62039450204563, ""R2"": -4.175745845439663}","{""MAE"": 555.3748974358977, ""MSE"": 471237.3068639177, ""RMSE"": 686.4672656900092, ""MAPE"": 78.01734866926179, ""R2"": 0.5485174071116268}","{""MAE"": 1145.0415772247786, ""MSE"": 2134300.502049102, ""RMSE"": 1460.9245367400406, ""MAPE"": 160.04432537044323, ""R2"": -1.0448286046808053}","{""MAE"": 0.027222239086973507, ""MSE"": 0.0012360254079274724, ""RMSE"": 0.03515715301226014, ""MAPE"": 0.003944994804376461, ""R2"": 0.9999999988157899}","{""MAE"": 297.14800555555564, ""MSE"": 187130.8419205167, ""RMSE"": 432.586224839068, ""MAPE"": 34.545064495191696, ""R2"": 0.8207138601102802}"
