ref_article,designation,marque,famille,frequency,next_period,avg_forecast,historical_periods,historical_values,avg_sales,max_sales,min_sales,std_sales,trend_pct,data_points,sma_forecast,es_forecast,lr_forecast,arima_forecast,prophet_forecast,xgb_forecast,sma_metrics,es_metrics,lr_metrics,arima_metrics,prophet_metrics,xgb_metrics
PA0622,CADIVEU ESSENTIALS - HAIR REMEDY -REPAIR DOSE,CADIVEU,SOINS CAPILLAIRES,monthly,2025-09,1691.8487520282997,"[""2024-07"", ""2024-08"", ""2024-09"", ""2024-10"", ""2025-01"", ""2025-02"", ""2025-04"", ""2025-05"", ""2025-06"", ""2025-07"", ""2025-08""]","[3369.7119999999995, 3565.0570000000002, 634.873, 146.51, 146.509, 2441.84, 927.892, 1143.586, 321.506, 3706.2819999999997, 1994.162]",1672.539,3706.2819999999997,146.509,1337.81572111327,-40.82099597829131,11,2007.3166666666666,1920.951542697519,1443.819908326328,2526.5198944792805,0.0,2252.4845000000037,"{""MAE"": 1277.2802916666667, ""MSE"": 2728254.8965397635, ""RMSE"": 1651.742987434717, ""MAPE"": 382.83165512625754, ""R2"": -0.9256483495661465}","{""MAE"": 1313.7713951518422, ""MSE"": 2676289.184036224, ""RMSE"": 1635.9367909660275, ""MAPE"": 383.47247423860875, ""R2"": -0.6201450921190677}","{""MAE"": 1217.1536508142829, ""MSE"": 1770313.5690255114, ""RMSE"": 1330.5313108023845, ""MAPE"": 278.4757488935054, ""R2"": 0.010860357490297567}","{""MAE"": 1516.6874036217484, ""MSE"": 3576210.9869947503, ""RMSE"": 1891.0872499688508, ""MAPE"": 199.42882046346452, ""R2"": -0.998161297019512}","{""MAE"": 0.022633563307793605, ""MSE"": 0.0005923489897401852, ""RMSE"": 0.024338220759541673, ""MAPE"": 0.0044864670258621085, ""R2"": 0.9999999996690327}","{""MAE"": 503.07460727272826, ""MSE"": 337520.7181068076, ""RMSE"": 580.9653329647197, ""MAPE"": 102.3876210567367, ""R2"": 0.8114146960803335}"
