ref_article,designation,marque,famille,frequency,next_period,avg_forecast,historical_periods,historical_values,avg_sales,max_sales,min_sales,std_sales,trend_pct,data_points,sma_forecast,es_forecast,lr_forecast,arima_forecast,prophet_forecast,xgb_forecast,sma_metrics,es_metrics,lr_metrics,arima_metrics,prophet_metrics,xgb_metrics
PA0612,CADIVEU ESSENTIALS - HAIR REMEDY -SHAMPOO 250 ML,CADIVEU,SOINS CAPILLAIRES,monthly,2025-08,1384.5214320716534,"[""2024-07"", ""2024-08"", ""2024-09"", ""2024-11"", ""2025-02"", ""2025-04"", ""2025-05"", ""2025-06"", ""2025-07""]","[7491.960999999999, 3274.6229999999996, 620.2, 992.31, 992.31, 575.54, 1131.234, 2738.778, 1768.797]",2176.1947777777773,7491.960999999999,575.54,2076.982660475783,-76.39073401476595,9,1879.6029999999998,1921.8866478133955,615.1063786472077,2015.6335359693194,0.0,1874.8990299999991,"{""MAE"": 1022.7715555555554, ""MSE"": 1981882.197309444, ""RMSE"": 1407.793378770281, ""MAPE"": 84.24400866979921, ""R2"": -2.9558607037551936}","{""MAE"": 2528.3672860585493, ""MSE"": 9321169.328662941, ""RMSE"": 3053.059011657479, ""MAPE"": 269.0735620981807, ""R2"": -9.599508621822169}","{""MAE"": 1437.5610172413787, ""MSE"": 3326221.534999786, ""RMSE"": 1823.793172209992, ""MAPE"": 114.46313156403112, ""R2"": 0.22894487307917744}","{""MAE"": 1946.7933534853998, ""MSE"": 9034751.161635585, ""RMSE"": 3005.7862800996986, ""MAPE"": 114.68520828460356, ""R2"": -1.0943557518135734}","{""MAE"": 0.0422309066132382, ""MSE"": 0.0026125175182243315, ""RMSE"": 0.05111279211923696, ""MAPE"": 0.003061888172820734, ""R2"": 0.9999999993943894}","{""MAE"": 573.0277133333328, ""MSE"": 799936.0279371914, ""RMSE"": 894.3914288146949, ""MAPE"": 35.76531703811359, ""R2"": 0.8145659364358335}"
