ref_article,designation,marque,famille,frequency,next_period,avg_forecast,historical_periods,historical_values,avg_sales,max_sales,min_sales,std_sales,trend_pct,data_points,sma_forecast,es_forecast,lr_forecast,arima_forecast,prophet_forecast,xgb_forecast,sma_metrics,es_metrics,lr_metrics,arima_metrics,prophet_metrics,xgb_metrics
PA0614,CADIVEU ESSENTIALS-HAIR REMEDY MASK 200ML,CADIVEU,SOINS CAPILLAIRES,monthly,2025-09,490.3618760828637,"[""2024-07"", ""2024-08"", ""2024-11"", ""2024-12"", ""2025-04"", ""2025-05"", ""2025-06"", ""2025-07"", ""2025-08""]","[4852.7210000000005, 374.184, 1169.34, 1052.406, 678.217, 724.99, 2876.58, 215.35400000000004, 236.795]",1353.3985555555557,4852.7210000000005,215.35400000000004,1454.5480724435884,-95.12036649129426,9,1109.5763333333334,803.1704712605987,377.74127902842883,224.19870287482172,0.0,427.4844699999995,"{""MAE"": 968.8716666666668, ""MSE"": 1339006.129979519, ""RMSE"": 1157.154324184773, ""MAPE"": 205.80019007992067, ""R2"": -0.6416519081624552}","{""MAE"": 1935.9440857997624, ""MSE"": 4807172.9056664435, ""RMSE"": 2192.526603183287, ""MAPE"": 408.25462108131313, ""R2"": -6.303685857739708}","{""MAE"": 1005.9284577409142, ""MSE"": 1683885.5262093572, ""RMSE"": 1297.6461483044434, ""MAPE"": 128.973101541359, ""R2"": 0.20410384667088666}","{""MAE"": 1668.3140321959152, ""MSE"": 4596892.6993245445, ""RMSE"": 2144.03654337433, ""MAPE"": 261.5887658274938, ""R2"": -1.1727422438835133}","{""MAE"": 0.021214900861404356, ""MSE"": 0.0008001656577563465, ""RMSE"": 0.02828719953894953, ""MAPE"": 0.003348171604216178, ""R2"": 0.9999999996217981}","{""MAE"": 557.0352022222226, ""MSE"": 654473.3225009062, ""RMSE"": 808.9952549310201, ""MAPE"": 96.00896858727404, ""R2"": 0.6906602071652743}"
