ref_article,designation,marque,famille,frequency,next_period,avg_forecast,historical_periods,historical_values,avg_sales,max_sales,min_sales,std_sales,trend_pct,data_points,sma_forecast,es_forecast,lr_forecast,arima_forecast,prophet_forecast,xgb_forecast,sma_metrics,es_metrics,lr_metrics,arima_metrics,prophet_metrics,xgb_metrics
PA0607,BRASIL CACAU - BOTOX VEGAN 1L,CADIVEU,LISSAGE,monthly,2025-09,47845.77904230676,"[""2023-06"", ""2023-08"", ""2023-09"", ""2023-10"", ""2023-11"", ""2023-12"", ""2024-01"", ""2024-02"", ""2024-03"", ""2024-04"", ""2024-05"", ""2024-06"", ""2024-07"", ""2024-08"", ""2024-09"", ""2024-10"", ""2024-11"", ""2024-12"", ""2025-01"", ""2025-02"", ""2025-03"", ""2025-04"", ""2025-05"", ""2025-06"", ""2025-07"", ""2025-08""]","[9238.374, 15658.25, 310620.56, 57178.35800000001, 35116.744999999995, 58605.688, 8811.083, 4739.2880000000005, 11268.989, 4454.511, 32507.192, 37623.552, 31017.41, 39221.934, 53128.044, 47066.319, -1457.629, -1630.7800000000002, -4457.7519999999995, 17156.466, 9245.542000000001, -16939.754, 14844.355, 8212.034, 40693.714, 36878.74]",33030.81665384616,310620.56,-16939.754,59043.2124819522,299.19080998452756,26,28594.82933333333,27304.516588018436,0.0,38528.39880600225,156761.2662764865,35885.66325000007,"{""MAE"": 26759.949594202895, ""MSE"": 1233546897.6230896, ""RMSE"": 35121.88630502481, ""MAPE"": 366.7539313055981, ""R2"": -1.7587049597882993}","{""MAE"": 33437.13948528909, ""MSE"": 4324296314.771968, ""RMSE"": 65759.3819524786, ""MAPE"": 348.89275979536137, ""R2"": -0.20052778274675775}","{""MAE"": 30109.586846495724, ""MSE"": 3123839934.9195857, ""RMSE"": 55891.322536862426, ""MAPE"": 302.4105485092147, ""R2"": 0.10391581066775846}","{""MAE"": 35636.20034937195, ""MSE"": 5060839278.7969265, ""RMSE"": 71139.57603751183, ""MAPE"": 295.86026655023403, ""R2"": -0.45171908835279306}","{""MAE"": 1.1448500074423185, ""MSE"": 1.6987516514031082, ""RMSE"": 1.3033616732906903, ""MAPE"": 0.01519967210647613, ""R2"": 0.9999999995127072}","{""MAE"": 16959.328545769225, ""MSE"": 1142220031.1102207, ""RMSE"": 33796.74586569276, ""MAPE"": 118.09990647088755, ""R2"": 0.6723502701994885}"
