ref_article,designation,marque,famille,frequency,next_period,avg_forecast,historical_periods,historical_values,avg_sales,max_sales,min_sales,std_sales,trend_pct,data_points,sma_forecast,es_forecast,lr_forecast,arima_forecast,prophet_forecast,xgb_forecast,sma_metrics,es_metrics,lr_metrics,arima_metrics,prophet_metrics,xgb_metrics
PA0613,CADIVEU ESSENTIALS - HAIR REMEDY -CONDITIONNER 250 ML,CADIVEU,SOINS CAPILLAIRES,monthly,2025-09,3267.0643570081666,"[""2025-04"", ""2025-05"", ""2025-06"", ""2025-07"", ""2025-08""]","[-395.7270000000001, 985.565, 1293.554, 55.064, -261.324]",335.4264,1293.554,-395.7270000000001,679.7040689384169,-33.96356579156844,5,362.4313333333334,12.406284659999997,136.91790000000037,0.0,19090.630624055666,0.0,"{""MAE"": 806.0591666666667, ""MSE"": 704172.3246680555, ""RMSE"": 839.1497629553711, ""MAPE"": 718.930532674776, ""R2"": -27.138370093420587}","{""MAE"": 890.2208135000001, ""MSE"": 991288.145493151, ""RMSE"": 995.6345441441608, ""MAPE"": 270.2392869060752, ""R2"": -1.4151892251749834}","{""MAE"": 616.8386799999995, ""MSE"": 453240.8158709396, ""RMSE"": 673.2316212648806, ""MAPE"": 183.6458918862644, ""R2"": 0.018954221961715145}","{""MAE"": 703.3373726152784, ""MSE"": 756993.7590933117, ""RMSE"": 870.0538828677863, ""MAPE"": 526.8163891474708, ""R2"": -0.6385230662264372}","{""MAE"": 0.010980991974103915, ""MSE"": 0.0001796929090395771, ""RMSE"": 0.013404958375152721, ""MAPE"": 0.005713343994979859, ""R2"": 0.9999999996110523}","{""MAE"": 290.31695399999944, ""MSE"": 92379.33920759027, ""RMSE"": 303.93969666298983, ""MAPE"": 161.1570296551171, ""R2"": 0.8000436908281899}"
