ref_article,designation,marque,famille,frequency,next_period,avg_forecast,historical_periods,historical_values,avg_sales,max_sales,min_sales,std_sales,trend_pct,data_points,sma_forecast,es_forecast,lr_forecast,arima_forecast,prophet_forecast,xgb_forecast,sma_metrics,es_metrics,lr_metrics,arima_metrics,prophet_metrics,xgb_metrics
RBGDE50,RB GEL DOUCHE ENERGISANT 550ML-6192488205894,RENEE BLANCHE,MASS MARKET,monthly,2024-09,24.62272494615718,"[""2022-08"", ""2022-09"", ""2022-10"", ""2022-11"", ""2022-12"", ""2023-01"", ""2023-02"", ""2023-03"", ""2023-04"", ""2023-05"", ""2023-06"", ""2023-07"", ""2023-08"", ""2023-09"", ""2024-08""]","[10803.195000000002, 2421.36, 5597.802, 403.561, 93.138, 1745.6019999999999, 3766.287, 2277.093, 2952.281, 5375.512, 2481.082, 227.433, -29.426, -239.458, -359.334]",2501.0751999999998,10803.195000000002,-359.334,2905.9981891174034,-103.32618267095985,15,-209.40600000000003,357.1423496769431,0.0,0.0,0.0,0.0,"{""MAE"": 1971.910027777778, ""MSE"": 6524834.559677807, ""RMSE"": 2554.3755713829178, ""MAPE"": 1324.4242273496036, ""R2"": -1.089383277244408}","{""MAE"": 2838.151729996265, ""MSE"": 13541912.234236298, ""RMSE"": 3679.933726881002, ""MAPE"": 1353.2252303438347, ""R2"": -2.5890298295908427}","{""MAE"": 1938.9890206060602, ""MSE"": 5973810.986300555, ""RMSE"": 2444.138086586058, ""MAPE"": 738.8805116045191, ""R2"": 0.29260693381092295}","{""MAE"": 2476.2897545509873, ""MSE"": 12588569.531712012, ""RMSE"": 3548.037419716992, ""MAPE"": 777.0377020731956, ""R2"": -0.49068439232404604}","{""MAE"": 0.08412455227723517, ""MSE"": 0.011272062784930346, ""RMSE"": 0.10616997120151415, ""MAPE"": 0.058641345024459286, ""R2"": 0.9999999986652107}","{""MAE"": 795.369024666666, ""MSE"": 1485450.5676570465, ""RMSE"": 1218.7906168235158, ""MAPE"": 110.40012583336669, ""R2"": 0.8240993171466313}"
