ref_article,designation,marque,famille,frequency,next_period,avg_forecast,historical_periods,historical_values,avg_sales,max_sales,min_sales,std_sales,trend_pct,data_points,sma_forecast,es_forecast,lr_forecast,arima_forecast,prophet_forecast,xgb_forecast,sma_metrics,es_metrics,lr_metrics,arima_metrics,prophet_metrics,xgb_metrics
RBGDS550,RB GEL DOUCHE SENSUEL 550ML-6192488205856,RENEE BLANCHE,MASS MARKET,monthly,2024-09,74.70493932218623,"[""2022-08"", ""2022-09"", ""2022-10"", ""2022-11"", ""2022-12"", ""2023-01"", ""2023-02"", ""2023-03"", ""2023-04"", ""2023-05"", ""2023-06"", ""2023-07"", ""2023-11"", ""2024-03"", ""2024-08""]","[10248.300000000001, 2976.255, 6228.365000000001, 353.116, 93.138, 1745.6019999999999, 4213.84, 3131.797, 3408.127, 6909.707, 2543.3289999999997, 330.538, 90.744, 177.837, -417.038]",2802.2437999999997,10248.300000000001,-417.038,2964.0710058251357,-104.0693383292839,15,-49.48566666666667,497.7153025997841,0.0,0.0,0.0,0.0,"{""MAE"": 2374.7930277777773, ""MSE"": 8538827.437013492, ""RMSE"": 2922.1272109566844, ""MAPE"": 886.0431545998731, ""R2"": -0.8833840020634927}","{""MAE"": 2884.2013495746246, ""MSE"": 13106726.460887792, ""RMSE"": 3620.3213201161843, ""MAPE"": 984.4734878480713, ""R2"": -1.5350894910470894}","{""MAE"": 1851.40078589797, ""MSE"": 6083656.61923259, ""RMSE"": 2466.506967197253, ""MAPE"": 490.4946604235519, ""R2"": 0.30755148733058446}","{""MAE"": 2569.8537601285816, ""MSE"": 13042264.665738039, ""RMSE"": 3611.4075740267863, ""MAPE"": 537.6225067758454, ""R2"": -0.4844849627246688}","{""MAE"": 0.08488564355447654, ""MSE"": 0.010470572865392486, ""RMSE"": 0.10232581719875238, ""MAPE"": 0.017552115393622798, ""R2"": 0.9999999988082279}","{""MAE"": 852.9165293333332, ""MSE"": 1394943.7772039005, ""RMSE"": 1181.07737985447, ""MAPE"": 107.3144946661003, ""R2"": 0.841225959281025}"
