ref_article,designation,marque,famille,frequency,next_period,avg_forecast,historical_periods,historical_values,avg_sales,max_sales,min_sales,std_sales,trend_pct,data_points,sma_forecast,es_forecast,lr_forecast,arima_forecast,prophet_forecast,xgb_forecast,sma_metrics,es_metrics,lr_metrics,arima_metrics,prophet_metrics,xgb_metrics
RBKTFC,KERA/THER RB CONDIT FORTIFIANT 250ML-6192488205825,RENEE BLANCHE,MASS MARKET,monthly,2025-09,532.4000815481048,"[""2022-08"", ""2022-09"", ""2022-10"", ""2022-11"", ""2022-12"", ""2023-01"", ""2023-02"", ""2023-03"", ""2023-04"", ""2023-05"", ""2023-06"", ""2023-07"", ""2023-08"", ""2023-09"", ""2023-10"", ""2023-11"", ""2023-12"", ""2024-01"", ""2024-02"", ""2024-03"", ""2024-04"", ""2024-05"", ""2024-06"", ""2024-07"", ""2024-08"", ""2024-09"", ""2024-10"", ""2024-11"", ""2024-12"", ""2025-01"", ""2025-02"", ""2025-03"", ""2025-04"", ""2025-05"", ""2025-06"", ""2025-07"", ""2025-08""]","[7153.273999999999, 1564.368, 3570.652, 260.178, -57.36, 323.30199999999996, 860.423, 158.91900000000004, 1186.273, 615.905, 241.83100000000002, 1465.952, 906.206, 72.456, 1367.357, 199.799, 161.91300000000007, 176.62100000000004, 213.623, 671.0780000000001, 490.65600000000006, 287.29200000000003, 632.652, 10.952, 500.547, 334.296, 498.372, 445.185, -34.626000000000005, -10.952, 803.979, 258.069, 97.25399999999999, 167.723, 528.747, 1600.162, 386.39300000000003]",759.7154324324325,7153.273999999999,-57.36,1257.5107720478395,-94.59837551308674,37,838.4340000000001,543.9021771853935,0.0,1213.7392021032365,0.0,598.3251099999989,"{""MAE"": 538.7079215686274, ""MSE"": 765616.2697486797, ""RMSE"": 874.9950112707385, ""MAPE"": 495.376074836142, ""R2"": -3.2420890145648924}","{""MAE"": 857.5039785583128, ""MSE"": 2302571.9539774973, ""RMSE"": 1517.422800005818, ""MAPE"": 607.3727183002404, ""R2"": -4.024934213052252}","{""MAE"": 657.0105864698268, ""MSE"": 1334269.4343401068, ""RMSE"": 1155.1058108849193, ""MAPE"": 437.9462692071884, ""R2"": 0.1562377146822589}","{""MAE"": 795.7564551295544, ""MSE"": 2185356.4998509376, ""RMSE"": 1478.2951328645229, ""MAPE"": 483.2492634437805, ""R2"": -0.3819707977198472}","{""MAE"": 591.8834507190904, ""MSE"": 798987.7533071231, ""RMSE"": 893.8611487849347, ""MAPE"": 534.0264489670167, ""R2"": 0.4947379327439029}","{""MAE"": 270.7341724324324, ""MSE"": 234958.723038222, ""RMSE"": 484.7254099366176, ""MAPE"": 127.51577206151717, ""R2"": 0.8514173344575513}"
