ref_article,designation,marque,famille,frequency,next_period,avg_forecast,historical_periods,historical_values,avg_sales,max_sales,min_sales,std_sales,trend_pct,data_points,sma_forecast,es_forecast,lr_forecast,arima_forecast,prophet_forecast,xgb_forecast,sma_metrics,es_metrics,lr_metrics,arima_metrics,prophet_metrics,xgb_metrics
RBKTFS,KERA/THER RB SHAMP FORTIFIANT 250ML-6192488205788,RENEE BLANCHE,MASS MARKET,monthly,2025-09,501.571727635929,"[""2022-08"", ""2022-09"", ""2022-10"", ""2022-11"", ""2022-12"", ""2023-01"", ""2023-02"", ""2023-03"", ""2023-04"", ""2023-05"", ""2023-06"", ""2023-07"", ""2023-08"", ""2023-09"", ""2023-10"", ""2023-11"", ""2023-12"", ""2024-01"", ""2024-02"", ""2024-03"", ""2024-04"", ""2024-05"", ""2024-06"", ""2024-07"", ""2024-08"", ""2024-09"", ""2024-10"", ""2024-11"", ""2024-12"", ""2025-01"", ""2025-02"", ""2025-03"", ""2025-04"", ""2025-05"", ""2025-06"", ""2025-07"", ""2025-08""]","[6960.726, 1636.879, 3454.358, 282.387, -55.573, 858.856, 822.5219999999999, 205.35100000000006, 1142.463, 701.6, 226.718, 980.1999999999999, 404.103, 107.431, -160.66900000000004, 214.31099999999998, 608.022, 233.26200000000003, 332.413, 515.071, 218.379, 204.96, 138.60899999999998, 558.89, 207.944, 136.79, 124.82499999999999, 386.648, -21.958999999999982, -5.052, 998.148, 293.647, 135.721, 218.895, 316.224, 2046.24, 26.352]",687.9916756756755,6960.726,-160.66900000000004,1241.5241301064145,-99.62141880028031,37,796.2719999999999,411.57551100413497,0.0,1407.7079948114388,0.0,393.8748600000001,"{""MAE"": 478.8269803921569, ""MSE"": 727936.6344326275, ""RMSE"": 853.1920267047902, ""MAPE"": 442.77448182012904, ""R2"": -2.994062464524624}","{""MAE"": 804.9542809870494, ""MSE"": 2140954.1745238225, ""RMSE"": 1463.199977625691, ""MAPE"": 556.3042053364885, ""R2"": -3.645561185326425}","{""MAE"": 642.9086079991793, ""MSE"": 1301854.636167992, ""RMSE"": 1140.9884469914637, ""MAPE"": 360.7276377870562, ""R2"": 0.1553978856175412}","{""MAE"": 771.1742605119118, ""MSE"": 2081335.562208598, ""RMSE"": 1442.6834587700096, ""MAPE"": 500.76804421686177, ""R2"": -0.3503046866700601}","{""MAE"": 644.0175627521396, ""MSE"": 951026.980989672, ""RMSE"": 975.206122309367, ""MAPE"": 565.8908239805183, ""R2"": 0.38300377272306074}","{""MAE"": 251.80201189189177, ""MSE"": 210736.15901495115, ""RMSE"": 459.0600821406182, ""MAPE"": 134.523421469865, ""R2"": 0.8632810449523198}"
