ref_article,designation,marque,famille,frequency,next_period,avg_forecast,historical_periods,historical_values,avg_sales,max_sales,min_sales,std_sales,trend_pct,data_points,sma_forecast,es_forecast,lr_forecast,arima_forecast,prophet_forecast,xgb_forecast,sma_metrics,es_metrics,lr_metrics,arima_metrics,prophet_metrics,xgb_metrics
RBKTPUC,KERA/THER RB CONDIT PURIFIANT 250ML-6192488205979,RENEE BLANCHE,MASS MARKET,monthly,2025-08,588.4026222987676,"[""2022-08"", ""2022-09"", ""2022-10"", ""2022-11"", ""2022-12"", ""2023-01"", ""2023-02"", ""2023-03"", ""2023-04"", ""2023-05"", ""2023-06"", ""2023-07"", ""2023-08"", ""2023-09"", ""2023-10"", ""2023-11"", ""2023-12"", ""2024-01"", ""2024-02"", ""2024-03"", ""2024-05"", ""2024-06"", ""2024-07"", ""2024-08"", ""2024-09"", ""2024-10"", ""2024-11"", ""2024-12"", ""2025-01"", ""2025-02"", ""2025-03"", ""2025-04"", ""2025-05"", ""2025-06"", ""2025-07""]","[7153.273999999999, 1439.2179999999998, 3544.58, 260.178, -57.36, 312.873, 888.417, 149.97900000000004, 1199.682, 553.33, 365.738, 1335.93, 622.402, 28.982, -442.07, 48.083, -118.287, 224.452, 213.623, 364.254, 225.96, 253.96, 10.952, 59.635999999999996, 398.695, 0.0, 316.387, -63.934999999999995, -10.952, 542.994, 193.67000000000002, 32.855, 62.094, 305.045, 1037.52]",612.9188285714285,7153.273999999999,-442.07,1309.5119903152904,-85.49587223976042,35,468.2196666666667,618.3547759990993,0.0,530.275585138219,1170.5893559886213,742.9763499999991,"{""MAE"": 487.16527083333335, ""MSE"": 738189.7788828124, ""RMSE"": 859.1797127975103, ""MAPE"": 448.7610693718193, ""R2"": -4.079058489724603}","{""MAE"": 832.4907676625522, ""MSE"": 2400960.787483651, ""RMSE"": 1549.50340028141, ""MAPE"": 586.8087275083956, ""R2"": -4.107025107446606}","{""MAE"": 681.6913815774783, ""MSE"": 1395004.747082945, ""RMSE"": 1181.1031907005183, ""MAPE"": 448.1248021021945, ""R2"": 0.18650155552805459}","{""MAE"": 745.8297340495429, ""MSE"": 2221972.5045185266, ""RMSE"": 1490.6282247826005, ""MAPE"": 503.9823940316797, ""R2"": -0.2957455376872484}","{""MAE"": 617.723946176023, ""MSE"": 961639.8450532517, ""RMSE"": 980.6323699803365, ""MAPE"": 617.5796105542374, ""R2"": 0.43921874120579674}","{""MAE"": 242.71430771428598, ""MSE"": 234572.16957792797, ""RMSE"": 484.32651133086654, ""MAPE"": 95.08093685250235, ""R2"": 0.8632089994911625}"
