ref_article,designation,marque,famille,frequency,next_period,avg_forecast,historical_periods,historical_values,avg_sales,max_sales,min_sales,std_sales,trend_pct,data_points,sma_forecast,es_forecast,lr_forecast,arima_forecast,prophet_forecast,xgb_forecast,sma_metrics,es_metrics,lr_metrics,arima_metrics,prophet_metrics,xgb_metrics
RBSA7.34,TEINT RB SANS AMONIAQUE 60ML 7.34,RENEE BLANCHE,COLORATION SANS AMMONIAQUE,monthly,2025-09,70.90072317710921,"[""2022-10"", ""2022-11"", ""2022-12"", ""2023-01"", ""2023-02"", ""2023-03"", ""2023-04"", ""2023-05"", ""2023-06"", ""2023-07"", ""2023-08"", ""2023-09"", ""2023-10"", ""2023-11"", ""2023-12"", ""2024-01"", ""2024-02"", ""2024-03"", ""2024-04"", ""2024-05"", ""2024-06"", ""2024-07"", ""2024-08"", ""2024-09"", ""2024-10"", ""2024-11"", ""2024-12"", ""2025-01"", ""2025-03"", ""2025-04"", ""2025-05"", ""2025-06"", ""2025-07"", ""2025-08""]","[944.2750000000001, 1024.634, 316.934, 626.616, 106.756, 213.513, 102.74000000000001, 122.712, 250.64700000000002, 227.00400000000002, 107.62700000000001, 70.35, 28.14, 69.04400000000001, 3.6199999999999903, 14.771, 99.134, 159.924, 68.93100000000001, 29.542, 59.084, 68.018, 73.855, 118.169, 14.771, 181.00900000000001, 340.395, 26.496, 109.488, 13.248, 91.215, 128.22, 84.059, 117.407]",176.83376470588237,1024.634,3.6199999999999903,234.30782322934516,-87.56643986126923,34,109.89533333333333,107.05212635177968,0.0,100.83487937754234,0.0,107.62199999999989,"{""MAE"": 94.85569892473117, ""MSE"": 19264.897736501793, ""RMSE"": 138.7980465874855, ""MAPE"": 198.92644528117577, ""R2"": -0.35775754313970975}","{""MAE"": 126.55067110982743, ""MSE"": 40098.22810337994, ""RMSE"": 200.2454196813998, ""MAPE"": 250.20025229934788, ""R2"": -0.050365249424392466}","{""MAE"": 145.09495481517345, ""MSE"": 40144.09801018238, ""RMSE"": 200.3599211673392, ""MAPE"": 330.9720701065683, ""R2"": 0.26877989215870324}","{""MAE"": 126.057957281319, ""MSE"": 51335.988740960354, ""RMSE"": 226.57446621576835, ""MAPE"": 165.07748789725633, ""R2"": 0.06492089537587087}","{""MAE"": 120.64210955724339, ""MSE"": 28382.458334022434, ""RMSE"": 168.47094210581963, ""MAPE"": 223.83208110239795, ""R2"": 0.4830168001647247}","{""MAE"": 37.11390647058819, ""MSE"": 3138.193916565893, ""RMSE"": 56.01958511597433, ""MAPE"": 60.38975312452906, ""R2"": 0.9428381603314099}"
