ref_article,designation,marque,famille,frequency,next_period,avg_forecast,historical_periods,historical_values,avg_sales,max_sales,min_sales,std_sales,trend_pct,data_points,sma_forecast,es_forecast,lr_forecast,arima_forecast,prophet_forecast,xgb_forecast,sma_metrics,es_metrics,lr_metrics,arima_metrics,prophet_metrics,xgb_metrics
RBT/33,TEINT RENEE BLANCHE 33 INT JAUNE 60ML,RENEE BLANCHE,COLORATION 60ML,monthly,2025-05,-2.475608638876779,"[""2021-03"", ""2021-04"", ""2021-05"", ""2021-06"", ""2021-07"", ""2021-08"", ""2021-10"", ""2021-12"", ""2022-01"", ""2022-02"", ""2022-03"", ""2022-04"", ""2022-05"", ""2022-07"", ""2022-08"", ""2022-10"", ""2022-11"", ""2023-01"", ""2023-03"", ""2023-04"", ""2023-05"", ""2023-06"", ""2023-07"", ""2023-09"", ""2023-12"", ""2024-03"", ""2024-04"", ""2024-06"", ""2024-07"", ""2024-12"", ""2025-02"", ""2025-03"", ""2025-04""]","[1517.134, 462.223, 451.98, 585.424, 60.58, 39.366, 19.683, 235.978, 0.0, -7.545000000000002, 167.743, 39.366, -775.503, 21.933999999999997, -99.72000000000001, 0.0, 62.013, 23.833, -12.693000000000001, -20.671, 60.114999999999995, 158.477, -21.214, 23.096, 15.398, 43.86, 12.513, 99.066, 36.765, 8.342, 58.952999999999996, 52.89, -87.72]",97.92927272727273,1517.134,-775.503,326.1798992212987,-105.78195465924567,33,8.040999999999997,-22.89465183326067,0.0,0.0,0.0,0.0,"{""MAE"": 136.7158333333333, ""MSE"": 46300.008020662965, ""RMSE"": 215.1743665510903, ""MAPE"": 291.5329018426804, ""R2"": -0.27845010207284915}","{""MAE"": 210.28344265864888, ""MSE"": 126474.91954414871, ""RMSE"": 355.63312492532066, ""MAPE"": 385.62161733471936, ""R2"": -1.8225185365750507}","{""MAE"": 176.29337536725725, ""MSE"": 92028.09020911042, ""RMSE"": 303.3613195664708, ""MAPE"": 341.0881988970982, ""R2"": 0.13502008912035246}","{""MAE"": 216.02904053854286, ""MSE"": 152267.13335449965, ""RMSE"": 390.21421470072005, ""MAPE"": 299.40696730088405, ""R2"": -0.43117184263632513}","{""MAE"": 156.18729871055604, ""MSE"": 57501.26347792677, ""RMSE"": 239.79421068475938, ""MAPE"": 358.5890641612213, ""R2"": 0.45954069409037446}","{""MAE"": 58.60440121212123, ""MSE"": 11133.010122232092, ""RMSE"": 105.51308033714157, ""MAPE"": 73.37228157986677, ""R2"": 0.8953598832544586}"
