ref_article,designation,marque,famille,frequency,next_period,avg_forecast,historical_periods,historical_values,avg_sales,max_sales,min_sales,std_sales,trend_pct,data_points,sma_forecast,es_forecast,lr_forecast,arima_forecast,prophet_forecast,xgb_forecast,sma_metrics,es_metrics,lr_metrics,arima_metrics,prophet_metrics,xgb_metrics
REV150V10,REVELATEUR 10V 150ML,H. ZONE,TRESOR,monthly,2025-09,525.3765913092069,"[""2022-01"", ""2022-02"", ""2022-04"", ""2022-05"", ""2022-06"", ""2022-07"", ""2022-08"", ""2022-09"", ""2022-11"", ""2022-12"", ""2023-01"", ""2023-02"", ""2023-06"", ""2023-07"", ""2023-08"", ""2023-09"", ""2023-10"", ""2023-12"", ""2024-01"", ""2024-02"", ""2024-03"", ""2024-04"", ""2024-05"", ""2024-06"", ""2024-07"", ""2024-08"", ""2024-09"", ""2024-10"", ""2024-11"", ""2024-12"", ""2025-01"", ""2025-02"", ""2025-03"", ""2025-04"", ""2025-05"", ""2025-06"", ""2025-07"", ""2025-08""]","[0.0, 119.686, 119.686, 62.502, 364.377, 1077.171, 487.16499999999996, 254.664, 160.837, 266.854, 119.686, 127.203, 119.686, 598.428, 559.198, 42.998, 109.897, 347.08799999999997, 123.12, 123.12, 994.5360000000001, 656.64, 619.476, 344.28, 292.752, 476.748, 167.352, 123.12, 167.352, 76.0, 747.1560000000001, 129.01, 364.68600000000004, 149.11200000000002, 391.169, 759.24, 299.934, 779.9879999999999]",334.78728947368415,1077.171,0.0,272.24826462661923,0.0,38,613.054,592.7013997121692,429.97396020188626,607.7939949305326,241.20884301065468,667.5273499999994,"{""MAE"": 241.96750476190473, ""MSE"": 104638.48743851429, ""RMSE"": 323.4787279536543, ""MAPE"": 102.78616693765794, ""R2"": -0.411207636170527}","{""MAE"": 227.05903756283692, ""MSE"": 88591.83841727885, ""RMSE"": 297.6438113203076, ""MAPE"": 100.12137336303162, ""R2"": -0.21340053549193128}","{""MAE"": 213.48705850614445, ""MSE"": 70731.04456776688, ""RMSE"": 265.9530871559247, ""MAPE"": 111.28319627339872, ""R2"": 0.04571118942726193}","{""MAE"": 232.41679964654003, ""MSE"": 99521.2993599422, ""RMSE"": 315.46996586036875, ""MAPE"": 107.70998633479245, ""R2"": -0.34272104948005744}","{""MAE"": 130.83620262422855, ""MSE"": 30532.73850696894, ""RMSE"": 174.73619689969487, ""MAPE"": 49.59097831103593, ""R2"": 0.5880585266144649}","{""MAE"": 79.5336210526316, ""MSE"": 11281.830615567114, ""RMSE"": 106.21596215055021, ""MAPE"": 41.10039427060108, ""R2"": 0.8477878449978538}"
