ref_article,designation,marque,famille,frequency,next_period,avg_forecast,historical_periods,historical_values,avg_sales,max_sales,min_sales,std_sales,trend_pct,data_points,sma_forecast,es_forecast,lr_forecast,arima_forecast,prophet_forecast,xgb_forecast,sma_metrics,es_metrics,lr_metrics,arima_metrics,prophet_metrics,xgb_metrics
REV1LV10,REVELATEUR 10V 1000ML,H. ZONE,TRESOR,monthly,2025-09,369.20902122666627,"[""2021-10"", ""2021-11"", ""2022-01"", ""2022-02"", ""2022-12"", ""2023-01"", ""2023-02"", ""2023-06"", ""2023-08"", ""2023-09"", ""2023-11"", ""2023-12"", ""2024-02"", ""2024-03"", ""2024-04"", ""2024-05"", ""2024-07"", ""2024-08"", ""2024-09"", ""2024-10"", ""2024-11"", ""2024-12"", ""2025-01"", ""2025-03"", ""2025-04"", ""2025-05"", ""2025-06"", ""2025-07"", ""2025-08""]","[18.668, 91.60600000000001, 34.641, 43.558, 65.433, 6.415, 138.564, 37.335, 5.774, -5.774, 147.032, 207.846, 71.388, -71.388, 71.388, 108.668, 71.388, 71.388, 214.16400000000002, 180.056, 71.388, 26.176000000000002, 71.388, 187.195, 219.716, 214.16400000000002, 71.388, 109.858, 648.838]",107.87106896551725,648.838,-71.388,125.6683187968894,3375.6695950289263,29,276.69466666666665,394.37006787884627,187.59765913315914,662.456620763243,230.37068291808185,463.7644300000005,"{""MAE"": 93.95293589743589, ""MSE"": 18829.534177200854, ""RMSE"": 137.22074980556278, ""MAPE"": 185.37888129471415, ""R2"": -0.10469375124721703}","{""MAE"": 79.6108695679757, ""MSE"": 15548.264205997888, ""RMSE"": 124.6926790393, ""MAPE"": 147.22669540493655, ""R2"": 0.03199722742226141}","{""MAE"": 77.51016563451046, ""MSE"": 12707.379792351807, ""RMSE"": 112.7270144745784, ""MAPE"": 210.10162133697384, ""R2"": 0.195354846251939}","{""MAE"": 85.41416512041101, ""MSE"": 17075.056010824006, ""RMSE"": 130.67155777300584, ""MAPE"": 140.52745826759784, ""R2"": -0.08121117756750662}","{""MAE"": 54.79969979942607, ""MSE"": 7810.774104543677, ""RMSE"": 88.37858397000755, ""MAPE"": 130.56166611348212, ""R2"": 0.5054132611960953}","{""MAE"": 25.71617310344825, ""MSE"": 1796.621003217331, ""RMSE"": 42.38656630605186, ""MAPE"": 52.6865860781894, ""R2"": 0.8862359977443269}"
