ref_article,designation,marque,famille,frequency,next_period,avg_forecast,historical_periods,historical_values,avg_sales,max_sales,min_sales,std_sales,trend_pct,data_points,sma_forecast,es_forecast,lr_forecast,arima_forecast,prophet_forecast,xgb_forecast,sma_metrics,es_metrics,lr_metrics,arima_metrics,prophet_metrics,xgb_metrics
TRBSA8.1,TEINT RB SANS AMONIAQUE 60ML 8.1,RENEE BLANCHE,COLORATION SANS AMMONIAQUE,monthly,2025-09,400.7964733935184,"[""2022-10"", ""2022-11"", ""2022-12"", ""2023-01"", ""2023-02"", ""2023-03"", ""2023-04"", ""2023-05"", ""2023-06"", ""2023-07"", ""2023-08"", ""2023-09"", ""2023-10"", ""2023-11"", ""2023-12"", ""2024-01"", ""2024-02"", ""2024-03"", ""2024-04"", ""2024-05"", ""2024-06"", ""2024-07"", ""2024-08"", ""2024-09"", ""2024-10"", ""2024-11"", ""2024-12"", ""2025-01"", ""2025-02"", ""2025-03"", ""2025-04"", ""2025-05"", ""2025-06"", ""2025-07"", ""2025-08""]","[4172.508, 1545.8, 1426.857, 126.629, 413.684, 668.3910000000001, 665.824, 419.96900000000005, 1094.695, 1482.122, 1114.708, 399.904, 122.56800000000001, 364.077, 511.924, 361.452, 759.2669999999999, 2676.868, 265.422, 845.103, 524.907, 323.442, 481.613, 500.492, 251.149, 620.0830000000001, 1004.0799999999999, 172.228, 158.981, 469.633, 235.273, 674.143, 514.168, 650.845, 488.81899999999996]",757.3608,4172.508,122.56800000000001,772.9011647669098,-88.28476781830017,35,551.2773333333333,508.55896461689593,219.21427058823247,562.3159353884807,33.62143643416704,529.7909000000009,"{""MAE"": 450.7910833333333, ""MSE"": 479575.9403686736, ""RMSE"": 692.5142167267569, ""MAPE"": 148.98371076598445, ""R2"": -1.0646392637281727}","{""MAE"": 613.4580693732837, ""MSE"": 886082.6755402082, ""RMSE"": 941.3196457846868, ""MAPE"": 171.42099768895898, ""R2"": -2.3843121494510906}","{""MAE"": 459.8775781512602, ""MSE"": 506205.30899795773, ""RMSE"": 711.4810672097732, ""MAPE"": 107.82085062826059, ""R2"": 0.15261890228952524}","{""MAE"": 605.6670381008034, ""MSE"": 1008228.274241216, ""RMSE"": 1004.105708698649, ""MAPE"": 126.97889983009236, ""R2"": -0.687761006419445}","{""MAE"": 359.90347990382594, ""MSE"": 325107.7887003357, ""RMSE"": 570.1822416564162, ""MAPE"": 108.60234677516783, ""R2"": 0.4557737938220101}","{""MAE"": 168.3403059999999, ""MSE"": 81695.8179971703, ""RMSE"": 285.82480297757627, ""MAPE"": 35.413382870515, ""R2"": 0.8632422641520011}"
