ref_article,designation,marque,famille,frequency,next_period,avg_forecast,historical_periods,historical_values,avg_sales,max_sales,min_sales,std_sales,trend_pct,data_points,sma_forecast,es_forecast,lr_forecast,arima_forecast,prophet_forecast,xgb_forecast,sma_metrics,es_metrics,lr_metrics,arima_metrics,prophet_metrics,xgb_metrics
TRBSA9.21,TEINT RB SANS AMONIAQUE 60ML 9.21,RENEE BLANCHE,COLORATION SANS AMMONIAQUE,monthly,2025-09,43.310384158740504,"[""2022-10"", ""2022-11"", ""2022-12"", ""2023-01"", ""2023-02"", ""2023-03"", ""2023-04"", ""2023-05"", ""2023-06"", ""2023-07"", ""2023-08"", ""2023-09"", ""2023-10"", ""2023-11"", ""2023-12"", ""2024-01"", ""2024-02"", ""2024-03"", ""2024-04"", ""2024-05"", ""2024-06"", ""2024-07"", ""2024-08"", ""2024-09"", ""2024-10"", ""2024-11"", ""2024-12"", ""2025-01"", ""2025-02"", ""2025-03"", ""2025-04"", ""2025-05"", ""2025-06"", ""2025-07"", ""2025-08""]","[946.306, 837.5189999999999, 314.468, 369.587, 134.89600000000002, 106.756, -22.626000000000005, 66.43299999999999, 92.832, 211.193, 28.14, 14.07, 14.07, 70.349, -33.566, 82.231, 54.821, 142.594, 59.085, 242.582, 14.771, 139.133, 73.855, 14.771, 56.952, 69.592, 127.763, 26.497, 13.248, 119.235, 77.359, 52.992999999999995, 24.365, 126.393, 48.73]",134.78277142857144,946.306,-33.566,205.39326068441562,-94.85050290286652,35,66.496,62.118814141434584,0.0,66.71995081100856,0.0,64.52753999999987,"{""MAE"": 89.18882291666667, ""MSE"": 15090.471918100693, ""RMSE"": 122.84328194126324, ""MAPE"": 201.39095073899873, ""R2"": -1.3886955556167675}","{""MAE"": 121.62140793348011, ""MSE"": 35796.804453847646, ""RMSE"": 189.2004346026923, ""MAPE"": 239.14449776732084, ""R2"": -0.5240616855568119}","{""MAE"": 119.73870463385359, ""MSE"": 32047.927585491092, ""RMSE"": 179.0193497516151, ""MAPE"": 236.8309741933428, ""R2"": 0.24032545994780463}","{""MAE"": 115.48692809266588, ""MSE"": 42218.01897186128, ""RMSE"": 205.47023865236855, ""MAPE"": 174.70198863559366, ""R2"": -0.0007497071006663525}","{""MAE"": 107.24443601070642, ""MSE"": 23712.20053276111, ""RMSE"": 153.9876635732912, ""MAPE"": 217.7574529079279, ""R2"": 0.4379182558592053}","{""MAE"": 31.12380914285721, ""MSE"": 1736.8871602229854, ""RMSE"": 41.67597821554985, ""MAPE"": 54.221465802752064, ""R2"": 0.958828259610699}"
