ref_article,designation,marque,famille,frequency,next_period,avg_forecast,historical_periods,historical_values,avg_sales,max_sales,min_sales,std_sales,trend_pct,data_points,sma_forecast,es_forecast,lr_forecast,arima_forecast,prophet_forecast,xgb_forecast,sma_metrics,es_metrics,lr_metrics,arima_metrics,prophet_metrics,xgb_metrics
TRBSA8.00,TEINT RB SANS AMONIAQUE 60ML 8.00,RENEE BLANCHE,COLORATION SANS AMMONIAQUE,monthly,2025-09,318.51635391410264,"[""2022-10"", ""2022-11"", ""2022-12"", ""2023-01"", ""2023-02"", ""2023-03"", ""2023-04"", ""2023-05"", ""2023-06"", ""2023-07"", ""2023-08"", ""2023-09"", ""2023-10"", ""2023-11"", ""2023-12"", ""2024-01"", ""2024-02"", ""2024-03"", ""2024-04"", ""2024-05"", ""2024-06"", ""2024-07"", ""2024-08"", ""2024-09"", ""2024-10"", ""2024-11"", ""2024-12"", ""2025-01"", ""2025-02"", ""2025-03"", ""2025-04"", ""2025-05"", ""2025-06"", ""2025-07"", ""2025-08""]","[2021.126, 1253.959, 850.5740000000001, 682.896, 217.575, 481.276, 227.584, 262.54200000000003, 586.292, 837.325, 345.074, 140.699, 255.144, 223.37800000000001, 572.185, 158.21800000000002, 470.391, 1114.961, 187.303, 619.423, 233.749, 141.873, 383.896, 373.186, 118.168, 220.754, 737.226, 79.491, 235.72899999999998, 573.334, 299.993, 387.444, 351.12600000000003, 255.375, 515.314]",468.98808571428566,2021.126,79.491,383.04505578679243,-74.50361828010722,35,373.93833333333333,423.44859193062484,183.63610756302478,418.8013885965299,76.87508206110377,434.39861999999937,"{""MAE"": 242.59252083333334, ""MSE"": 99814.08312723611, ""RMSE"": 315.93366887249624, ""MAPE"": 87.03268979752801, ""R2"": -0.8426234440687084}","{""MAE"": 317.6136679050224, ""MSE"": 173549.56589920766, ""RMSE"": 416.5928058658811, ""MAPE"": 105.83921027182848, ""R2"": -1.222200691675892}","{""MAE"": 253.81682396158476, ""MSE"": 121089.48190359151, ""RMSE"": 347.97914004088165, ""MAPE"": 83.28563162805175, ""R2"": 0.17470977914189723}","{""MAE"": 326.02579742813646, ""MSE"": 236105.9949631943, ""RMSE"": 485.9073934024819, ""MAPE"": 95.32698560308333, ""R2"": -0.6091898789709602}","{""MAE"": 183.6937933818548, ""MSE"": 76033.41128798059, ""RMSE"": 275.7415661230287, ""MAPE"": 57.221375171235124, ""R2"": 0.4817912356383506}","{""MAE"": 92.90489828571427, ""MSE"": 14425.523321900711, ""RMSE"": 120.10630009246272, ""MAPE"": 29.900361772176744, ""R2"": 0.9016822671864777}"
