ref_article,designation,marque,famille,frequency,next_period,avg_forecast,historical_periods,historical_values,avg_sales,max_sales,min_sales,std_sales,trend_pct,data_points,sma_forecast,es_forecast,lr_forecast,arima_forecast,prophet_forecast,xgb_forecast,sma_metrics,es_metrics,lr_metrics,arima_metrics,prophet_metrics,xgb_metrics
TRBSA5.3,TEINT RB SANS AMONIAQUE 60ML 5.3,RENEE BLANCHE,COLORATION SANS AMMONIAQUE,monthly,2025-09,49.31840057326472,"[""2022-10"", ""2022-11"", ""2022-12"", ""2023-02"", ""2023-03"", ""2023-04"", ""2023-05"", ""2023-06"", ""2023-07"", ""2023-08"", ""2023-09"", ""2023-10"", ""2023-11"", ""2023-12"", ""2024-01"", ""2024-02"", ""2024-03"", ""2024-04"", ""2024-05"", ""2024-06"", ""2024-07"", ""2024-08"", ""2024-09"", ""2024-10"", ""2024-11"", ""2024-12"", ""2025-01"", ""2025-02"", ""2025-03"", ""2025-04"", ""2025-05"", ""2025-06"", ""2025-07"", ""2025-08""]","[1170.4080000000001, 1038.414, 421.37, 161.29500000000002, 294.161, 99.07000000000002, 108.643, 192.143, 418.18, 97.619, 138.668, 42.21, 126.629, 37.59299999999999, 14.771, 69.592, 335.806, 99.134, 147.711, 59.084, 58.17100000000001, 14.771, 9.847, 44.313, 121.925, 395.877, 66.24199999999999, 26.496, 78.576, 138.879, 39.745, 26.497, 50.861999999999995, 90.911]",183.4003823529412,1170.4080000000001,9.847,257.2444394961857,-92.2325377133444,34,56.089999999999996,77.85686732029635,0.0,89.78426611929193,0.0,72.17927000000006,"{""MAE"": 123.88305376344086, ""MSE"": 34550.60372535485, ""RMSE"": 185.8779269449572, ""MAPE"": 160.80133223808355, ""R2"": -2.0732097864817916}","{""MAE"": 162.3144223777446, ""MSE"": 59907.648263974654, ""RMSE"": 244.76038949138533, ""MAPE"": 194.2933539851199, ""R2"": -0.5863398550095924}","{""MAE"": 151.13261878736827, ""MSE"": 46122.16727531384, ""RMSE"": 214.76072097875308, ""MAPE"": 205.20957773490971, ""R2"": 0.3030241750379803}","{""MAE"": 154.4741318841891, ""MSE"": 71501.41812439058, ""RMSE"": 267.39749087153115, ""MAPE"": 121.28658965995645, ""R2"": -0.0804947561489524}","{""MAE"": 121.11877617093893, ""MSE"": 32863.3164775401, ""RMSE"": 181.28242186582818, ""MAPE"": 176.01791186975794, ""R2"": 0.5033854984264594}","{""MAE"": 39.405302058823516, ""MSE"": 3200.9767378490283, ""RMSE"": 56.57717506069942, ""MAPE"": 37.16837876237201, ""R2"": 0.9516283918483451}"
