ref_article,designation,marque,famille,frequency,next_period,avg_forecast,historical_periods,historical_values,avg_sales,max_sales,min_sales,std_sales,trend_pct,data_points,sma_forecast,es_forecast,lr_forecast,arima_forecast,prophet_forecast,xgb_forecast,sma_metrics,es_metrics,lr_metrics,arima_metrics,prophet_metrics,xgb_metrics
TRBSA8.13,TEINT RB SANS AMONIAQUE 60ML 8.13,RENEE BLANCHE,COLORATION SANS AMMONIAQUE,monthly,2025-09,192.80296390394764,"[""2022-10"", ""2022-11"", ""2022-12"", ""2023-01"", ""2023-02"", ""2023-03"", ""2023-04"", ""2023-05"", ""2023-06"", ""2023-07"", ""2023-08"", ""2023-09"", ""2023-10"", ""2023-11"", ""2023-12"", ""2024-01"", ""2024-02"", ""2024-03"", ""2024-04"", ""2024-05"", ""2024-06"", ""2024-07"", ""2024-08"", ""2024-09"", ""2024-10"", ""2024-11"", ""2024-12"", ""2025-01"", ""2025-02"", ""2025-03"", ""2025-04"", ""2025-05"", ""2025-06"", ""2025-07"", ""2025-08""]","[1223.786, 1199.71, 689.423, 28.14, 245.714, 403.23900000000003, 389.46000000000004, 122.713, 260.318, 588.13, 190.306, 138.668, 94.428, 237.448, 27.83699999999999, 156.787, 69.592, 927.901, 107.661, 199.738, 88.626, 157.55700000000002, 132.93900000000002, 213.647, 29.542, 209.638, 490.543, 66.24199999999999, 128.067, 206.797, 251.72, 236.339, 249.585, 261.618, 274.255]",294.2318285714285,1223.786,27.83699999999999,293.7443852187025,-77.58962759828924,35,261.8193333333333,255.8289748388051,82.43889747899084,270.39189090932314,18.44086686323344,267.8978200000001,"{""MAE"": 186.86498958333334, ""MSE"": 82563.16892217708, ""RMSE"": 287.33807426475363, ""MAPE"": 220.20962250464015, ""R2"": -1.5790167553440337}","{""MAE"": 195.83372267177106, ""MSE"": 87856.39533423187, ""RMSE"": 296.40579504158126, ""MAPE"": 221.82383977334808, ""R2"": -0.4020622909982119}","{""MAE"": 202.81213589435757, ""MSE"": 72164.35317654422, ""RMSE"": 268.6342367914861, ""MAPE"": 170.78751439815085, ""R2"": 0.16365863893753085}","{""MAE"": 212.93867910054362, ""MSE"": 120020.24944617484, ""RMSE"": 346.4393878388756, ""MAPE"": 192.09116323317025, ""R2"": -0.390962356875902}","{""MAE"": 158.75305229167694, ""MSE"": 45487.91017641964, ""RMSE"": 213.27894921069833, ""MAPE"": 129.87302388414048, ""R2"": 0.4728225358611057}","{""MAE"": 60.55036028571433, ""MSE"": 8280.211967129795, ""RMSE"": 90.99567004605106, ""MAPE"": 59.64799521077081, ""R2"": 0.9040373336468017}"
