ref_article,designation,marque,famille,frequency,next_period,avg_forecast,historical_periods,historical_values,avg_sales,max_sales,min_sales,std_sales,trend_pct,data_points,sma_forecast,es_forecast,lr_forecast,arima_forecast,prophet_forecast,xgb_forecast,sma_metrics,es_metrics,lr_metrics,arima_metrics,prophet_metrics,xgb_metrics
TRBSA7.14,TEINT RB SANS AMONIAQUE 60ML 7.14,RENEE BLANCHE,COLORATION SANS AMMONIAQUE,monthly,2025-09,69.38900167360289,"[""2022-10"", ""2022-11"", ""2022-12"", ""2023-01"", ""2023-02"", ""2023-03"", ""2023-04"", ""2023-05"", ""2023-06"", ""2023-07"", ""2023-08"", ""2023-09"", ""2023-10"", ""2023-11"", ""2023-12"", ""2024-01"", ""2024-02"", ""2024-03"", ""2024-04"", ""2024-05"", ""2024-06"", ""2024-07"", ""2024-08"", ""2024-09"", ""2024-10"", ""2024-11"", ""2024-12"", ""2025-01"", ""2025-02"", ""2025-03"", ""2025-04"", ""2025-05"", ""2025-06"", ""2025-07"", ""2025-08""]","[1253.087, 1038.994, 421.37, 327.378, 189.435, 399.758, 161.29700000000003, 122.712, 441.34000000000003, 512.461, 120.827, 96.459, 28.14, 54.974000000000004, 101.512, 15.472000000000001, 238.31799999999998, 175.608, 108.321, 162.482, 116.036, 174.512, 162.481, 79.438, 99.134, 285.88, 103.75200000000001, 39.744, 79.489, 194.91799999999998, 25.43, 172.228, 167.964, 260.094, 43.095]",227.83257142857147,1253.087,15.472000000000001,257.94551192144496,-96.56089321810856,35,157.05100000000002,106.78677132698398,0.0,44.59855871463341,0.0,107.89767999999985,"{""MAE"": 129.8754583333333, ""MSE"": 31491.883314611106, ""RMSE"": 177.45952584916682, ""MAPE"": 125.66805589547614, ""R2"": -1.2226413366932203}","{""MAE"": 168.66917470820215, ""MSE"": 59674.66673897649, ""RMSE"": 244.2839878890479, ""MAPE"": 154.66189405673163, ""R2"": -0.6274561059147006}","{""MAE"": 145.51305210084024, ""MSE"": 47263.19235124922, ""RMSE"": 217.40099436582443, ""MAPE"": 148.23514317008528, ""R2"": 0.2896586429258464}","{""MAE"": 162.38951797476128, ""MSE"": 76297.37036022866, ""RMSE"": 276.2197863300684, ""MAPE"": 118.86178342946421, ""R2"": -0.14671004870117788}","{""MAE"": 119.05725597893678, ""MSE"": 32600.32525839362, ""RMSE"": 180.55560157024655, ""MAPE"": 141.8642593466536, ""R2"": 0.5100339580744792}","{""MAE"": 42.031671142857135, ""MSE"": 3178.9430108335273, ""RMSE"": 56.38211605494713, ""MAPE"": 38.31836205340849, ""R2"": 0.9522221293137598}"
