ref_article,designation,marque,famille,frequency,next_period,avg_forecast,historical_periods,historical_values,avg_sales,max_sales,min_sales,std_sales,trend_pct,data_points,sma_forecast,es_forecast,lr_forecast,arima_forecast,prophet_forecast,xgb_forecast,sma_metrics,es_metrics,lr_metrics,arima_metrics,prophet_metrics,xgb_metrics
TRBSA8.14,TEINT RB SANS AMONIAQUE 60ML 8.14,RENEE BLANCHE,COLORATION SANS AMMONIAQUE,monthly,2025-09,52.78870204422458,"[""2022-10"", ""2022-11"", ""2022-12"", ""2023-02"", ""2023-03"", ""2023-04"", ""2023-05"", ""2023-06"", ""2023-07"", ""2023-08"", ""2023-09"", ""2023-10"", ""2023-11"", ""2023-12"", ""2024-02"", ""2024-03"", ""2024-04"", ""2024-05"", ""2024-06"", ""2024-07"", ""2024-08"", ""2024-09"", ""2024-11"", ""2024-12"", ""2025-03"", ""2025-04"", ""2025-05"", ""2025-06"", ""2025-07"", ""2025-08""]","[1183.608, 1010.5640000000001, 459.51800000000003, 106.756, 240.78300000000002, 81.809, 94.57300000000001, 137.315, 393.231, 82.679, 68.319, 14.07, 28.14, -135.552, 128.676, 157.791, 78.779, 83.703, 68.931, 72.02799999999999, 14.771, 59.085, 176.74599999999998, 481.458, 207.253, 52.994, 39.745, 50.861, 88.322, 78.576]",186.85106666666667,1183.608,-135.552,275.1090318234976,-93.36131557069571,30,72.58633333333333,88.47475038798768,0.0,77.51992854402646,0.0,78.15120000000002,"{""MAE"": 141.2529012345679, ""MSE"": 45700.96298297532, ""RMSE"": 213.77783557463417, ""MAPE"": 187.06729818740985, ""R2"": -2.409508689449821}","{""MAE"": 182.73626403514533, ""MSE"": 73415.02061835412, ""RMSE"": 270.9520633218247, ""MAPE"": 207.8619579484322, ""R2"": -0.7131434177760128}","{""MAE"": 175.46223764969412, ""MSE"": 59987.777280219205, ""RMSE"": 244.92402348528248, ""MAPE"": 205.03208367176615, ""R2"": 0.20740181522118795}","{""MAE"": 161.96408528821453, ""MSE"": 79149.59925288116, ""RMSE"": 281.3353857105095, ""MAPE"": 112.18828307001449, ""R2"": -0.04577684885301325}","{""MAE"": 123.21317531152195, ""MSE"": 31061.755544351334, ""RMSE"": 176.24345532345686, ""MAPE"": 218.2450241149264, ""R2"": 0.5895915438658156}","{""MAE"": 41.89828366666676, ""MSE"": 4106.550292351559, ""RMSE"": 64.08237115113296, ""MAPE"": 33.0469614075971, ""R2"": 0.9457415417774777}"
