ref_article,designation,marque,famille,frequency,next_period,avg_forecast,historical_periods,historical_values,avg_sales,max_sales,min_sales,std_sales,trend_pct,data_points,sma_forecast,es_forecast,lr_forecast,arima_forecast,prophet_forecast,xgb_forecast,sma_metrics,es_metrics,lr_metrics,arima_metrics,prophet_metrics,xgb_metrics
TRBSA10.1,TEINT RB SANS AMONIAQUE 60ML 10.1,RENEE BLANCHE,COLORATION SANS AMMONIAQUE,monthly,2025-09,64.77817513542786,"[""2022-10"", ""2022-11"", ""2022-12"", ""2023-01"", ""2023-02"", ""2023-03"", ""2023-04"", ""2023-05"", ""2023-06"", ""2023-07"", ""2023-08"", ""2023-09"", ""2023-10"", ""2023-11"", ""2023-12"", ""2024-01"", ""2024-02"", ""2024-03"", ""2024-04"", ""2024-05"", ""2024-06"", ""2024-07"", ""2024-08"", ""2024-09"", ""2024-10"", ""2024-11"", ""2024-12"", ""2025-01"", ""2025-02"", ""2025-03"", ""2025-04"", ""2025-05"", ""2025-06"", ""2025-07"", ""2025-08""]","[2648.612, 1214.94, 693.0500000000001, 369.587, 272.985, 478.08500000000004, 301.123, 147.952, 161.007, 773.503, 520.875, 134.607, 80.358, 181.169, 325.758, 113.905, 253.088, 1019.322, 252.428, 227.15, 103.398, 57.866, 129.541, 113.905, 59.084, 153.95499999999998, 751.745, 75.227, 64.414, 165.985, 13.248, 217.669, 219.79999999999998, 159.284, 39.745]",356.982,2648.612,13.248,482.55953129068513,-98.49940270602112,35,139.60966666666664,104.44476951944498,0.0,56.07663462645556,0.0,88.53797999999999,"{""MAE"": 238.78682291666667, ""MSE"": 120373.7451063368, ""RMSE"": 346.9491967224262, ""MAPE"": 152.85870063792848, ""R2"": -1.306636432078116}","{""MAE"": 363.4452647983076, ""MSE"": 302611.32981063315, ""RMSE"": 550.1011996084295, ""MAPE"": 194.15245004847287, ""R2"": -2.7492791002661257}","{""MAE"": 264.9219697478993, ""MSE"": 175577.13774899338, ""RMSE"": 419.01925701451165, ""MAPE"": 126.20020991848034, ""R2"": 0.2460089880284807}","{""MAE"": 331.67847635053187, ""MSE"": 351892.6559525289, ""RMSE"": 593.205407892181, ""MAPE"": 142.70435992006819, ""R2"": -0.5111528936432619}","{""MAE"": 223.7554192064281, ""MSE"": 124446.94258558346, ""RMSE"": 352.77038223975586, ""MAPE"": 159.09305224680693, ""R2"": 0.46558032908015334}","{""MAE"": 84.27632914285724, ""MSE"": 20258.757526031502, ""RMSE"": 142.33326219134972, ""MAPE"": 43.69674418305202, ""R2"": 0.9130016511023474}"
