ref_article,designation,marque,famille,frequency,next_period,avg_forecast,historical_periods,historical_values,avg_sales,max_sales,min_sales,std_sales,trend_pct,data_points,sma_forecast,es_forecast,lr_forecast,arima_forecast,prophet_forecast,xgb_forecast,sma_metrics,es_metrics,lr_metrics,arima_metrics,prophet_metrics,xgb_metrics
TRBSA1.0,TEINT RB SANS AMONIAQUE 60ML 1.0,RENEE BLANCHE,COLORATION SANS AMMONIAQUE,monthly,2025-09,490.8614645120656,"[""2022-10"", ""2022-11"", ""2022-12"", ""2023-01"", ""2023-02"", ""2023-03"", ""2023-04"", ""2023-05"", ""2023-06"", ""2023-07"", ""2023-08"", ""2023-09"", ""2023-10"", ""2023-11"", ""2023-12"", ""2024-01"", ""2024-02"", ""2024-03"", ""2024-04"", ""2024-05"", ""2024-06"", ""2024-07"", ""2024-08"", ""2024-09"", ""2024-10"", ""2024-11"", ""2024-12"", ""2025-01"", ""2025-02"", ""2025-03"", ""2025-04"", ""2025-05"", ""2025-06"", ""2025-07"", ""2025-08""]","[3152.227, 1332.2859999999998, 881.905, 753.245, 385.543, 440.807, 430.509, 279.272, 1009.937, 1498.8990000000001, 1291.09, 399.904, 150.708, 490.707, 535.41, 214.441, 609.574, 2658.796, 229.484, 657.392, 585.923, 479.934, 466.279, 415.722, 264.966, 462.625, 840.887, 343.54200000000003, 474.20099999999996, 681.9110000000001, 278.21500000000003, 530.212, 1031.817, 413.13599999999997, 614.906]",722.4689142857142,3152.227,150.708,626.6605183475053,-80.49296576674206,35,686.6196666666666,597.7180138965172,365.48993445378255,537.0243624730149,153.18759958241174,605.1292100000005,"{""MAE"": 409.58409374999997, ""MSE"": 364365.7318334409, ""RMSE"": 603.627146368883, ""MAPE"": 84.7504747650439, ""R2"": -0.6367262257967716}","{""MAE"": 534.431053235213, ""MSE"": 575127.0111952373, ""RMSE"": 758.3712884829154, ""MAPE"": 105.1339830045873, ""R2"": -1.5503672622572768}","{""MAE"": 394.4064761584637, ""MSE"": 352585.29664979747, ""RMSE"": 593.7889327444537, ""MAPE"": 75.42933468803984, ""R2"": 0.1021587999209187}","{""MAE"": 522.785921575045, ""MSE"": 715274.8137222916, ""RMSE"": 845.739211413478, ""MAPE"": 89.49752237194907, ""R2"": -0.8214123028976641}","{""MAE"": 334.70506946889947, ""MSE"": 218842.97049189612, ""RMSE"": 467.8065524251409, ""MAPE"": 75.7311181996055, ""R2"": 0.44272708725436904}","{""MAE"": 145.31575085714258, ""MSE"": 60497.60294538778, ""RMSE"": 245.96260477029384, ""MAPE"": 26.01325896613061, ""R2"": 0.8459458152495085}"
