ref_article,designation,marque,famille,frequency,next_period,avg_forecast,historical_periods,historical_values,avg_sales,max_sales,min_sales,std_sales,trend_pct,data_points,sma_forecast,es_forecast,lr_forecast,arima_forecast,prophet_forecast,xgb_forecast,sma_metrics,es_metrics,lr_metrics,arima_metrics,prophet_metrics,xgb_metrics
TRBSA7.1,TEINT RB SANS AMONIAQUE 60ML 7.1,RENEE BLANCHE,COLORATION SANS AMMONIAQUE,monthly,2025-09,597.7353780027851,"[""2022-10"", ""2022-11"", ""2022-12"", ""2023-01"", ""2023-02"", ""2023-03"", ""2023-04"", ""2023-05"", ""2023-06"", ""2023-07"", ""2023-08"", ""2023-09"", ""2023-10"", ""2023-11"", ""2023-12"", ""2024-01"", ""2024-02"", ""2024-03"", ""2024-04"", ""2024-05"", ""2024-06"", ""2024-07"", ""2024-08"", ""2024-09"", ""2024-10"", ""2024-11"", ""2024-12"", ""2025-01"", ""2025-02"", ""2025-03"", ""2025-04"", ""2025-05"", ""2025-06"", ""2025-07"", ""2025-08""]","[4281.585, 1545.8, 1454.997, 823.594, 469.963, 786.897, 1483.572, 565.986, 853.621, 1584.576, 2155.154, 466.19100000000003, 586.5830000000001, 532.916, 767.8359999999999, 782.566, 1904.262, 1893.373, 495.669, 1352.095, 892.919, 280.04200000000003, 1021.035, 788.9100000000001, 677.188, 708.71, 2020.296, 468.413, 365.472, 957.843, 376.283, 899.364, 692.316, 692.72, 700.792]",1037.9868285714285,4281.585,280.04200000000003,749.0831018812834,-83.63241649996438,35,695.276,711.6561697675986,528.7767260504188,697.3132836434252,254.57589855526714,698.8141900000006,"{""MAE"": 504.5649583333334, ""MSE"": 447202.64713928476, ""RMSE"": 668.7321191174271, ""MAPE"": 70.69903069450044, ""R2"": -0.7572461284554937}","{""MAE"": 663.7045464111915, ""MSE"": 864607.072002811, ""RMSE"": 929.8424984925194, ""MAPE"": 88.38382267677247, ""R2"": -2.337105241849524}","{""MAE"": 483.6379471788712, ""MSE"": 479495.6086229597, ""RMSE"": 692.4562142279898, ""MAPE"": 58.75539207773306, ""R2"": 0.1454752739684989}","{""MAE"": 683.8494529046311, ""MSE"": 1085831.3786385956, ""RMSE"": 1042.0323308989005, ""MAPE"": 78.07541450288151, ""R2"": -0.9350954308262749}","{""MAE"": 282.6945330530509, ""MSE"": 252505.5314647483, ""RMSE"": 502.4992850390419, ""MAPE"": 36.59317657084582, ""R2"": 0.5500016763114506}","{""MAE"": 192.92867714285714, ""MSE"": 81576.18171456887, ""RMSE"": 285.6154437606077, ""MAPE"": 22.858887836111556, ""R2"": 0.8546204322276664}"
