ref_article,designation,marque,famille,frequency,next_period,avg_forecast,historical_periods,historical_values,avg_sales,max_sales,min_sales,std_sales,trend_pct,data_points,sma_forecast,es_forecast,lr_forecast,arima_forecast,prophet_forecast,xgb_forecast,sma_metrics,es_metrics,lr_metrics,arima_metrics,prophet_metrics,xgb_metrics
TRBSA7.3,TEINT RB SANS AMONIAQUE 60ML 7.3,RENEE BLANCHE,COLORATION SANS AMMONIAQUE,monthly,2025-09,101.6822437962744,"[""2022-10"", ""2022-11"", ""2022-12"", ""2023-02"", ""2023-03"", ""2023-04"", ""2023-05"", ""2023-06"", ""2023-07"", ""2023-08"", ""2023-09"", ""2023-10"", ""2023-11"", ""2023-12"", ""2024-01"", ""2024-02"", ""2024-03"", ""2024-04"", ""2024-05"", ""2024-06"", ""2024-07"", ""2024-08"", ""2024-09"", ""2024-10"", ""2024-11"", ""2024-12"", ""2025-01"", ""2025-02"", ""2025-03"", ""2025-04"", ""2025-05"", ""2025-06"", ""2025-07"", ""2025-08""]","[1825.164, 1131.101, 371.473, 189.435, 428.187, 240.78300000000002, 121.843, 242.524, 514.445, 96.74799999999999, 204.95600000000002, 56.28, 195.238, 169.126, 30.243000000000002, 124.413, 409.661, 187.761, 463.996, 118.16900000000001, 112.027, 73.855, 54.160000000000004, 59.084, 233.394, 481.61, 52.992999999999995, 79.489, 126.85, 92.738, 144.665, 89.845, 190.046, 157.152]",266.74864705882356,1825.164,30.243000000000002,340.817705777278,-91.38970525388403,34,145.68099999999998,149.7334137979303,0.0,156.16056897971617,0.0,158.51848000000004,"{""MAE"": 150.04804301075268, ""MSE"": 51756.58595273836, ""RMSE"": 227.50073835646853, ""MAPE"": 113.97868136589295, ""R2"": -1.882981443611499}","{""MAE"": 241.7907388524213, ""MSE"": 139718.6830447982, ""RMSE"": 373.78962404646575, ""MAPE"": 150.57738157914713, ""R2"": -2.186234178135824}","{""MAE"": 200.56891824084119, ""MSE"": 87371.94191838797, ""RMSE"": 295.58745223433954, ""MAPE"": 130.38923447132106, ""R2"": 0.24780976498859364}","{""MAE"": 232.7094712791838, ""MSE"": 161709.26457570546, ""RMSE"": 402.13090477567806, ""MAPE"": 119.84039975671695, ""R2"": -0.392164658974147}","{""MAE"": 155.9569249888366, ""MSE"": 62494.1512772632, ""RMSE"": 249.98830228085313, ""MAPE"": 119.80723482500748, ""R2"": 0.4619841415452165}","{""MAE"": 61.87929558823527, ""MSE"": 8825.802045477087, ""RMSE"": 93.9457399006314, ""MAPE"": 36.380161084803554, ""R2"": 0.9240181462264786}"
