ref_article,designation,marque,famille,frequency,next_period,avg_forecast,historical_periods,historical_values,avg_sales,max_sales,min_sales,std_sales,trend_pct,data_points,sma_forecast,es_forecast,lr_forecast,arima_forecast,prophet_forecast,xgb_forecast,sma_metrics,es_metrics,lr_metrics,arima_metrics,prophet_metrics,xgb_metrics
TRBSA6.3,TEINT RB SANS AMONIAQUE 60ML 6.3,RENEE BLANCHE,COLORATION SANS AMMONIAQUE,monthly,2025-09,72.39305054526731,"[""2022-10"", ""2022-11"", ""2022-12"", ""2023-02"", ""2023-03"", ""2023-04"", ""2023-05"", ""2023-06"", ""2023-07"", ""2023-08"", ""2023-09"", ""2023-10"", ""2023-11"", ""2023-12"", ""2024-01"", ""2024-02"", ""2024-03"", ""2024-04"", ""2024-05"", ""2024-06"", ""2024-07"", ""2024-08"", ""2024-09"", ""2024-10"", ""2024-11"", ""2024-12"", ""2025-01"", ""2025-02"", ""2025-03"", ""2025-04"", ""2025-05"", ""2025-06"", ""2025-07"", ""2025-08""]","[1170.4080000000001, 1145.171, 489.97900000000004, 161.29500000000002, 320.27000000000004, 146.4, 108.643, 277.627, 418.18, 480.40599999999995, 126.629, 28.14, 195.238, -8.488, 29.542, 183.497, 261.95, 73.855, 233.394, 44.313, 72.638, 59.084, 24.618000000000002, 29.542, 218.623, 181.77, 79.49, 13.248, 114.05799999999999, 152.127, 118.77799999999999, 68.373, 152.889, 104.15899999999999]",213.99547058823532,1170.4080000000001,-8.488,266.55339022905355,-91.10062473940712,34,108.47366666666666,109.86443942093698,0.0,101.04008718400037,0.0,114.98010999999983,"{""MAE"": 132.5442258064516, ""MSE"": 38184.671266985664, ""RMSE"": 195.40898461172574, ""MAPE"": 205.76057399276363, ""R2"": -1.9102518863358644}","{""MAE"": 159.60008367975968, ""MSE"": 59331.90867541317, ""RMSE"": 243.581421039071, ""MAPE"": 245.82660561840333, ""R2"": -0.3289752294507846}","{""MAE"": 157.8794843469417, ""MSE"": 47333.372114418824, ""RMSE"": 217.56234075413607, ""MAPE"": 249.29249107678797, ""R2"": 0.33380859643378713}","{""MAE"": 158.7182119972092, ""MSE"": 71277.8250981277, ""RMSE"": 266.97907239730927, ""MAPE"": 182.70841948755773, ""R2"": -0.003196523384899619}","{""MAE"": 129.54973003078942, ""MSE"": 33244.65221242578, ""RMSE"": 182.33116083770702, ""MAPE"": 216.54546086599865, ""R2"": 0.5320996470538814}","{""MAE"": 42.27359999999997, ""MSE"": 3000.9565490991913, ""RMSE"": 54.780987113223794, ""MAPE"": 51.803784595698374, ""R2"": 0.9577631728698112}"
