ref_article,designation,marque,famille,frequency,next_period,avg_forecast,historical_periods,historical_values,avg_sales,max_sales,min_sales,std_sales,trend_pct,data_points,sma_forecast,es_forecast,lr_forecast,arima_forecast,prophet_forecast,xgb_forecast,sma_metrics,es_metrics,lr_metrics,arima_metrics,prophet_metrics,xgb_metrics
TRBSA7.00,TEINT RB SANS AMONIAQUE 60ML 7.00,RENEE BLANCHE,COLORATION SANS AMMONIAQUE,monthly,2025-09,546.6246365714306,"[""2022-10"", ""2022-11"", ""2022-12"", ""2023-01"", ""2023-02"", ""2023-03"", ""2023-04"", ""2023-05"", ""2023-06"", ""2023-07"", ""2023-08"", ""2023-09"", ""2023-10"", ""2023-11"", ""2023-12"", ""2024-01"", ""2024-02"", ""2024-03"", ""2024-04"", ""2024-05"", ""2024-06"", ""2024-07"", ""2024-08"", ""2024-09"", ""2024-10"", ""2024-11"", ""2024-12"", ""2025-01"", ""2025-02"", ""2025-03"", ""2025-04"", ""2025-05"", ""2025-06"", ""2025-07"", ""2025-08""]","[2049.266, 1360.7160000000001, 1007.2280000000001, 56.28, 330.13300000000004, 481.276, 467.786, 361.031, 512.606, 1015.931, 1584.2359999999999, 315.48400000000004, 530.304, 204.957, 827.869, 288.786, 738.2529999999999, 1759.409, 163.852, 485.164, 499.477, 452.068, 434.60400000000004, 605.4630000000001, 300.752, 307.249, 983.96, 326.943, 262.226, 870.584, 550.645, 584.755, 1059.564, 509.682, 533.285]",652.0521142857143,2049.266,56.28,453.06445271353556,-73.97677997878266,35,700.8436666666666,592.512712537921,472.57204705882396,524.2775554354557,407.85462772971533,581.6872100000012,"{""MAE"": 375.8314270833334, ""MSE"": 250151.35169133684, ""RMSE"": 500.15132879093386, ""MAPE"": 152.19830344267743, ""R2"": -0.8132972955568669}","{""MAE"": 410.2758673111848, ""MSE"": 282066.2010322813, ""RMSE"": 531.0990501142713, ""MAPE"": 157.44084569614932, ""R2"": -0.8532836644055715}","{""MAE"": 340.4000680592238, ""MSE"": 195126.2389229845, ""RMSE"": 441.73095762351153, ""MAPE"": 99.56992801467487, ""R2"": 0.049404627685621816}","{""MAE"": 440.1733962493977, ""MSE"": 377259.0847703666, ""RMSE"": 614.2142010490857, ""MAPE"": 133.89998784224971, ""R2"": -0.837890906552113}","{""MAE"": 234.35765757065633, ""MSE"": 92806.61262538897, ""RMSE"": 304.6417775443627, ""MAPE"": 58.951788912723416, ""R2"": 0.5478745607519829}","{""MAE"": 124.40764999999995, ""MSE"": 31315.804274073118, ""RMSE"": 176.96272001207802, ""MAPE"": 39.651946652835704, ""R2"": 0.8474389770051054}"
