ref_article,designation,marque,famille,frequency,next_period,avg_forecast,historical_periods,historical_values,avg_sales,max_sales,min_sales,std_sales,trend_pct,data_points,sma_forecast,es_forecast,lr_forecast,arima_forecast,prophet_forecast,xgb_forecast,sma_metrics,es_metrics,lr_metrics,arima_metrics,prophet_metrics,xgb_metrics
TRBSA5.606,TEINT RB SANS AMONIAQUE 60ML 5.606,RENEE BLANCHE,COLORATION SANS AMMONIAQUE,monthly,2025-09,127.56298509392269,"[""2022-10"", ""2022-11"", ""2022-12"", ""2023-02"", ""2023-03"", ""2023-04"", ""2023-05"", ""2023-06"", ""2023-07"", ""2023-08"", ""2023-09"", ""2023-10"", ""2023-11"", ""2023-12"", ""2024-01"", ""2024-02"", ""2024-03"", ""2024-04"", ""2024-05"", ""2024-06"", ""2024-07"", ""2024-08"", ""2024-09"", ""2024-10"", ""2024-11"", ""2024-12"", ""2025-01"", ""2025-02"", ""2025-03"", ""2025-04"", ""2025-05"", ""2025-06"", ""2025-07"", ""2025-08""]","[1574.0819999999999, 985.6149999999999, 316.934, 107.62700000000001, 161.29500000000002, 134.02700000000002, 68.464, 308.957, 455.70000000000005, 149.837, 150.708, 68.319, 237.883, 30.076000000000008, 143.448, 198.268, 641.89, 102.73700000000001, 468.26, 177.25300000000001, 259.432, 44.313, 14.771, 44.313, 153.294, 227.42600000000002, 92.738, 66.24199999999999, 237.405, 66.241, 285.434, 375.978, 34.872, 196.898]",252.3746176470588,1574.0819999999999,14.771,300.5449507414445,-87.49124886759394,34,202.58266666666668,186.07936281031238,37.50481762137679,170.02301346518053,0.0,169.18804999999972,"{""MAE"": 171.9162365591398, ""MSE"": 55013.490699577065, ""RMSE"": 234.54954849578598, ""MAPE"": 180.08440554967382, ""R2"": -1.675190698432408}","{""MAE"": 234.341781918174, ""MSE"": 119418.53674126424, ""RMSE"": 345.56987244443667, ""MAPE"": 222.2923928693178, ""R2"": -2.0998770417409913}","{""MAE"": 192.2116779797006, ""MSE"": 75541.98138500442, ""RMSE"": 274.84901561585485, ""MAPE"": 164.33919944946086, ""R2"": 0.16368574467165709}","{""MAE"": 230.71527329491823, ""MSE"": 135277.17451014498, ""RMSE"": 367.8004547443423, ""MAPE"": 159.1191669306444, ""R2"": -0.49763386383497865}","{""MAE"": 157.97685125889066, ""MSE"": 53428.87429477692, ""RMSE"": 231.14686736959453, ""MAPE"": 133.80013412077903, ""R2"": 0.4084967272550526}","{""MAE"": 64.08794205882363, ""MSE"": 8348.760659554655, ""RMSE"": 91.37155279163562, ""MAPE"": 50.25162665343853, ""R2"": 0.9075720887128329}"
