ref_article,designation,marque,famille,frequency,next_period,avg_forecast,historical_periods,historical_values,avg_sales,max_sales,min_sales,std_sales,trend_pct,data_points,sma_forecast,es_forecast,lr_forecast,arima_forecast,prophet_forecast,xgb_forecast,sma_metrics,es_metrics,lr_metrics,arima_metrics,prophet_metrics,xgb_metrics
TRBSA6.6,TEINT RB SANS AMONIAQUE 60ML 6.6,RENEE BLANCHE,COLORATION SANS AMMONIAQUE,monthly,2025-09,71.30951002256087,"[""2022-11"", ""2022-12"", ""2023-02"", ""2023-03"", ""2023-04"", ""2023-05"", ""2023-06"", ""2023-07"", ""2023-08"", ""2023-09"", ""2023-10"", ""2023-11"", ""2023-12"", ""2024-01"", ""2024-02"", ""2024-03"", ""2024-04"", ""2024-05"", ""2024-06"", ""2024-07"", ""2024-08"", ""2024-09"", ""2024-10"", ""2024-11"", ""2024-12"", ""2025-01"", ""2025-02"", ""2025-03"", ""2025-04"", ""2025-05"", ""2025-06"", ""2025-07"", ""2025-08""]","[1811.094, 331.004, 162.166, 215.834, 134.897, 40.324, 96.313, 572.321, 187.985, 98.49000000000001, 28.14, 167.099, 67.08200000000002, 87.196, 213.039, 175.151, 83.702, 168.065, 177.25400000000002, 23.704, 73.855, 100.808, 42.181, 208.725, 140.931, 158.98, 91.824, 109.642, 39.745, 92.739, 141.469, 39.745, 128.524]",188.1826666666667,1811.094,23.704,304.2394106659153,-92.90351577554783,33,103.246,108.66668549144532,0.0,110.65817464391995,0.0,105.28619999999995,"{""MAE"": 96.57107777777779, ""MSE"": 25115.33133332223, ""RMSE"": 158.4781730501782, ""MAPE"": 114.76606905828113, ""R2"": -1.5222073474796458}","{""MAE"": 220.43009347197233, ""MSE"": 167751.28837244847, ""RMSE"": 409.57452114657775, ""MAPE"": 210.04247050535358, ""R2"": -14.863723524029169}","{""MAE"": 148.09513866902745, ""MSE"": 77336.22230034824, ""RMSE"": 278.09390913924784, ""MAPE"": 138.54274726944973, ""R2"": 0.16448930848551535}","{""MAE"": 193.14299870984283, ""MSE"": 185030.1784672123, ""RMSE"": 430.1513436770973, ""MAPE"": 117.67361213866103, ""R2"": -0.9989946206810378}","{""MAE"": 105.63438121162159, ""MSE"": 45777.51296755825, ""RMSE"": 213.95680163892487, ""MAPE"": 69.1535103296878, ""R2"": 0.5054374214608404}","{""MAE"": 56.65667909090912, ""MSE"": 14802.676826366884, ""RMSE"": 121.66625179714744, ""MAPE"": 37.56998261329528, ""R2"": 0.8400775938675823}"
