ref_article,designation,marque,famille,frequency,next_period,avg_forecast,historical_periods,historical_values,avg_sales,max_sales,min_sales,std_sales,trend_pct,data_points,sma_forecast,es_forecast,lr_forecast,arima_forecast,prophet_forecast,xgb_forecast,sma_metrics,es_metrics,lr_metrics,arima_metrics,prophet_metrics,xgb_metrics
TRBSA6.0,TEINT RB SANS AMONIAQUE 60ML 6.0,RENEE BLANCHE,COLORATION SANS AMMONIAQUE,monthly,2025-09,646.2875767024988,"[""2022-10"", ""2022-11"", ""2022-12"", ""2023-01"", ""2023-02"", ""2023-03"", ""2023-04"", ""2023-05"", ""2023-06"", ""2023-07"", ""2023-08"", ""2023-09"", ""2023-10"", ""2023-11"", ""2023-12"", ""2024-01"", ""2024-02"", ""2024-03"", ""2024-04"", ""2024-05"", ""2024-06"", ""2024-07"", ""2024-08"", ""2024-09"", ""2024-10"", ""2024-11"", ""2024-12"", ""2025-01"", ""2025-02"", ""2025-03"", ""2025-04"", ""2025-05"", ""2025-06"", ""2025-07"", ""2025-08""]","[3123.2169999999996, 1453.113, 1159.386, 154.769, 413.683, 658.3820000000001, 581.215, 354.31, 996.3000000000001, 1290.607, 1718.988, 482.29200000000003, 482.147, 420.356, 482.403, 286.895, 1259.202, 2730.801, 524.553, 669.422, 715.259, 452.423, 668.658, 511.04900000000004, 442.068, 1054.0800000000002, 1169.152, 344.002, 236.644, 1165.098, 680.9979999999999, 767.614, 1178.618, 949.16, 511.053]",859.6547714285715,3123.2169999999996,154.769,632.613547722466,-83.63696790840982,35,879.6103333333332,698.9262221594151,631.4931747899154,628.6116298452529,353.6793200870751,685.4047800000004,"{""MAE"": 510.2648333333334, ""MSE"": 467046.9570901805, ""RMSE"": 683.4083384698935, ""MAPE"": 103.7843572750119, ""R2"": -0.8383508657546204}","{""MAE"": 596.0599458696006, ""MSE"": 601939.6857497249, ""RMSE"": 775.8477207221304, ""MAPE"": 117.34261399495011, ""R2"": -1.3436301042431729}","{""MAE"": 456.73399110043994, ""MSE"": 383811.3611125248, ""RMSE"": 619.5251093478979, ""MAPE"": 78.65249859561561, ""R2"": 0.04095088384148826}","{""MAE"": 572.605066439868, ""MSE"": 734417.6364187126, ""RMSE"": 856.9817013324804, ""MAPE"": 85.43369483350499, ""R2"": -0.8351269828411674}","{""MAE"": 313.47995230602254, ""MSE"": 186221.89562916735, ""RMSE"": 431.53435046258755, ""MAPE"": 53.41002249518052, ""R2"": 0.5346778065796878}","{""MAE"": 158.21117028571405, ""MSE"": 56168.25692603165, ""RMSE"": 236.9984323282153, ""MAPE"": 24.86263237578337, ""R2"": 0.859649498115607}"
