ref_article,designation,marque,famille,frequency,next_period,avg_forecast,historical_periods,historical_values,avg_sales,max_sales,min_sales,std_sales,trend_pct,data_points,sma_forecast,es_forecast,lr_forecast,arima_forecast,prophet_forecast,xgb_forecast,sma_metrics,es_metrics,lr_metrics,arima_metrics,prophet_metrics,xgb_metrics
TRBSA7.13,TEINT RB SANS AMONIAQUE 60ML 7.13,RENEE BLANCHE,COLORATION SANS AMMONIAQUE,monthly,2025-09,204.22129984243202,"[""2022-10"", ""2022-11"", ""2022-12"", ""2023-01"", ""2023-02"", ""2023-03"", ""2023-04"", ""2023-05"", ""2023-06"", ""2023-07"", ""2023-08"", ""2023-09"", ""2023-10"", ""2023-11"", ""2023-12"", ""2024-01"", ""2024-02"", ""2024-03"", ""2024-04"", ""2024-05"", ""2024-06"", ""2024-07"", ""2024-08"", ""2024-09"", ""2024-10"", ""2024-11"", ""2024-12"", ""2025-01"", ""2025-02"", ""2025-03"", ""2025-04"", ""2025-05"", ""2025-06"", ""2025-07"", ""2025-08""]","[1864.472, 1199.71, 703.493, 28.14, 189.435, 403.23900000000003, 520.004, 193.063, 354.455, 525.904, 421.37, 190.88600000000002, 80.358, 251.518, 160.548, 205.791, 307.90999999999997, 865.058, 147.711, 290.245, 232.074, 200.957, 147.71, 257.961, 86.037, 179.639, 837.945, 156.84799999999998, 88.321, 285.375, 469.023, 263.445, 270.885, 288.115, 247.759]",369.01154285714284,1864.472,28.14,354.5684245202362,-86.71157303515419,35,268.91966666666667,269.6967228668698,126.18465546218431,253.01036186892117,45.63655218995072,261.87983999999955,"{""MAE"": 205.03073958333331, ""MSE"": 103763.10756656597, ""RMSE"": 322.12281441488426, ""MAPE"": 211.63832509221697, ""R2"": -1.9111212063985956}","{""MAE"": 254.89197268086605, ""MSE"": 158490.9468796585, ""RMSE"": 398.1092147635602, ""MAPE"": 225.43594627570923, ""R2"": -1.5685165752577235}","{""MAE"": 224.8719450980389, ""MSE"": 107155.74446097163, ""RMSE"": 327.3465204656552, ""MAPE"": 131.0885266732745, ""R2"": 0.14765514767846788}","{""MAE"": 272.82818156286015, ""MSE"": 196214.80961905568, ""RMSE"": 442.9614087243444, ""MAPE"": 154.40608343882747, ""R2"": -0.5607439784897845}","{""MAE"": 176.00816354878123, ""MSE"": 72533.47751691748, ""RMSE"": 269.32039937018783, ""MAPE"": 105.97094434439506, ""R2"": 0.42304972548586384}","{""MAE"": 65.22549685714289, ""MSE"": 9717.536342515283, ""RMSE"": 98.57756510745882, ""MAPE"": 41.6885585711036, ""R2"": 0.922704171200014}"
