ref_article,designation,marque,famille,frequency,next_period,avg_forecast,historical_periods,historical_values,avg_sales,max_sales,min_sales,std_sales,trend_pct,data_points,sma_forecast,es_forecast,lr_forecast,arima_forecast,prophet_forecast,xgb_forecast,sma_metrics,es_metrics,lr_metrics,arima_metrics,prophet_metrics,xgb_metrics
TRBSA6.14,TEINT RB SANS AMONIAQUE 60ML 6.14,RENEE BLANCHE,COLORATION SANS AMMONIAQUE,monthly,2025-09,159.7804665579107,"[""2022-10"", ""2022-11"", ""2022-12"", ""2023-01"", ""2023-02"", ""2023-03"", ""2023-04"", ""2023-05"", ""2023-06"", ""2023-07"", ""2023-08"", ""2023-09"", ""2023-10"", ""2023-11"", ""2023-12"", ""2024-01"", ""2024-02"", ""2024-03"", ""2024-04"", ""2024-05"", ""2024-06"", ""2024-07"", ""2024-08"", ""2024-09"", ""2024-10"", ""2024-11"", ""2024-12"", ""2025-01"", ""2025-02"", ""2025-03"", ""2025-04"", ""2025-05"", ""2025-06"", ""2025-07"", ""2025-08""]","[1879.703, 1091.212, 530.013, 383.65799999999996, 273.854, 294.161, 161.29700000000003, 150.852, 401.016, 718.529, 146.936, 138.668, 66.28800000000001, 83.549, 234.716, 118.87, 113.905, 741.176, 68.27100000000002, 265.068, 147.712, 141.873, 172.989, 113.447, 172.989, 131.46699999999998, 607.189, 152.58499999999998, 79.49, 326.64, 118.169, 329.686, 327.4, 371.56399999999996, 131.569]",319.61459999999994,1879.703,66.28800000000001,348.25912475923525,-93.00054317091583,35,276.8443333333333,213.06666305049637,69.52302352941297,189.0694894342218,0.0,210.17928999999987,"{""MAE"": 186.48301041666667, ""MSE"": 67926.10733337152, ""RMSE"": 260.6263749764623, ""MAPE"": 96.05753278630833, ""R2"": -1.242004749564717}","{""MAE"": 269.19407016328336, ""MSE"": 149500.26638000345, ""RMSE"": 386.65264305317174, ""MAPE"": 122.04073126293244, ""R2"": -1.9221189513043306}","{""MAE"": 223.66044369747948, ""MSE"": 101594.07459721218, ""RMSE"": 318.7382540537175, ""MAPE"": 106.7079220949595, ""R2"": 0.16234850040189774}","{""MAE"": 253.8016129418349, ""MSE"": 185352.43356984624, ""RMSE"": 430.52576411853244, ""MAPE"": 97.04239206093007, ""R2"": -0.5282460571593199}","{""MAE"": 170.12742106412165, ""MSE"": 70120.3801746427, ""RMSE"": 264.8025305291524, ""MAPE"": 100.39749630484218, ""R2"": 0.4218516991414155}","{""MAE"": 68.9275114285714, ""MSE"": 10239.065278465616, ""RMSE"": 101.18826650588306, ""MAPE"": 29.988595135159045, ""R2"": 0.9155780647740165}"
