ref_article,designation,marque,famille,frequency,next_period,avg_forecast,historical_periods,historical_values,avg_sales,max_sales,min_sales,std_sales,trend_pct,data_points,sma_forecast,es_forecast,lr_forecast,arima_forecast,prophet_forecast,xgb_forecast,sma_metrics,es_metrics,lr_metrics,arima_metrics,prophet_metrics,xgb_metrics
TRBSA8.31,TEINT RB SANS AMONIAQUE 60ML 8.31,RENEE BLANCHE,COLORATION SANS AMMONIAQUE,monthly,2025-09,125.50120284170005,"[""2022-10"", ""2022-11"", ""2022-12"", ""2023-01"", ""2023-02"", ""2023-03"", ""2023-04"", ""2023-05"", ""2023-06"", ""2023-07"", ""2023-08"", ""2023-09"", ""2023-10"", ""2023-11"", ""2023-12"", ""2024-01"", ""2024-02"", ""2024-03"", ""2024-04"", ""2024-05"", ""2024-06"", ""2024-07"", ""2024-08"", ""2024-09"", ""2024-10"", ""2024-11"", ""2024-12"", ""2025-01"", ""2025-02"", ""2025-03"", ""2025-04"", ""2025-05"", ""2025-06"", ""2025-07"", ""2025-08""]","[1756.845, 1088.891, 603.988, 28.14, 106.756, 400.918, 182.575, 149.983, 186.245, 572.174, 69.479, 204.95600000000002, 66.28800000000001, 126.629, 73.07700000000001, 55.522, 69.592, 276.691, 78.779, 182.837, 88.626, 206.794, 59.084, 179.233, 14.771, 265.677, 409.735, 79.49, 92.738, 202.53300000000002, 138.879, 170.706, 154.71699999999998, 200.096, 194.766]",249.66314285714287,1756.845,14.771,328.37787327286253,-88.91387686449288,35,183.19299999999998,184.03348934975125,0.0,194.83379770044922,0.0,190.94692999999978,"{""MAE"": 143.30695833333334, ""MSE"": 63374.457217298615, ""RMSE"": 251.74283945585944, ""MAPE"": 233.62604528261653, ""R2"": -3.559950703047569}","{""MAE"": 221.95637785743108, ""MSE"": 127503.89624780031, ""RMSE"": 357.0768772236594, ""MAPE"": 268.26885481818414, ""R2"": -2.0194997744387195}","{""MAE"": 198.9670715326132, ""MSE"": 88176.10881005465, ""RMSE"": 296.9446224636079, ""MAPE"": 183.50692533048885, ""R2"": 0.18228275283854567}","{""MAE"": 216.8152393842709, ""MSE"": 145132.34176731747, ""RMSE"": 380.9623889143356, ""MAPE"": 185.65298729099757, ""R2"": -0.3459112744441446}","{""MAE"": 156.72996789526522, ""MSE"": 61638.16104291564, ""RMSE"": 248.27033862891403, ""MAPE"": 169.46354264471188, ""R2"": 0.4283872576336685}","{""MAE"": 54.647555428571444, ""MSE"": 6817.527291340322, ""RMSE"": 82.56831893250778, ""MAPE"": 52.615747927367465, ""R2"": 0.9367764156940525}"
