ref_article,designation,marque,famille,frequency,next_period,avg_forecast,historical_periods,historical_values,avg_sales,max_sales,min_sales,std_sales,trend_pct,data_points,sma_forecast,es_forecast,lr_forecast,arima_forecast,prophet_forecast,xgb_forecast,sma_metrics,es_metrics,lr_metrics,arima_metrics,prophet_metrics,xgb_metrics
TRBSA5.00,TEINT RB SANS AMONIAQUE 60ML 5.00,RENEE BLANCHE,COLORATION SANS AMMONIAQUE,monthly,2025-09,174.32375143341162,"[""2022-10"", ""2022-11"", ""2022-12"", ""2023-01"", ""2023-02"", ""2023-03"", ""2023-04"", ""2023-05"", ""2023-06"", ""2023-07"", ""2023-08"", ""2023-09"", ""2023-10"", ""2023-11"", ""2023-12"", ""2024-01"", ""2024-02"", ""2024-03"", ""2024-04"", ""2024-05"", ""2024-06"", ""2024-07"", ""2024-08"", ""2024-09"", ""2024-10"", ""2024-11"", ""2024-12"", ""2025-01"", ""2025-02"", ""2025-03"", ""2025-04"", ""2025-05"", ""2025-06"", ""2025-07"", ""2025-08""]","[2021.126, 1227.85, 836.504, 56.28, 245.714, 291.84000000000003, 109.077, 164.922, 218.832, 597.316, 208.437, 138.668, 94.428, 139.829, -116.832, 113.905, 139.184, 510.195, 183.497, 130.35, 177.25400000000002, 117.256, 103.397, 337.401, 113.905, 225.983, 884.058, 79.49, 39.745, 258.723, 79.491, 211.518, 244.86499999999998, 175.122, 265.728]",303.5730857142857,2021.126,-116.832,393.14994133742556,-86.85247728246532,35,228.57166666666663,233.32094259838473,35.83753613445515,249.8235315753593,58.53308162560427,239.85574999999957,"{""MAE"": 195.95059375, ""MSE"": 102978.26243130902, ""RMSE"": 320.90226305108695, ""MAPE"": 174.8419997223556, ""R2"": -2.2737713937480466}","{""MAE"": 281.59459654223986, ""MSE"": 182901.07837999062, ""RMSE"": 427.6693563724091, ""MAPE"": 200.4043962464997, ""R2"": -1.6204826209900158}","{""MAE"": 254.84462690676295, ""MSE"": 132000.21865788326, ""RMSE"": 363.31834340958244, ""MAPE"": 132.27016575942844, ""R2"": 0.14599931269355204}","{""MAE"": 272.72553371461606, ""MSE"": 213185.2080105723, ""RMSE"": 461.71983714214866, ""MAPE"": 150.29584018600872, ""R2"": -0.37924251956323474}","{""MAE"": 192.10792206497393, ""MSE"": 86423.41987146235, ""RMSE"": 293.9786044450554, ""MAPE"": 123.90462259563193, ""R2"": 0.44086713855458615}","{""MAE"": 67.0739394285715, ""MSE"": 10091.00221450872, ""RMSE"": 100.45398058070532, ""MAPE"": 41.30301502101876, ""R2"": 0.9347143291547368}"
