ref_article,designation,marque,famille,frequency,next_period,avg_forecast,historical_periods,historical_values,avg_sales,max_sales,min_sales,std_sales,trend_pct,data_points,sma_forecast,es_forecast,lr_forecast,arima_forecast,prophet_forecast,xgb_forecast,sma_metrics,es_metrics,lr_metrics,arima_metrics,prophet_metrics,xgb_metrics
TRBSA6.13,TEINT RB SANS AMONIAQUE 60ML 6.13,RENEE BLANCHE,COLORATION SANS AMMONIAQUE,monthly,2025-09,101.17086767608565,"[""2022-10"", ""2022-11"", ""2022-12"", ""2023-01"", ""2023-02"", ""2023-03"", ""2023-04"", ""2023-05"", ""2023-06"", ""2023-07"", ""2023-08"", ""2023-09"", ""2023-10"", ""2023-11"", ""2023-12"", ""2024-01"", ""2024-02"", ""2024-03"", ""2024-04"", ""2024-05"", ""2024-06"", ""2024-07"", ""2024-08"", ""2024-09"", ""2024-11"", ""2024-12"", ""2025-01"", ""2025-02"", ""2025-03"", ""2025-04"", ""2025-05"", ""2025-06"", ""2025-07"", ""2025-08""]","[1237.856, 1145.171, 755.711, 654.756, 189.435, 298.803, 127.166, 136.78300000000002, 235.175, 404.11, 521.745, 54.249, 80.358, 223.37800000000001, 30.857, 99.134, 128.676, 585.4730000000001, 117.712, 277.707, 103.398, 220.65300000000002, 162.481, 163.445, 94.21000000000001, 479.021, 66.241, 79.489, 154.71699999999998, 119.23599999999999, 119.234, 126.08699999999999, 206.035, 131.569]",280.2962058823529,1237.856,30.857,288.66340567414983,-89.37121926944653,34,154.56366666666665,143.7790738772759,0.0,156.36802551257145,0.0,152.3144399999999,"{""MAE"": 153.13491397849464, ""MSE"": 49493.53292969536, ""RMSE"": 222.47142047844113, ""MAPE"": 106.18298597490173, ""R2"": -0.9878761720135962}","{""MAE"": 180.43134102042256, ""MSE"": 64857.922356900155, ""RMSE"": 254.67218606848326, ""MAPE"": 125.819891426343, ""R2"": -0.1334012882297413}","{""MAE"": 182.14768958047074, ""MSE"": 58045.598532255826, ""RMSE"": 240.92654177623484, ""MAPE"": 123.0927024249534, ""R2"": 0.30339621249807613}","{""MAE"": 181.1909256512618, ""MSE"": 86805.98312935073, ""RMSE"": 294.62855111029336, ""MAPE"": 108.21460359858983, ""R2"": -0.041756449322011946}","{""MAE"": 138.3556540782181, ""MSE"": 35744.80638678499, ""RMSE"": 189.06296936942726, ""MAPE"": 102.41207982450315, ""R2"": 0.5710274656101526}","{""MAE"": 49.951014117647, ""MSE"": 4547.054901783619, ""RMSE"": 67.43185376202867, ""MAPE"": 36.598699234647114, ""R2"": 0.9454309069652975}"
