ref_article,designation,marque,famille,frequency,next_period,avg_forecast,historical_periods,historical_values,avg_sales,max_sales,min_sales,std_sales,trend_pct,data_points,sma_forecast,es_forecast,lr_forecast,arima_forecast,prophet_forecast,xgb_forecast,sma_metrics,es_metrics,lr_metrics,arima_metrics,prophet_metrics,xgb_metrics
TRBSA6.1,TEINT RB SANS AMONIAQUE 60ML 6.1,RENEE BLANCHE,COLORATION SANS AMMONIAQUE,monthly,2025-09,356.82320601563146,"[""2022-10"", ""2022-11"", ""2022-12"", ""2023-01"", ""2023-02"", ""2023-03"", ""2023-04"", ""2023-05"", ""2023-06"", ""2023-07"", ""2023-08"", ""2023-09"", ""2023-10"", ""2023-11"", ""2023-12"", ""2024-01"", ""2024-02"", ""2024-03"", ""2024-04"", ""2024-05"", ""2024-06"", ""2024-07"", ""2024-08"", ""2024-09"", ""2024-10"", ""2024-11"", ""2024-12"", ""2025-01"", ""2025-02"", ""2025-03"", ""2025-04"", ""2025-05"", ""2025-06"", ""2025-07"", ""2025-08""]","[2867.058, 1372.755, 1028.551, 140.699, 441.82300000000004, 668.3910000000001, 594.414, 359.0, 798.453, 953.945, 799.37, 259.20500000000004, 108.498, 293.728, 419.83299999999997, 317.139, 843.63, 1937.059, 340.598, 1347.221, 522.776, 308.366, 478.679, 418.86899999999997, 212.126, 451.35699999999997, 1139.357, 158.981, 338.97499999999997, 567.396, 271.36400000000003, 398.764, 517.1129999999999, 392.882, 457.602]",643.5993428571428,2867.058,108.498,547.1465679364921,-84.03931835351779,35,455.8656666666666,444.40463515656535,294.3631411764709,429.6453509593748,71.0320821347114,445.62835999999965,"{""MAE"": 344.3314375, ""MSE"": 257664.6481855347, ""RMSE"": 507.6067850073861, ""MAPE"": 110.70432222355208, ""R2"": -0.8297613017929646}","{""MAE"": 453.04138529641943, ""MSE"": 420996.87133639894, ""RMSE"": 648.8427169479511, ""MAPE"": 126.96426440583033, ""R2"": -1.6562526952664265}","{""MAE"": 343.98596773109256, ""MSE"": 260972.68684924106, ""RMSE"": 510.8548588877677, ""MAPE"": 86.50589881872702, ""R2"": 0.12825854684221083}","{""MAE"": 459.56865553417094, ""MSE"": 510888.3850396036, ""RMSE"": 714.7645661611966, ""MAPE"": 102.98418880503255, ""R2"": -0.7065486375328527}","{""MAE"": 256.4100852373522, ""MSE"": 160345.9272503861, ""RMSE"": 400.4321755933033, ""MAPE"": 76.78699483619252, ""R2"": 0.4643876594260874}","{""MAE"": 127.44982914285725, ""MSE"": 37281.278251241165, ""RMSE"": 193.08360430456327, ""MAPE"": 29.1772381529668, ""R2"": 0.8754672909617883}"
