ref_article,designation,marque,famille,frequency,next_period,avg_forecast,historical_periods,historical_values,avg_sales,max_sales,min_sales,std_sales,trend_pct,data_points,sma_forecast,es_forecast,lr_forecast,arima_forecast,prophet_forecast,xgb_forecast,sma_metrics,es_metrics,lr_metrics,arima_metrics,prophet_metrics,xgb_metrics
TRBSA1.1,TEINT RB SANS AMONIAQUE 60ML 1.1,RENEE BLANCHE,COLORATION SANS AMMONIAQUE,monthly,2025-09,37.09076905330652,"[""2022-10"", ""2022-11"", ""2022-12"", ""2023-01"", ""2023-02"", ""2023-03"", ""2023-04"", ""2023-05"", ""2023-06"", ""2023-07"", ""2023-08"", ""2023-09"", ""2023-10"", ""2023-11"", ""2023-12"", ""2024-01"", ""2024-02"", ""2024-03"", ""2024-04"", ""2024-05"", ""2024-06"", ""2024-07"", ""2024-08"", ""2024-09"", ""2024-10"", ""2024-11"", ""2024-12"", ""2025-01"", ""2025-02"", ""2025-03"", ""2025-04"", ""2025-05"", ""2025-06"", ""2025-07"", ""2025-08""]","[2362.575, 1251.928, 587.163, 112.559, 272.98400000000004, 344.058, 322.012, 91.672, 320.658, 721.2860000000001, 126.629, 231.065, 66.28800000000001, 279.65700000000004, 161.054, 83.936, 297.401, 537.912, 73.855, 187.761, 103.398, 176.34, -57.08500000000001, 81.875, 85.581, 197.659, 42.028000000000006, 194.46099999999998, 77.66199999999999, 179.69, 52.992999999999995, 101.766, 84.05799999999999, 127.154, 26.496]",283.04368571428574,2362.575,-57.08500000000001,429.19398852731723,-98.8785117932764,35,79.236,66.60611178373098,0.0,19.528592536108096,0.0,57.17391000000006,"{""MAE"": 171.65520833333335, ""MSE"": 82625.8760632986, ""RMSE"": 287.44717090849684, ""MAPE"": 143.4653039543896, ""R2"": -2.5713127737088954}","{""MAE"": 284.4573970751169, ""MSE"": 226381.28861946176, ""RMSE"": 475.79542727884825, ""MAPE"": 174.29391077181694, ""R2"": -2.8569255162657443}","{""MAE"": 225.01182866746674, ""MSE"": 131701.29996610875, ""RMSE"": 362.906737283987, ""MAPE"": 143.28069157345726, ""R2"": 0.28503826165099266}","{""MAE"": 276.7837191221599, ""MSE"": 250412.87530811594, ""RMSE"": 500.4127049827132, ""MAPE"": 151.79157583330405, ""R2"": -0.3594066625108163}","{""MAE"": 185.57991522002476, ""MSE"": 93645.16980044109, ""RMSE"": 306.01498296724145, ""MAPE"": 150.33357787273712, ""R2"": 0.491632099259912}","{""MAE"": 70.37153942857138, ""MSE"": 12790.540227513602, ""RMSE"": 113.09527057977978, ""MAPE"": 41.19527616692247, ""R2"": 0.9305644904200696}"
