ref_article,designation,marque,famille,frequency,next_period,avg_forecast,historical_periods,historical_values,avg_sales,max_sales,min_sales,std_sales,trend_pct,data_points,sma_forecast,es_forecast,lr_forecast,arima_forecast,prophet_forecast,xgb_forecast,sma_metrics,es_metrics,lr_metrics,arima_metrics,prophet_metrics,xgb_metrics
TRBSA4.14,TEINT RB SANS AMONIAQUE 60ML 4.14,RENEE BLANCHE,COLORATION SANS AMMONIAQUE,monthly,2025-09,32.809418478393006,"[""2022-10"", ""2022-11"", ""2022-12"", ""2023-01"", ""2023-02"", ""2023-03"", ""2023-04"", ""2023-05"", ""2023-06"", ""2023-07"", ""2023-08"", ""2023-09"", ""2023-10"", ""2023-11"", ""2023-12"", ""2024-01"", ""2024-02"", ""2024-03"", ""2024-04"", ""2024-05"", ""2024-06"", ""2024-07"", ""2024-08"", ""2024-09"", ""2024-10"", ""2024-11"", ""2024-12"", ""2025-01"", ""2025-03"", ""2025-04"", ""2025-05"", ""2025-06"", ""2025-07"", ""2025-08""]","[1810.223, 1077.142, 445.01300000000003, 98.49000000000001, 245.714, 320.27, 187.405, 136.782, 128.418, 418.17900000000003, 54.539, 68.319, 28.14, 42.21, -107.847, 99.134, 84.363, 218.094, 73.855, 68.93100000000001, 118.16900000000001, 53.247, 199.1, 89.285, 44.313, 125.17399999999999, 353.39, 26.497, 132.636, 91.673, 68.011, 114.717, 74.314, 25.583]",206.2789117647059,1810.223,-107.847,341.296834504664,-98.58674870444139,34,71.538,60.82421706332191,0.0,13.889383807036095,0.0,50.60491000000001,"{""MAE"": 125.57806451612902, ""MSE"": 48092.48253632257, ""RMSE"": 219.29998298295092, ""MAPE"": 143.1548366156789, ""R2"": -3.451932337849982}","{""MAE"": 222.44046439002452, ""MSE"": 134467.78791792353, ""RMSE"": 366.69849729433514, ""MAPE"": 184.66343240208113, ""R2"": -2.3877581843811235}","{""MAE"": 187.9377271877737, ""MSE"": 90024.39672890013, ""RMSE"": 300.04065845964965, ""MAPE"": 168.9081335457998, ""R2"": 0.2271491316066534}","{""MAE"": 202.86052957189156, ""MSE"": 143850.14060522636, ""RMSE"": 379.27581073043183, ""MAPE"": 154.38193749059172, ""R2"": -0.23493975105488585}","{""MAE"": 159.753574272593, ""MSE"": 63101.60819087631, ""RMSE"": 251.20033477461033, ""MAPE"": 214.9881261624667, ""R2"": 0.4582787060023735}","{""MAE"": 47.61315676470592, ""MSE"": 6387.117039073729, ""RMSE"": 79.91944093319053, ""MAPE"": 38.03702344220594, ""R2"": 0.9451672087840451}"
