ref_article,designation,marque,famille,frequency,next_period,avg_forecast,historical_periods,historical_values,avg_sales,max_sales,min_sales,std_sales,trend_pct,data_points,sma_forecast,es_forecast,lr_forecast,arima_forecast,prophet_forecast,xgb_forecast,sma_metrics,es_metrics,lr_metrics,arima_metrics,prophet_metrics,xgb_metrics
TRBSA5.0,TEINT RB SANS AMONIAQUE 60ML 5.0,RENEE BLANCHE,COLORATION SANS AMMONIAQUE,monthly,2025-09,256.80867340176155,"[""2022-10"", ""2022-11"", ""2022-12"", ""2023-01"", ""2023-02"", ""2023-03"", ""2023-04"", ""2023-05"", ""2023-06"", ""2023-07"", ""2023-08"", ""2023-09"", ""2023-10"", ""2023-11"", ""2023-12"", ""2024-01"", ""2024-02"", ""2024-03"", ""2024-04"", ""2024-05"", ""2024-06"", ""2024-07"", ""2024-08"", ""2024-09"", ""2024-10"", ""2024-11"", ""2024-12"", ""2025-01"", ""2025-02"", ""2025-03"", ""2025-04"", ""2025-05"", ""2025-06"", ""2025-07"", ""2025-08""]","[3071.87, 1280.068, 895.975, 809.525, 329.264, 522.615, 460.96900000000005, 227.68200000000002, 888.094, 1137.7740000000001, 562.068, 373.794, 122.56800000000001, 364.077, 386.412, 109.917, 535.72, 1916.365, 216.642, 406.283, 236.33800000000002, 316.895, 398.66700000000003, 361.35900000000004, 261.615, 229.941, 861.784, 145.277, 145.733, 1075.098, -488.51499999999993, 379.481, 224.763, 308.366, 446.943]",557.755057142857,3071.87,-488.51499999999993,598.713918731616,-85.45045851549706,35,326.6906666666667,362.6779694864399,87.76446890756415,381.5704653498987,0.0,382.14846999999986,"{""MAE"": 376.3235520833333, ""MSE"": 256816.1232681632, ""RMSE"": 506.7702864890198, ""MAPE"": 101.0570800009011, ""R2"": -0.5835057213514416}","{""MAE"": 504.33777931826796, ""MSE"": 487001.5294712065, ""RMSE"": 697.854948733049, ""MAPE"": 120.4495371216245, ""R2"": -1.7416882979804473}","{""MAE"": 360.96855903961676, ""MSE"": 288918.54904767405, ""RMSE"": 537.5114408528195, ""MAPE"": 88.86582555995075, ""R2"": 0.1939968930215139}","{""MAE"": 502.2161825776181, ""MSE"": 611683.2931320933, ""RMSE"": 782.101843196967, ""MAPE"": 102.27643640665063, ""R2"": -0.7064277678825903}","{""MAE"": 257.04401224314614, ""MSE"": 161455.57487135023, ""RMSE"": 401.81534922318514, ""MAPE"": 88.26449945516703, ""R2"": 0.5495834538341369}","{""MAE"": 143.60316600000004, ""MSE"": 51374.094253300376, ""RMSE"": 226.6585410993823, ""MAPE"": 31.26145235083425, ""R2"": 0.8566804390965805}"
