ref_article,designation,marque,famille,frequency,next_period,avg_forecast,historical_periods,historical_values,avg_sales,max_sales,min_sales,std_sales,trend_pct,data_points,sma_forecast,es_forecast,lr_forecast,arima_forecast,prophet_forecast,xgb_forecast,sma_metrics,es_metrics,lr_metrics,arima_metrics,prophet_metrics,xgb_metrics
TRBSA9.3,TEINT RB SANS AMONIAQUE 60ML 9.3,RENEE BLANCHE,COLORATION SANS AMMONIAQUE,monthly,2025-09,74.54813445392092,"[""2022-10"", ""2022-11"", ""2022-12"", ""2023-02"", ""2023-03"", ""2023-04"", ""2023-05"", ""2023-06"", ""2023-07"", ""2023-08"", ""2023-09"", ""2023-11"", ""2023-12"", ""2024-01"", ""2024-02"", ""2024-03"", ""2024-04"", ""2024-05"", ""2024-07"", ""2024-08"", ""2024-09"", ""2024-10"", ""2024-11"", ""2024-12"", ""2025-01"", ""2025-02"", ""2025-03"", ""2025-04"", ""2025-05"", ""2025-06"", ""2025-07"", ""2025-08""]","[1100.929, 941.9549999999999, 357.403, 161.29500000000002, 320.27000000000004, 3.192, 136.782, 172.901, 241.798, 27.269, 96.458, 56.28, -6.919000000000011, 14.771, 69.592, 291.036, 170.858, 39.389, 102.48400000000001, 236.18599999999998, 101.57, 14.771, 149.33499999999998, 414.659, 39.744, 13.248, 74.617, 26.496, 52.537, 125.806, 100.81, 117.408]",180.1540625,1100.929,-6.919000000000011,242.35490392770805,-89.33555206557371,32,114.67466666666667,104.64055021266395,0.0,117.05600984419496,0.0,110.91757999999999,"{""MAE"": 118.2631264367816, ""MSE"": 30447.048211049805, ""RMSE"": 174.49082557845213, ""MAPE"": 514.5570373608305, ""R2"": -1.9364572610091813}","{""MAE"": 161.5776958328535, ""MSE"": 57876.47868378896, ""RMSE"": 240.57530771837114, ""MAPE"": 803.1837864449498, ""R2"": -0.7863589919094285}","{""MAE"": 142.93663949486046, ""MSE"": 44875.553140271724, ""RMSE"": 211.83850721781374, ""MAPE"": 572.0020006401106, ""R2"": 0.2359774251434269}","{""MAE"": 161.10036414588203, ""MSE"": 68678.22071194797, ""RMSE"": 262.0652985649721, ""MAPE"": 486.6310465758472, ""R2"": -0.16927162682306718}","{""MAE"": 86.49279371854905, ""MSE"": 14645.082159484904, ""RMSE"": 121.01686725198643, ""MAPE"": 255.0006080966865, ""R2"": 0.7506621624138945}","{""MAE"": 43.49364406249992, ""MSE"": 4066.438464679829, ""RMSE"": 63.76863229425443, ""MAPE"": 146.58347032377446, ""R2"": 0.9307674096724977}"
