ref_article,designation,marque,famille,frequency,next_period,avg_forecast,historical_periods,historical_values,avg_sales,max_sales,min_sales,std_sales,trend_pct,data_points,sma_forecast,es_forecast,lr_forecast,arima_forecast,prophet_forecast,xgb_forecast,sma_metrics,es_metrics,lr_metrics,arima_metrics,prophet_metrics,xgb_metrics
TRBSA8.21,TEINT RB SANS AMONIAQUE 60ML 8.21,RENEE BLANCHE,COLORATION SANS AMMONIAQUE,monthly,2025-09,47.79199073901336,"[""2022-10"", ""2022-11"", ""2022-12"", ""2023-02"", ""2023-03"", ""2023-04"", ""2023-05"", ""2023-06"", ""2023-07"", ""2023-08"", ""2023-09"", ""2023-11"", ""2023-12"", ""2024-02"", ""2024-03"", ""2024-04"", ""2024-05"", ""2024-07"", ""2024-08"", ""2024-09"", ""2024-10"", ""2024-11"", ""2024-12"", ""2025-01"", ""2025-02"", ""2025-03"", ""2025-04"", ""2025-05"", ""2025-06"", ""2025-07"", ""2025-08""]","[632.998, 812.5699999999999, 314.468, 134.89600000000002, 157.81400000000002, 6.3840000000000146, 150.852, 189.145, 211.193, 84.419, 14.07, 28.14, 73.439, 54.821, 168.177, 59.085, 128.676, 114.515, 14.771, 24.618000000000002, 29.542, 69.592, 58.17100000000001, 48.73, 13.248, 111.16499999999999, 77.359, 52.992999999999995, 24.365, 50.861999999999995, 90.607]",129.0866129032258,812.5699999999999,6.3840000000000146,171.57106353395588,-85.68605272054572,31,55.278,71.34039911088121,0.0,86.46313532319897,0.0,73.67040999999999,"{""MAE"": 78.47442857142859, ""MSE"": 14732.295451642854, ""RMSE"": 121.37666765751503, ""MAPE"": 254.3262028417822, ""R2"": -3.5941538621165696}","{""MAE"": 93.76238830029274, ""MSE"": 22265.144128844873, ""RMSE"": 149.21509350211483, ""MAPE"": 325.0678711403581, ""R2"": -0.027393455591859572}","{""MAE"": 91.84871667148538, ""MSE"": 19648.22465464184, ""RMSE"": 140.1721250985439, ""MAPE"": 259.32991411694087, ""R2"": 0.332524655166449}","{""MAE"": 92.91908979646593, ""MSE"": 26973.198925269095, ""RMSE"": 164.23519393013513, ""MAPE"": 177.75143237807023, ""R2"": 0.08368590188861813}","{""MAE"": 74.36162203759966, ""MSE"": 11921.185999809166, ""RMSE"": 109.18418383543089, ""MAPE"": 187.57497885822977, ""R2"": 0.5950220502915677}","{""MAE"": 27.181620645161303, ""MSE"": 1871.2091232805708, ""RMSE"": 43.25747476772738, ""MAPE"": 59.044799320077125, ""R2"": 0.9364326305927942}"
