ref_article,designation,marque,famille,frequency,next_period,avg_forecast,historical_periods,historical_values,avg_sales,max_sales,min_sales,std_sales,trend_pct,data_points,sma_forecast,es_forecast,lr_forecast,arima_forecast,prophet_forecast,xgb_forecast,sma_metrics,es_metrics,lr_metrics,arima_metrics,prophet_metrics,xgb_metrics
TRBSA9.0,TEINT RB SANS AMONIAQUE 60ML 9.0,RENEE BLANCHE,COLORATION SANS AMMONIAQUE,monthly,2025-09,355.4570980173551,"[""2022-10"", ""2022-11"", ""2022-12"", ""2023-01"", ""2023-02"", ""2023-03"", ""2023-04"", ""2023-05"", ""2023-06"", ""2023-07"", ""2023-08"", ""2023-09"", ""2023-10"", ""2023-11"", ""2023-12"", ""2024-01"", ""2024-02"", ""2024-03"", ""2024-04"", ""2024-05"", ""2024-06"", ""2024-07"", ""2024-08"", ""2024-09"", ""2024-10"", ""2024-11"", ""2024-12"", ""2025-01"", ""2025-02"", ""2025-03"", ""2025-04"", ""2025-05"", ""2025-06"", ""2025-07"", ""2025-08""]","[3013.268, 1373.625, 835.634, 711.035, 272.985, 682.461, 229.324, 246.441, 801.837, 1050.115, 760.931, 261.236, 80.358, 167.099, 155.98499999999993, 205.791, 600.388, 1701.328, 201.21200000000002, 676.731, 235.88, 228.72400000000002, 340.965, 564.044, 44.313, 477.549, 708.9250000000001, 132.48399999999998, 195.071, 192.634, 260.246, 284.52, 465.216, 359.533, 559.78]",545.0762285714285,3013.268,44.313,556.728212019786,-81.42282730908768,35,461.50966666666665,452.835601741015,125.04384873949493,492.69483427925945,104.89238667769507,495.7662499999996,"{""MAE"": 334.08222916666665, ""MSE"": 205261.3905530486, ""RMSE"": 453.0578225271567, ""MAPE"": 130.21209162003012, ""R2"": -0.833158532543}","{""MAE"": 451.9899472930675, ""MSE"": 418679.68198855204, ""RMSE"": 647.0546205603914, ""MAPE"": 154.35253394955745, ""R2"": -2.1101570851263047}","{""MAE"": 338.10810833133246, ""MSE"": 254404.4057286789, ""RMSE"": 504.38517596047456, ""MAPE"": 123.06333647524654, ""R2"": 0.1791984481219634}","{""MAE"": 431.3308677880911, ""MSE"": 505337.7234721053, ""RMSE"": 710.8711018687602, ""MAPE"": 122.69376833311527, ""R2"": -0.6304041058580614}","{""MAE"": 275.0174540043349, ""MSE"": 182459.6144758144, ""RMSE"": 427.1529169698065, ""MAPE"": 136.94931850975857, ""R2"": 0.4113186275691373}","{""MAE"": 117.19537828571424, ""MSE"": 33924.5482454625, ""RMSE"": 184.18617821504006, ""MAPE"": 34.18526295325336, ""R2"": 0.8905470140468642}"
