ref_article,designation,marque,famille,frequency,next_period,avg_forecast,historical_periods,historical_values,avg_sales,max_sales,min_sales,std_sales,trend_pct,data_points,sma_forecast,es_forecast,lr_forecast,arima_forecast,prophet_forecast,xgb_forecast,sma_metrics,es_metrics,lr_metrics,arima_metrics,prophet_metrics,xgb_metrics
TRBSA9.1,TEINT RB SANS AMONIAQUE 60ML 9.1,RENEE BLANCHE,COLORATION SANS AMMONIAQUE,monthly,2025-09,151.16660829451098,"[""2022-10"", ""2022-11"", ""2022-12"", ""2023-01"", ""2023-02"", ""2023-03"", ""2023-04"", ""2023-05"", ""2023-06"", ""2023-07"", ""2023-08"", ""2023-09"", ""2023-10"", ""2023-11"", ""2023-12"", ""2024-01"", ""2024-02"", ""2024-03"", ""2024-04"", ""2024-05"", ""2024-06"", ""2024-07"", ""2024-08"", ""2024-09"", ""2024-10"", ""2024-11"", ""2024-12"", ""2025-01"", ""2025-02"", ""2025-03"", ""2025-04"", ""2025-05"", ""2025-06"", ""2025-07"", ""2025-08""]","[2769.439, 1267.1580000000001, 759.3380000000001, 84.41900000000001, 413.684, 586.5830000000001, 287.92400000000004, 288.65000000000003, 536.541, 942.341, 843.61, 194.948, 66.28800000000001, 434.425, 369.366, 258.054, 470.391, 1164.904, 429.225, 468.259, 177.25400000000002, 190.80700000000002, 383.896, 185.933, 158.219, 223.547, 749.308, 79.49, 130.656, 259.485, 79.49000000000001, 330.14, 366.507, 315.677, 141.468]",468.78354285714283,2769.439,66.28800000000001,492.7720658394474,-94.89181744028303,35,274.55066666666664,214.03460767174533,51.74008067226896,159.48066475638478,0.0,207.19363000000027,"{""MAE"": 270.4272708333333, ""MSE"": 161337.9456572361, ""RMSE"": 401.6689503275503, ""MAPE"": 156.97509955520636, ""R2"": -1.4295921887210783}","{""MAE"": 378.9844953107782, ""MSE"": 338819.1465495736, ""RMSE"": 582.0817352825749, ""MAPE"": 176.0556049697008, ""R2"": -2.7768042372008424}","{""MAE"": 278.9204202641057, ""MSE"": 188070.06370557516, ""RMSE"": 433.67045519100697, ""MAPE"": 109.07081552207836, ""R2"": 0.22548914241957996}","{""MAE"": 367.95268589043644, ""MSE"": 393493.6483648069, ""RMSE"": 627.2907207705267, ""MAPE"": 120.8126927326924, ""R2"": -0.6204870517010435}","{""MAE"": 226.83776304556525, ""MSE"": 130932.58997050923, ""RMSE"": 361.84608602347663, ""MAPE"": 113.9719918465735, ""R2"": 0.4607929058712896}","{""MAE"": 95.71021228571432, ""MSE"": 23184.071842784655, ""RMSE"": 152.26316640207065, ""MAPE"": 35.481534171951516, ""R2"": 0.9045232664286649}"
