ref_article,designation,marque,famille,frequency,next_period,avg_forecast,historical_periods,historical_values,avg_sales,max_sales,min_sales,std_sales,trend_pct,data_points,sma_forecast,es_forecast,lr_forecast,arima_forecast,prophet_forecast,xgb_forecast,sma_metrics,es_metrics,lr_metrics,arima_metrics,prophet_metrics,xgb_metrics
TRBSA6.00,TEINT RB SANS AMONIAQUE 60ML 6.00,RENEE BLANCHE,COLORATION SANS AMMONIAQUE,monthly,2025-09,367.3610924571472,"[""2022-10"", ""2022-11"", ""2022-12"", ""2023-01"", ""2023-02"", ""2023-03"", ""2023-04"", ""2023-05"", ""2023-06"", ""2023-07"", ""2023-08"", ""2023-09"", ""2023-10"", ""2023-11"", ""2023-12"", ""2024-01"", ""2024-02"", ""2024-03"", ""2024-04"", ""2024-05"", ""2024-06"", ""2024-07"", ""2024-08"", ""2024-09"", ""2024-10"", ""2024-11"", ""2024-12"", ""2025-01"", ""2025-02"", ""2025-03"", ""2025-04"", ""2025-05"", ""2025-06"", ""2025-07"", ""2025-08""]","[2049.266, 1253.959, 902.792, 654.756, 273.854, 481.276, 254.853, 304.751, 406.236, 958.298, 1353.316, 223.08700000000002, 94.428, 209.308, 593.8389999999999, 183.497, 377.502, 1510.523, 242.124, 463.08299999999997, 206.796, 363.44100000000003, 318.567, 481.05, 260.702, 449.479, 1137.021, 251.719, 262.226, 657.852, 338.671, 356.793, 554.571, 476.026, 367.452]",550.6604000000001,2049.266,94.428,431.4317908472538,-82.06909205539935,35,466.0163333333333,416.1470817404656,295.9661378151268,402.568194765627,212.8338770883305,410.6349300000001,"{""MAE"": 325.72434375000006, ""MSE"": 192707.9300525174, ""RMSE"": 438.9851137026373, ""MAPE"": 99.50018625723509, ""R2"": -0.7893146601219023}","{""MAE"": 379.47528769100217, ""MSE"": 238926.402440741, ""RMSE"": 488.80098449240154, ""MAPE"": 103.61038692288615, ""R2"": -0.9328791770968945}","{""MAE"": 301.7697781832733, ""MSE"": 165711.61529758977, ""RMSE"": 407.07691570216775, ""MAPE"": 80.6512603103731, ""R2"": 0.10971580563390004}","{""MAE"": 392.29516749562947, ""MSE"": 323345.7875691361, ""RMSE"": 568.6350214057661, ""MAPE"": 94.05997291023137, ""R2"": -0.7371723971834787}","{""MAE"": 225.93259906212145, ""MSE"": 95538.93729519293, ""RMSE"": 309.09373545122673, ""MAPE"": 72.3228739080005, ""R2"": 0.4867179004459242}","{""MAE"": 107.87658257142854, ""MSE"": 22898.659485011707, ""RMSE"": 151.32303025320272, ""MAPE"": 27.131776226745313, ""R2"": 0.8769771535020827}"
