ref_article,designation,marque,famille,frequency,next_period,avg_forecast,historical_periods,historical_values,avg_sales,max_sales,min_sales,std_sales,trend_pct,data_points,sma_forecast,es_forecast,lr_forecast,arima_forecast,prophet_forecast,xgb_forecast,sma_metrics,es_metrics,lr_metrics,arima_metrics,prophet_metrics,xgb_metrics
TRBSA7.0,TEINT RB SANS AMONIAQUE 60ML 7.0,RENEE BLANCHE,COLORATION SANS AMMONIAQUE,monthly,2025-09,743.6963515446623,"[""2022-10"", ""2022-11"", ""2022-12"", ""2023-01"", ""2023-02"", ""2023-03"", ""2023-04"", ""2023-05"", ""2023-06"", ""2023-07"", ""2023-08"", ""2023-09"", ""2023-10"", ""2023-11"", ""2023-12"", ""2024-01"", ""2024-02"", ""2024-03"", ""2024-04"", ""2024-05"", ""2024-06"", ""2024-07"", ""2024-08"", ""2024-09"", ""2024-10"", ""2024-11"", ""2024-12"", ""2025-03"", ""2025-04"", ""2025-05"", ""2025-06"", ""2025-07"", ""2025-08""]","[4428.667, 1559.8700000000001, 1370.578, 809.525, 413.683, 710.6, 899.1650000000001, 382.449, 1029.276, 1559.143, 819.2429999999999, 482.291, 373.65, 321.867, 578.078, 470.39099999999996, 1617.67, 2495.045, 514.705, 1140.272, 712.009, 574.095, 795.203, 792.006, 250.651, 794.748, 258.978, 1334.126, 599.376, 911.467, 1304.634, 1012.204, 789.725]",972.890606060606,4428.667,250.651,773.692680943873,-82.16788482855,33,1035.521,875.4072717087466,609.7919138140915,890.3068771038829,185.48934664125204,865.6617000000006,"{""MAE"": 479.41246666666666, ""MSE"": 410184.24712605187, ""RMSE"": 640.4562804173692, ""MAPE"": 69.84972803004538, ""R2"": -0.8500462134489215}","{""MAE"": 675.6062351470118, ""MSE"": 954402.3414785861, ""RMSE"": 976.9351777260281, ""MAPE"": 94.6456850021945, ""R2"": -3.105937625169741}","{""MAE"": 507.13207122517014, ""MSE"": 560230.3664645317, ""RMSE"": 748.4853815970836, ""MAPE"": 71.50388577730295, ""R2"": 0.06409952341188352}","{""MAE"": 650.2081464074412, ""MSE"": 1102499.7112993728, ""RMSE"": 1049.9998625235019, ""MAPE"": 70.09581459483199, ""R2"": -0.8417959236214825}","{""MAE"": 345.3222355080901, ""MSE"": 321787.4896641165, ""RMSE"": 567.2631573301024, ""MAPE"": 50.90566118819233, ""R2"": 0.46243352205756094}","{""MAE"": 186.75988515151508, ""MSE"": 81522.7345844392, ""RMSE"": 285.521863583928, ""MAPE"": 20.975316605702325, ""R2"": 0.863811084301205}"
