ref_article,designation,marque,famille,frequency,next_period,avg_forecast,historical_periods,historical_values,avg_sales,max_sales,min_sales,std_sales,trend_pct,data_points,sma_forecast,es_forecast,lr_forecast,arima_forecast,prophet_forecast,xgb_forecast,sma_metrics,es_metrics,lr_metrics,arima_metrics,prophet_metrics,xgb_metrics
TRBSA6.5,TEINT RB SANS AMONIAQUE 60ML 6.5,RENEE BLANCHE,COLORATION SANS AMMONIAQUE,monthly,2025-09,104.09167768453646,"[""2022-10"", ""2022-11"", ""2022-12"", ""2023-02"", ""2023-03"", ""2023-04"", ""2023-05"", ""2023-06"", ""2023-07"", ""2023-08"", ""2023-09"", ""2023-10"", ""2023-11"", ""2023-12"", ""2024-01"", ""2024-02"", ""2024-03"", ""2024-04"", ""2024-05"", ""2024-06"", ""2024-07"", ""2024-08"", ""2024-09"", ""2024-10"", ""2024-11"", ""2024-12"", ""2025-01"", ""2025-02"", ""2025-03"", ""2025-04"", ""2025-05"", ""2025-06"", ""2025-07"", ""2025-08""]","[947.466, 1010.564, 316.934, 162.166, 215.834, 134.897, 40.324, 214.531, 658.0920000000001, 83.549, 192.918, 40.179, 239.18900000000002, 97.641, 69.592, 123.752, 335.349, 113.244, 83.702, 147.711, 131.56900000000002, 59.084, 191.567, 101.265, 160.857, 353.30899999999997, 132.483, 79.489, 123.348, 26.496, 79.49, 155.78199999999998, 141.316, 143.904]",209.0468529411765,1010.564,26.496,225.0296425688288,-84.81169772846731,34,147.00066666666666,134.0338344732703,15.098706950750966,143.2775261061349,42.49749191039566,142.6418400000002,"{""MAE"": 128.28845161290326, ""MSE"": 34881.31474437277, ""RMSE"": 186.76540028702524, ""MAPE"": 112.08529097008409, ""R2"": -1.4870508580614503}","{""MAE"": 151.405412705319, ""MSE"": 49965.24495263685, ""RMSE"": 223.52906959193663, ""MAPE"": 135.44562912879695, ""R2"": -0.42152603928313837}","{""MAE"": 140.27542674282424, ""MSE"": 38592.13540800273, ""RMSE"": 196.44881116464597, ""MAPE"": 109.14163861254107, ""R2"": 0.23788703615497997}","{""MAE"": 158.7284126939193, ""MSE"": 65753.24540713806, ""RMSE"": 256.4239563830534, ""MAPE"": 105.43147335765966, ""R2"": -0.29848737857795493}","{""MAE"": 102.89480579142261, ""MSE"": 22891.654481100846, ""RMSE"": 151.29988262090902, ""MAPE"": 87.73743704135777, ""R2"": 0.5479382921036764}","{""MAE"": 44.61819205882359, ""MSE"": 4195.709024173804, ""RMSE"": 64.77429292685335, ""MAPE"": 34.404149818639326, ""R2"": 0.917143630274957}"
