ref_article,designation,marque,famille,frequency,next_period,avg_forecast,historical_periods,historical_values,avg_sales,max_sales,min_sales,std_sales,trend_pct,data_points,sma_forecast,es_forecast,lr_forecast,arima_forecast,prophet_forecast,xgb_forecast,sma_metrics,es_metrics,lr_metrics,arima_metrics,prophet_metrics,xgb_metrics
TRBSA5.14,TEINT RB SANS AMONIAQUE 60ML 5.14,RENEE BLANCHE,COLORATION SANS AMMONIAQUE,monthly,2025-09,110.0099758482562,"[""2022-10"", ""2022-11"", ""2022-12"", ""2023-01"", ""2023-02"", ""2023-03"", ""2023-04"", ""2023-05"", ""2023-06"", ""2023-07"", ""2023-08"", ""2023-09"", ""2023-10"", ""2023-11"", ""2023-12"", ""2024-01"", ""2024-02"", ""2024-03"", ""2024-04"", ""2024-05"", ""2024-06"", ""2024-07"", ""2024-08"", ""2024-09"", ""2024-10"", ""2024-11"", ""2024-12"", ""2025-01"", ""2025-02"", ""2025-03"", ""2025-04"", ""2025-05"", ""2025-06"", ""2025-07"", ""2025-08""]","[1879.703, 1091.212, 582.231, 668.826, 273.854, 346.379, 254.854, 136.782, 343.962, 536.057, 122.858, 166.808, 184.794, 97.184, 108.766, 163.61, 198.268, 578.236, 92.433, 87.71300000000001, 201.872, 128.01600000000002, 118.168, 138.065, 103.397, 141.62, 550.389, 37.613, 79.49, 309.433, 105.98599999999999, 249.619, 182.279, 383.442, 65.328]",305.97848571428574,1879.703,37.613,347.162078514869,-96.52455733698355,35,210.34966666666665,155.88383022323688,0.0,139.54463819963377,0.0,154.28171999999984,"{""MAE"": 157.29617708333333, ""MSE"": 44477.54821145486, ""RMSE"": 210.89700854079192, ""MAPE"": 95.78286629390848, ""R2"": -0.7112377069536311}","{""MAE"": 246.1727974537652, ""MSE"": 128866.75418624356, ""RMSE"": 358.9801584854566, ""MAPE"": 119.56041078109845, ""R2"": -1.6255171489086573}","{""MAE"": 208.68736057623047, ""MSE"": 90371.71755793395, ""RMSE"": 300.6188908866739, ""MAPE"": 98.81613883927466, ""R2"": 0.2501610833729103}","{""MAE"": 231.29794694521658, ""MSE"": 168301.1954050918, ""RMSE"": 410.24528687736534, ""MAPE"": 114.19551801993187, ""R2"": -0.3964411592453889}","{""MAE"": 168.597946252862, ""MSE"": 63397.16431209251, ""RMSE"": 251.78793519962886, ""MAPE"": 87.87723600698541, ""R2"": 0.4739763469192183}","{""MAE"": 61.84073971428566, ""MSE"": 8415.584564361514, ""RMSE"": 91.73649526966634, ""MAPE"": 31.693355734512718, ""R2"": 0.9301735876771494}"
