ref_article,designation,marque,famille,frequency,next_period,avg_forecast,historical_periods,historical_values,avg_sales,max_sales,min_sales,std_sales,trend_pct,data_points,sma_forecast,es_forecast,lr_forecast,arima_forecast,prophet_forecast,xgb_forecast,sma_metrics,es_metrics,lr_metrics,arima_metrics,prophet_metrics,xgb_metrics
TRBSA7.31,TEINT RB SANS AMONIAQUE 60ML 7.31,RENEE BLANCHE,COLORATION SANS AMMONIAQUE,monthly,2025-09,71.37505572539779,"[""2022-10"", ""2022-11"", ""2022-12"", ""2023-01"", ""2023-02"", ""2023-03"", ""2023-04"", ""2023-05"", ""2023-06"", ""2023-07"", ""2023-08"", ""2023-09"", ""2023-10"", ""2023-11"", ""2023-12"", ""2024-01"", ""2024-02"", ""2024-03"", ""2024-04"", ""2024-05"", ""2024-06"", ""2024-07"", ""2024-08"", ""2024-09"", ""2024-11"", ""2024-12"", ""2025-01"", ""2025-02"", ""2025-03"", ""2025-04"", ""2025-05"", ""2025-06"", ""2025-07"", ""2025-08""]","[1823.133, 1088.891, 618.058, 56.28, 134.89600000000002, 400.918, 335.211, 164.053, 172.9, 491.72, 148.966, 162.747, 42.21, 167.96800000000002, 137.717, 82.93199999999999, 29.542, 377.104, 170.857, 271.464, 147.71, 191.11100000000002, 103.397, 206.287, 205.983, 434.708, 92.739, 92.738, 229.029, 191.873, 131.417, 92.83099999999999, 142.077, 90.911]",271.4817058823529,1823.133,29.542,335.75875296457315,-95.01347405811863,34,108.60633333333332,118.44139677692476,0.0,85.16604088809162,8.661543354037008,107.37502,"{""MAE"": 147.61998924731182, ""MSE"": 63181.72284817565, ""RMSE"": 251.3597478678232, ""MAPE"": 151.11979877749138, ""R2"": -3.906812698999169}","{""MAE"": 223.84234953658657, ""MSE"": 134863.18498905055, ""RMSE"": 367.2372325745996, ""MAPE"": 176.21615339605606, ""R2"": -2.29086859554097}","{""MAE"": 189.98029834660977, ""MSE"": 88375.38465379912, ""RMSE"": 297.27997688004336, ""MAPE"": 136.47074280372712, ""R2"": 0.21607118048894758}","{""MAE"": 219.37815415588526, ""MSE"": 151880.03418081492, ""RMSE"": 389.71789050647254, ""MAPE"": 109.85673778102762, ""R2"": -0.34724319864723996}","{""MAE"": 136.98045264258946, ""MSE"": 50579.86015373083, ""RMSE"": 224.89966685998186, ""MAPE"": 111.9726505797577, ""R2"": 0.5513342293594895}","{""MAE"": 53.547125294117635, ""MSE"": 6972.365308827816, ""RMSE"": 83.50069046916808, ""MAPE"": 34.05565555443624, ""R2"": 0.9381520303740569}"
