ref_article,designation,marque,famille,frequency,next_period,avg_forecast,historical_periods,historical_values,avg_sales,max_sales,min_sales,std_sales,trend_pct,data_points,sma_forecast,es_forecast,lr_forecast,arima_forecast,prophet_forecast,xgb_forecast,sma_metrics,es_metrics,lr_metrics,arima_metrics,prophet_metrics,xgb_metrics
TRBSA4.5,TEINT RB SANS AMONIAQUE 60ML 4.5,RENEE BLANCHE,COLORATION SANS AMMONIAQUE,monthly,2025-09,177.15930721339043,"[""2022-10"", ""2022-11"", ""2022-12"", ""2023-01"", ""2023-02"", ""2023-03"", ""2023-04"", ""2023-05"", ""2023-06"", ""2023-07"", ""2023-08"", ""2023-09"", ""2023-10"", ""2023-11"", ""2023-12"", ""2024-01"", ""2024-02"", ""2024-03"", ""2024-04"", ""2024-05"", ""2024-06"", ""2024-07"", ""2024-08"", ""2024-09"", ""2024-10"", ""2024-11"", ""2024-12"", ""2025-01"", ""2025-02"", ""2025-03"", ""2025-04"", ""2025-05"", ""2025-06"", ""2025-07"", ""2025-08""]","[1588.152, 956.025, 421.37, 341.448, 162.166, 215.834, -77.16499999999999, 96.604, 139.345, 375.971, 83.549, 140.699, 42.21, 125.759, 0.2680000000000007, 128.676, 59.084, 261.951, 73.855, 68.474, 162.482, 141.873, 29.542, 52.028, 231.617, 157.305, 167.609, 145.731, 52.992999999999995, 335.777, 291.46299999999997, 184.411, 506.022, 242.582, 196.898]",231.50308571428573,1588.152,-77.16499999999999,293.38956748405076,-87.6020683158791,35,315.1673333333334,237.7193112923002,72.37534117647101,198.68022747823778,0.0,239.01363000000015,"{""MAE"": 130.26729166666667, ""MSE"": 34558.02003641667, ""RMSE"": 185.89787528752626, ""MAPE"": 1292.6328377805546, ""R2"": -1.4571467282109465}","{""MAE"": 203.98732642317836, ""MSE"": 101379.99338486904, ""RMSE"": 318.40225091049376, ""MAPE"": 1682.4771755438783, ""R2"": -2.0828868792656285}","{""MAE"": 181.05373282112853, ""MSE"": 78105.81119016788, ""RMSE"": 279.47416909290183, ""MAPE"": 2875.663472810945, ""R2"": 0.09260994837860215}","{""MAE"": 191.82778153855213, ""MSE"": 113671.79268938919, ""RMSE"": 337.15247691421337, ""MAPE"": 1402.1177529987049, ""R2"": -0.32057592469260143}","{""MAE"": 161.56739022744597, ""MSE"": 57188.71833803958, ""RMSE"": 239.14162819977534, ""MAPE"": 1522.7274438269508, ""R2"": 0.33561314716301616}","{""MAE"": 50.1110022857143, ""MSE"": 5365.823516937417, ""RMSE"": 73.25178166391188, ""MAPE"": 573.8606979434729, ""R2"": 0.9376628345082977}"
