ref_article,designation,marque,famille,frequency,next_period,avg_forecast,historical_periods,historical_values,avg_sales,max_sales,min_sales,std_sales,trend_pct,data_points,sma_forecast,es_forecast,lr_forecast,arima_forecast,prophet_forecast,xgb_forecast,sma_metrics,es_metrics,lr_metrics,arima_metrics,prophet_metrics,xgb_metrics
TRBSA10.21,TEINT RB SANS AMONIAQUE 60ML 10.21,RENEE BLANCHE,COLORATION SANS AMMONIAQUE,monthly,2025-09,39.781218733554546,"[""2022-10"", ""2022-11"", ""2022-12"", ""2023-02"", ""2023-03"", ""2023-04"", ""2023-05"", ""2023-06"", ""2023-07"", ""2023-08"", ""2023-09"", ""2023-11"", ""2023-12"", ""2024-01"", ""2024-02"", ""2024-03"", ""2024-05"", ""2024-06"", ""2024-07"", ""2024-08"", ""2024-09"", ""2024-10"", ""2024-11"", ""2024-12"", ""2025-02"", ""2025-03"", ""2025-04"", ""2025-05"", ""2025-06"", ""2025-08""]","[604.858, 785.3009999999999, 314.468, 52.218, 132.865, 6.3840000000000146, 96.604, 93.412, 156.654, 28.14, 14.07, 111.688, 73.564, 82.231, 54.821, 185.08, 193.344, 14.771, 57.257, 44.313, 56.952, 27.41, 82.231, 28.629, 13.248, 256.896, 26.497, 26.497, 24.365, 75.227]",123.99983333333331,785.3009999999999,6.3840000000000146,170.71667427877557,-87.56286599499387,30,42.029666666666664,64.40397675167958,0.0,66.70727898298114,0.0,65.54638999999992,"{""MAE"": 90.01461728395063, ""MSE"": 18415.018483407406, ""RMSE"": 135.70194723513515, ""MAPE"": 280.2128568220284, ""R2"": -3.7932834269211098}","{""MAE"": 108.12560291146511, ""MSE"": 25368.556680364596, ""RMSE"": 159.27509748973503, ""MAPE"": 356.779886748272, ""R2"": -0.1583311565091401}","{""MAE"": 100.92866010078478, ""MSE"": 22050.18577192684, ""RMSE"": 148.49304957447282, ""MAPE"": 256.28423096781046, ""R2"": 0.24341039633416783}","{""MAE"": 106.3619534151767, ""MSE"": 30341.95722649615, ""RMSE"": 174.18942914682322, ""MAPE"": 218.07634045236267, ""R2"": -0.04109823064018214}","{""MAE"": 78.59195362276792, ""MSE"": 11860.79711793541, ""RMSE"": 108.90728679907241, ""MAPE"": 178.40264457253917, ""R2"": 0.5930303770027862}","{""MAE"": 33.138656, ""MSE"": 2341.4740023719273, ""RMSE"": 48.388779715673, ""MAPE"": 73.77845841423958, ""R2"": 0.9196589586241104}"
