ref_article,designation,marque,famille,frequency,next_period,avg_forecast,historical_periods,historical_values,avg_sales,max_sales,min_sales,std_sales,trend_pct,data_points,sma_forecast,es_forecast,lr_forecast,arima_forecast,prophet_forecast,xgb_forecast,sma_metrics,es_metrics,lr_metrics,arima_metrics,prophet_metrics,xgb_metrics
TRBSA4.0,TEINT RB SANS AMONIAQUE 60ML 4.0,RENEE BLANCHE,COLORATION SANS AMMONIAQUE,monthly,2025-09,317.0906326411034,"[""2022-10"", ""2022-11"", ""2022-12"", ""2023-01"", ""2023-02"", ""2023-03"", ""2023-04"", ""2023-05"", ""2023-06"", ""2023-07"", ""2023-08"", ""2023-09"", ""2023-10"", ""2023-11"", ""2023-12"", ""2024-01"", ""2024-02"", ""2024-03"", ""2024-04"", ""2024-05"", ""2024-06"", ""2024-07"", ""2024-08"", ""2024-09"", ""2024-10"", ""2024-11"", ""2024-12"", ""2025-01"", ""2025-02"", ""2025-03"", ""2025-04"", ""2025-05"", ""2025-06"", ""2025-07"", ""2025-08""]","[3124.0879999999997, 1252.798, 668.3910000000001, 126.629, 230.775, 611.5310000000001, 350.151, 232.373, 545.486, 1058.285, 650.404, 263.266, 132.57600000000002, 321.868, 472.72799999999995, 243.71, 660.133, 1623.834, 158.21800000000002, 377.654, 265.88100000000003, 297.503, 200.632, 370.293, 299.53499999999997, 158.21800000000002, 254.002, 185.022, 183.649, 338.368, 194.005, 479.437, 955.679, 186.695, 409.33]",510.94705714285715,3124.0879999999997,126.629,557.9141328686414,-86.8976162003119,35,517.2346666666666,409.63635708195085,146.55817815126102,355.3210446375303,61.78580930921089,412.0077400000006,"{""MAE"": 304.3494166666667, ""MSE"": 211165.65001729864, ""RMSE"": 459.5276379254012, ""MAPE"": 117.99744620313217, ""R2"": -1.1761160400503368}","{""MAE"": 443.2404434516228, ""MSE"": 477512.29711711884, ""RMSE"": 691.0226458786418, ""MAPE"": 147.91142992623492, ""R2"": -3.2005796670260906}","{""MAE"": 321.56169779912005, ""MSE"": 269467.30303870165, ""RMSE"": 519.1024013031549, ""MAPE"": 88.83250449072187, ""R2"": 0.13429216138397215}","{""MAE"": 425.5250015385875, ""MSE"": 542801.376516014, ""RMSE"": 736.750552436857, ""MAPE"": 102.57311208589968, ""R2"": -0.7438383104832347}","{""MAE"": 278.1997864220336, ""MSE"": 185105.2086814411, ""RMSE"": 430.2385485767647, ""MAPE"": 88.4973698564191, ""R2"": 0.4053192045301167}","{""MAE"": 116.31453457142865, ""MSE"": 38046.64397934443, ""RMSE"": 195.05548948784914, ""MAPE"": 29.407023087299912, ""R2"": 0.8777689257489573}"
