ref_article,designation,marque,famille,frequency,next_period,avg_forecast,historical_periods,historical_values,avg_sales,max_sales,min_sales,std_sales,trend_pct,data_points,sma_forecast,es_forecast,lr_forecast,arima_forecast,prophet_forecast,xgb_forecast,sma_metrics,es_metrics,lr_metrics,arima_metrics,prophet_metrics,xgb_metrics
TRBSA9.13,TEINT RB SANS AMONIAQUE 60ML 9.13,RENEE BLANCHE,COLORATION SANS AMMONIAQUE,monthly,2025-09,93.17903186342602,"[""2022-10"", ""2022-11"", ""2022-12"", ""2023-02"", ""2023-03"", ""2023-04"", ""2023-05"", ""2023-06"", ""2023-07"", ""2023-08"", ""2023-09"", ""2023-10"", ""2023-11"", ""2023-12"", ""2024-01"", ""2024-02"", ""2024-03"", ""2024-04"", ""2024-05"", ""2024-06"", ""2024-07"", ""2024-08"", ""2024-09"", ""2024-10"", ""2024-11"", ""2024-12"", ""2025-01"", ""2025-02"", ""2025-03"", ""2025-04"", ""2025-05"", ""2025-06"", ""2025-07"", ""2025-08""]","[1823.133, 1119.3519999999999, 675.3530000000001, 217.574, 351.021, 363.351, 136.78300000000002, 322.545, 413.973, 218.445, 92.397, 52.218, 153.46300000000002, 53.08599999999999, 126.544, 54.821, 826.331, 53.501000000000005, 184.96800000000002, 73.398, 156.644, 88.626, 69.134, 14.771, 84.363, 82.941, 79.49, 92.738, 180.3, 66.24199999999999, 102.354, 295.728, 172.534, 90.606]",261.4331764705882,1823.133,14.771,358.69527418166933,-95.03020350133534,34,186.2893333333333,126.2799244397334,0.0,109.70255340748956,0.0,136.8023799999998,"{""MAE"": 147.75025806451612, ""MSE"": 65769.70000087452, ""RMSE"": 256.45603911952344, ""MAPE"": 124.50124934313477, ""R2"": -1.6504200871983437}","{""MAE"": 231.49044574672095, ""MSE"": 134971.75831921177, ""RMSE"": 367.3850273476204, ""MAPE"": 151.2746700666009, ""R2"": -1.3924663636185226}","{""MAE"": 203.9460362063645, ""MSE"": 90536.98376796008, ""RMSE"": 300.89364195336543, ""MAPE"": 155.81444272687895, ""R2"": 0.2963208028707305}","{""MAE"": 213.72461682910867, ""MSE"": 166361.97539746013, ""RMSE"": 407.87495068643295, ""MAPE"": 115.44602577697944, ""R2"": -0.29301260555083863}","{""MAE"": 181.82023886238696, ""MSE"": 68348.16651849855, ""RMSE"": 261.4348226967833, ""MAPE"": 186.82401967487004, ""R2"": 0.46877860362281065}","{""MAE"": 57.93428147058825, ""MSE"": 9419.129580594581, ""RMSE"": 97.05220028724017, ""MAPE"": 38.9383900170683, ""R2"": 0.926791844999867}"
