ref_article,designation,marque,famille,frequency,next_period,avg_forecast,historical_periods,historical_values,avg_sales,max_sales,min_sales,std_sales,trend_pct,data_points,sma_forecast,es_forecast,lr_forecast,arima_forecast,prophet_forecast,xgb_forecast,sma_metrics,es_metrics,lr_metrics,arima_metrics,prophet_metrics,xgb_metrics
TRBSA9.31,TEINT RB SANS AMONIAQUE 60ML 9.31,RENEE BLANCHE,COLORATION SANS AMMONIAQUE,monthly,2025-09,52.57972587213519,"[""2022-10"", ""2022-11"", ""2022-12"", ""2023-01"", ""2023-02"", ""2023-03"", ""2023-04"", ""2023-05"", ""2023-06"", ""2023-07"", ""2023-08"", ""2023-09"", ""2023-10"", ""2023-11"", ""2023-12"", ""2024-01"", ""2024-02"", ""2024-03"", ""2024-04"", ""2024-05"", ""2024-06"", ""2024-07"", ""2024-08"", ""2024-09"", ""2024-10"", ""2024-11"", ""2024-12"", ""2025-01"", ""2025-03"", ""2025-04"", ""2025-05"", ""2025-06"", ""2025-07"", ""2025-08""]","[1102.089, 956.025, 551.77, 28.14, 134.89600000000002, 346.379, 164.48900000000003, 122.713, 172.9, 435.44000000000005, 107.62700000000001, 138.668, 42.21, 153.898, 52.21, 69.592, 54.821, 432.23, 108.321, 99.134, 59.084, 204.967, 29.542, 208.77499999999998, 59.084, 154.259, 95.581, 39.745, 203.598, 85.886, 130.961, 154.71699999999998, 88.931, 52.08]",201.19888235294115,1102.089,28.14,240.15949655676312,-95.27442883469485,34,98.57599999999998,84.2874883983368,0.0,57.431136834474465,0.0,75.18372999999988,"{""MAE"": 125.35825806451612, ""MSE"": 41057.426922551975, ""RMSE"": 202.6263233702669, ""MAPE"": 192.31651033701002, ""R2"": -2.8935628151524804}","{""MAE"": 155.82239352156006, ""MSE"": 54980.50489027205, ""RMSE"": 234.47922059379175, ""MAPE"": 205.05430963497892, ""R2"": -0.6130384688413117}","{""MAE"": 153.08857684167177, ""MSE"": 42899.04515202685, ""RMSE"": 207.1208467345256, ""MAPE"": 149.94230282698743, ""R2"": 0.25621383348741456}","{""MAE"": 163.25576697549013, ""MSE"": 69755.26997536595, ""RMSE"": 264.11222988602015, ""MAPE"": 156.31078064610998, ""R2"": -0.20942097114664082}","{""MAE"": 119.47675635719155, ""MSE"": 27543.165831445385, ""RMSE"": 165.96133836362426, ""MAPE"": 123.55257702018044, ""R2"": 0.522454971788031}","{""MAE"": 43.501538235294085, ""MSE"": 3487.9535830610603, ""RMSE"": 59.05889927065235, ""MAPE"": 48.49300950167356, ""R2"": 0.9395256557500267}"
