ref_article,designation,marque,famille,frequency,next_period,avg_forecast,historical_periods,historical_values,avg_sales,max_sales,min_sales,std_sales,trend_pct,data_points,sma_forecast,es_forecast,lr_forecast,arima_forecast,prophet_forecast,xgb_forecast,sma_metrics,es_metrics,lr_metrics,arima_metrics,prophet_metrics,xgb_metrics
TRBSA6.34,TEINT RB SANS AMONIAQUE 60ML 6.34,RENEE BLANCHE,COLORATION SANS AMMONIAQUE,monthly,2025-09,37.24866580506379,"[""2022-10"", ""2022-11"", ""2022-12"", ""2023-02"", ""2023-03"", ""2023-04"", ""2023-05"", ""2023-06"", ""2023-07"", ""2023-08"", ""2023-09"", ""2023-10"", ""2023-11"", ""2023-12"", ""2024-01"", ""2024-02"", ""2024-03"", ""2024-04"", ""2024-05"", ""2024-06"", ""2024-07"", ""2024-08"", ""2024-09"", ""2024-10"", ""2024-11"", ""2024-12"", ""2025-01"", ""2025-02"", ""2025-03"", ""2025-04"", ""2025-05"", ""2025-06"", ""2025-07"", ""2025-08""]","[944.2750000000001, 1024.634, 475.909, 79.487, 213.513, 106.757, 110.673, 133.446, 208.244, 41.339, 98.489, 28.14, 111.254, -20.962999999999994, 14.771, 54.821, 172.86700000000002, 128.01600000000002, 128.01500000000001, 9.847, 72.94200000000001, 59.084, 38.932, 29.542, 209.638, 472.77799999999996, 26.496, 26.496, 136.29000000000002, 39.745, 117.71199999999999, 167.965, 52.08, 26.496]",162.93323529411765,1024.634,-20.962999999999994,232.5589062341561,-97.1940377538323,34,82.18033333333334,63.39416724508579,0.0,27.395894251963554,0.0,50.52160000000003,"{""MAE"": 111.31424731182798, ""MSE"": 33278.755469903226, ""RMSE"": 182.42465696802947, ""MAPE"": 213.41836486287593, ""R2"": -2.9011223731875666}","{""MAE"": 141.58270569232386, ""MSE"": 46295.208047048545, ""RMSE"": 215.16321257837862, ""MAPE"": 223.9673158674398, ""R2"": -0.2627540358002811}","{""MAE"": 143.49817727599583, ""MSE"": 42409.13942238905, ""RMSE"": 205.93479410334976, ""MAPE"": 221.99089595905335, ""R2"": 0.21586018240362637}","{""MAE"": 136.21144897497675, ""MSE"": 53925.276061961005, ""RMSE"": 232.21816479759073, ""MAPE"": 197.04143871321332, ""R2"": 0.002928219931369269}","{""MAE"": 112.5024181955802, ""MSE"": 27534.76066930375, ""RMSE"": 165.9360137803236, ""MAPE"": 202.06530891817835, ""R2"": 0.4908856321335996}","{""MAE"": 34.13561117647057, ""MSE"": 2138.7483741765504, ""RMSE"": 46.24660392046697, ""MAPE"": 54.24746151708095, ""R2"": 0.9604548033076578}"
