ref_article,designation,marque,famille,frequency,next_period,avg_forecast,historical_periods,historical_values,avg_sales,max_sales,min_sales,std_sales,trend_pct,data_points,sma_forecast,es_forecast,lr_forecast,arima_forecast,prophet_forecast,xgb_forecast,sma_metrics,es_metrics,lr_metrics,arima_metrics,prophet_metrics,xgb_metrics
TRBSA10.0,TEINT RB SANS AMONIAQUE 60ML 10.0,RENEE BLANCHE,COLORATION SANS AMMONIAQUE,monthly,2025-09,190.57236343582258,"[""2022-10"", ""2022-11"", ""2022-12"", ""2023-01"", ""2023-02"", ""2023-03"", ""2023-04"", ""2023-05"", ""2023-06"", ""2023-07"", ""2023-08"", ""2023-09"", ""2023-10"", ""2023-11"", ""2023-12"", ""2024-01"", ""2024-02"", ""2024-03"", ""2024-04"", ""2024-05"", ""2024-06"", ""2024-07"", ""2024-08"", ""2024-09"", ""2024-10"", ""2024-11"", ""2024-12"", ""2025-01"", ""2025-02"", ""2025-03"", ""2025-04"", ""2025-05"", ""2025-06"", ""2025-07"", ""2025-08""]","[3000.069, 1266.868, 660.268, 56.279, 272.985, 634.739, 229.324, 237.061, 389.266, 956.46, 483.596, 82.38900000000001, 108.49700000000001, 167.96800000000002, 33.074000000000005, 143.447, 426.077, 1158.907, 206.339, 147.711, 227.149, 134.513, 58.767, 342.323, 14.314, 225.07, 402.63, 39.745, 117.40799999999999, 255.069, 105.986, 211.971, 353.258, 230.246, 300.905]",390.87651428571434,3000.069,14.314,535.8338904174033,-89.97006402186082,35,294.803,267.0734128692224,0.0,295.3969077457137,0.0,286.1608599999996,"{""MAE"": 256.07793749999996, ""MSE"": 166661.652270875, ""RMSE"": 408.2421490621406, ""MAPE"": 233.92515186764248, ""R2"": -1.7199184627983115}","{""MAE"": 407.79085464413305, ""MSE"": 411899.9489351264, ""RMSE"": 641.7943198059066, ""MAPE"": 301.01681409258845, ""R2"": -3.6052439218521473}","{""MAE"": 304.6350405442174, ""MSE"": 232915.04758486795, ""RMSE"": 482.61273044219206, ""MAPE"": 218.1628598534682, ""R2"": 0.18878272501630233}","{""MAE"": 380.2832885437706, ""MSE"": 453431.19213560526, ""RMSE"": 673.3729962922521, ""MAPE"": 215.19892650626585, ""R2"": -0.5792505460293518}","{""MAE"": 249.82321160875378, ""MSE"": 162082.94318468936, ""RMSE"": 402.59525976430643, ""MAPE"": 249.0570020925666, ""R2"": 0.4354830876965483}","{""MAE"": 98.95484085714283, ""MSE"": 28416.830828195863, ""RMSE"": 168.57292436270976, ""MAPE"": 59.746990941534364, ""R2"": 0.9010273303199864}"
