ref_article,designation,marque,famille,frequency,next_period,avg_forecast,historical_periods,historical_values,avg_sales,max_sales,min_sales,std_sales,trend_pct,data_points,sma_forecast,es_forecast,lr_forecast,arima_forecast,prophet_forecast,xgb_forecast,sma_metrics,es_metrics,lr_metrics,arima_metrics,prophet_metrics,xgb_metrics
TRBSA3.0,TEINT RB SANS AMONIAQUE 60ML 3.0,RENEE BLANCHE,COLORATION SANS AMMONIAQUE,monthly,2025-09,271.9635721916944,"[""2022-10"", ""2022-11"", ""2022-12"", ""2023-01"", ""2023-02"", ""2023-03"", ""2023-04"", ""2023-05"", ""2023-06"", ""2023-07"", ""2023-08"", ""2023-09"", ""2023-10"", ""2023-11"", ""2023-12"", ""2024-01"", ""2024-02"", ""2024-03"", ""2024-04"", ""2024-05"", ""2024-06"", ""2024-07"", ""2024-08"", ""2024-09"", ""2024-10"", ""2024-11"", ""2024-12"", ""2025-01"", ""2025-02"", ""2025-03"", ""2025-04"", ""2025-05"", ""2025-06"", ""2025-07"", ""2025-08""]","[2497.4719999999998, 1238.728, 736.565, 126.629, 329.264, 336.371, 402.369, 171.40200000000002, 787.72, 1031.596, 720.753, 319.545, 150.708, 379.016, 386.51699999999994, 204.361, 447.0930000000001, 1569.41, 201.871, 454.861, 292.834, 416.13, 327.576, 252.732, 158.219, 128.219, 767.125, 211.974, 196.898, 248.218, 158.98000000000002, 324.721, 345.491, 291.61699999999996, 426.842]",486.85220000000004,2497.4719999999998,126.629,470.3925851225488,-82.90903761884016,35,354.6499999999999,361.18254398976677,137.35593613445417,389.23163900322294,6.477204022723072,382.88410999999974,"{""MAE"": 285.6732708333333, ""MSE"": 182029.4578544444, ""RMSE"": 426.6491038950444, ""MAPE"": 105.38228400452887, ""R2"": -1.0873351747931959}","{""MAE"": 375.8264301927516, ""MSE"": 309838.2491988682, ""RMSE"": 556.6311608227375, ""MAPE"": 126.33052957075716, ""R2"": -1.9401917852585857}","{""MAE"": 281.8123761184473, ""MSE"": 182815.29795768938, ""RMSE"": 427.5690563612963, ""MAPE"": 82.38775913591195, ""R2"": 0.1737878066046219}","{""MAE"": 364.4601547165051, ""MSE"": 372345.67608811974, ""RMSE"": 610.2013406148169, ""MAPE"": 89.0955134661794, ""R2"": -0.6827724002246764}","{""MAE"": 236.1827954302416, ""MSE"": 119747.08451491511, ""RMSE"": 346.0449169037383, ""MAPE"": 79.33422937746043, ""R2"": 0.45881716434547226}","{""MAE"": 96.46950714285703, ""MSE"": 24634.237551541635, ""RMSE"": 156.95297879155285, ""MAPE"": 24.8505763619096, ""R2"": 0.8886684666575742}"
