ref_article,designation,marque,famille,frequency,next_period,avg_forecast,historical_periods,historical_values,avg_sales,max_sales,min_sales,std_sales,trend_pct,data_points,sma_forecast,es_forecast,lr_forecast,arima_forecast,prophet_forecast,xgb_forecast,sma_metrics,es_metrics,lr_metrics,arima_metrics,prophet_metrics,xgb_metrics
TRBSA8.0,TEINT RB SANS AMONIAQUE 60ML 8.0,RENEE BLANCHE,COLORATION SANS AMMONIAQUE,monthly,2025-09,391.1390458357983,"[""2022-10"", ""2022-11"", ""2022-12"", ""2023-01"", ""2023-02"", ""2023-03"", ""2023-04"", ""2023-05"", ""2023-06"", ""2023-07"", ""2023-08"", ""2023-09"", ""2023-10"", ""2023-11"", ""2023-12"", ""2024-01"", ""2024-02"", ""2024-03"", ""2024-04"", ""2024-05"", ""2024-06"", ""2024-07"", ""2024-08"", ""2024-09"", ""2024-10"", ""2024-11"", ""2024-12"", ""2025-01"", ""2025-02"", ""2025-03"", ""2025-04"", ""2025-05"", ""2025-06"", ""2025-07"", ""2025-08""]","[4295.8009999999995, 1507.652, 1100.784, 739.175, 329.264, 734.6790000000001, 551.335, 232.371, 531.174, 1385.616, 748.893, 301.415, 170.72400000000002, 307.798, 588.2379999999999, 264.875, 679.169, 2493.978, 366.689, 865.559, 472.218, 220.04500000000002, 316.43600000000004, 322.681, 165.872, 605.312, 950.225, 262.379, 357.706, 691.048, 299.992, 502.068, 428.028, 432.171, 632.876]",710.1213142857142,4295.8009999999995,165.872,762.6972790717267,-85.26756709633429,35,497.69166666666666,543.309721402722,200.23045378151437,545.318383163888,0.0,560.284049999999,"{""MAE"": 387.55263541666665, ""MSE"": 347904.7503019618, ""RMSE"": 589.8345109451988, ""MAPE"": 82.2401060951569, ""R2"": -0.8549369746398101}","{""MAE"": 618.2079308830296, ""MSE"": 879794.3770643884, ""RMSE"": 937.9735481688108, ""MAPE"": 119.91121330247255, ""R2"": -3.198611013184509}","{""MAE"": 442.3940725730298, ""MSE"": 499858.8483249493, ""RMSE"": 707.0069648348234, ""MAPE"": 88.04627933603346, ""R2"": 0.14070360430566042}","{""MAE"": 576.8140696545294, ""MSE"": 1007241.0295576379, ""RMSE"": 1003.6139843374234, ""MAPE"": 85.72646721215136, ""R2"": -0.7315259881759177}","{""MAE"": 360.2564568833983, ""MSE"": 339187.422194459, ""RMSE"": 582.3979929519495, ""MAPE"": 91.58804400624457, ""R2"": 0.4169103331205246}","{""MAE"": 160.91598371428577, ""MSE"": 79068.49629565248, ""RMSE"": 281.1912094921399, ""MAPE"": 24.138605127612355, ""R2"": 0.8640750801801218}"
