ref_article,designation,marque,famille,frequency,next_period,avg_forecast,historical_periods,historical_values,avg_sales,max_sales,min_sales,std_sales,trend_pct,data_points,sma_forecast,es_forecast,lr_forecast,arima_forecast,prophet_forecast,xgb_forecast,sma_metrics,es_metrics,lr_metrics,arima_metrics,prophet_metrics,xgb_metrics
TRBSA5.1,TEINT RB SANS AMONIAQUE 60ML 5.1,RENEE BLANCHE,COLORATION SANS AMMONIAQUE,monthly,2025-09,117.74235135710596,"[""2022-10"", ""2022-11"", ""2022-12"", ""2023-01"", ""2023-02"", ""2023-03"", ""2023-04"", ""2023-05"", ""2023-06"", ""2023-07"", ""2023-08"", ""2023-09"", ""2023-10"", ""2023-11"", ""2023-12"", ""2024-01"", ""2024-02"", ""2024-03"", ""2024-04"", ""2024-05"", ""2024-06"", ""2024-07"", ""2024-08"", ""2024-09"", ""2024-10"", ""2024-11"", ""2024-12"", ""2025-01"", ""2025-02"", ""2025-03"", ""2025-05"", ""2025-06"", ""2025-07"", ""2025-08""]","[1800.5059999999999, 1252.798, 813.296, 112.559, 246.585, 478.95500000000004, 325.202, 67.594, 259.44800000000004, 581.216, 507.82, 192.917, 80.358, 211.049, 176.02799999999996, 185.629, 381.764, 493.75100000000003, 143.447, 341.716, 251.108, 418.921, 3.8290000000000077, 143.447, 73.855, 84.363, 123.904, 114.972, 66.241, 305.322, 66.24199999999999, 710.966, 51.166, 103.85499999999999]",328.55379411764704,1800.5059999999999,3.8290000000000077,363.01267588682964,-94.23189925498721,34,288.6623333333334,166.79073062855582,0.0,94.00510418074686,0.0,156.99593999999973,"{""MAE"": 201.29355913978492, ""MSE"": 92735.28401570252, ""RMSE"": 304.5246853962787, ""MAPE"": 413.88233794830757, ""R2"": -2.0043487668129916}","{""MAE"": 260.64690080406484, ""MSE"": 141050.21256281738, ""RMSE"": 375.5665221539553, ""MAPE"": 403.20779756249044, ""R2"": -1.070429838752847}","{""MAE"": 212.8223712263199, ""MSE"": 99099.54459491807, ""RMSE"": 314.80080145215334, ""MAPE"": 271.92295196734875, ""R2"": 0.24798227287767538}","{""MAE"": 255.1105603309338, ""MSE"": 176326.30383874368, ""RMSE"": 419.9122573094809, ""MAPE"": 417.63089593519413, ""R2"": -0.3380536387600348}","{""MAE"": 195.7010673897052, ""MSE"": 73641.97870494772, ""RMSE"": 271.3705560759083, ""MAPE"": 164.6761095022444, ""R2"": 0.4411672256128071}","{""MAE"": 71.25383264705883, ""MSE"": 9732.753925317515, ""RMSE"": 98.65472074522087, ""MAPE"": 121.66002834154715, ""R2"": 0.9261429150307771}"
