ref_article,designation,marque,famille,frequency,next_period,avg_forecast,historical_periods,historical_values,avg_sales,max_sales,min_sales,std_sales,trend_pct,data_points,sma_forecast,es_forecast,lr_forecast,arima_forecast,prophet_forecast,xgb_forecast,sma_metrics,es_metrics,lr_metrics,arima_metrics,prophet_metrics,xgb_metrics
TRBSA10.3,TEINT RB SANS AMONIAQUE 60ML 10.3,RENEE BLANCHE,COLORATION SANS AMMONIAQUE,monthly,2025-09,16.66418482443822,"[""2022-10"", ""2022-11"", ""2022-12"", ""2023-01"", ""2023-02"", ""2023-03"", ""2023-04"", ""2023-05"", ""2023-06"", ""2023-07"", ""2023-08"", ""2023-09"", ""2023-10"", ""2023-11"", ""2023-12"", ""2024-01"", ""2024-02"", ""2024-03"", ""2024-04"", ""2024-05"", ""2024-06"", ""2024-07"", ""2024-08"", ""2024-09"", ""2024-10"", ""2024-11"", ""2024-12"", ""2025-01"", ""2025-02"", ""2025-03"", ""2025-04"", ""2025-05"", ""2025-06"", ""2025-07"", ""2025-08""]","[944.2750000000001, 994.173, 302.86400000000003, 313.308, 134.026, 213.513, -24.948, 68.464, 84.51599999999999, 198.86400000000003, 41.339, 40.179, 14.07, 69.04400000000001, -36.182, 42.181, 84.363, 305.808, 84.363, 14.771, 14.771, 87.71300000000001, 14.771, 39.389, 44.313, 126.84899999999999, 314.254, 26.496, 13.248, 132.484, 26.496, 13.248, 61.977999999999994, 24.365, 13.248]",138.3604,994.173,-36.182,225.8447344222132,-98.59701887691614,35,33.196999999999996,30.30168847064037,0.0,15.676030475988927,0.0,20.81039000000002,"{""MAE"": 98.57905208333334, ""MSE"": 21700.63080192708, ""RMSE"": 147.31133969225547, ""MAPE"": 233.30057830868074, ""R2"": -1.55294882051979}","{""MAE"": 134.12179951155872, ""MSE"": 41976.4606997295, ""RMSE"": 204.88157725800897, ""MAPE"": 262.4434285008959, ""R2"": -0.2781617735983064}","{""MAE"": 128.3618991116444, ""MSE"": 38300.11447038018, ""RMSE"": 195.70415036575022, ""MAPE"": 245.99565987848723, ""R2"": 0.2491034082165019}","{""MAE"": 129.39570552882597, ""MSE"": 50281.10230817437, ""RMSE"": 224.2344806406329, ""MAPE"": 200.8779922598516, ""R2"": 0.014208994505108707}","{""MAE"": 108.32186612598257, ""MSE"": 26245.256328437194, ""RMSE"": 162.00387751050033, ""MAPE"": 263.60886287952616, ""R2"": 0.4854460933074034}","{""MAE"": 33.60286885714289, ""MSE"": 2246.5679004321546, ""RMSE"": 47.39797358993478, ""MAPE"": 55.47917708871465, ""R2"": 0.9559546961419834}"
