ref_article,designation,marque,famille,next_year,sma_forecast,es_forecast,lr_forecast,arima_forecast,prophet_forecast,xgb_forecast,avg_forecast,historical_years,historical_values,avg_sales,max_sales,min_sales,std_sales,trend_pct,data_points
8006569145642,TEINT IALO NEUTRE 100ML,H. ZONE,IALO,2026,1323.1203333333333,1397.1191880499996,1170.1964000000153,718.2825036183251,343.5145748028617,1093.064579999999,1007.5495966340891,"[2020, 2021, 2022, 2023, 2024, 2025]","[1038.635, 2547.13, 2218.343, 1561.385, 1567.754, 840.222]",1628.9115,2547.13,840.222,601.291976886091,-19.103246087412806,6
