ref_article,designation,marque,famille,next_year,sma_forecast,es_forecast,lr_forecast,arima_forecast,prophet_forecast,xgb_forecast,avg_forecast,historical_years,historical_values,avg_sales,max_sales,min_sales,std_sales,trend_pct,data_points
8006569716163,TEINT IALO 11.3 100ML,H. ZONE,IALO,2026,770.3069999999999,1187.2368324999998,563.9479333332274,851.3121665540796,0.0,916.8674799999982,714.9452353978841,"[2020, 2021, 2022, 2023, 2024, 2025]","[979.762, 3278.932, 2437.578, 415.205, 1046.555, 849.161]",1501.1988333333331,3278.932,415.205,1009.9731418965913,-13.329869907181541,6
