ref_article,designation,marque,famille,next_year,sma_forecast,es_forecast,lr_forecast,arima_forecast,prophet_forecast,xgb_forecast,avg_forecast,historical_years,historical_values,avg_sales,max_sales,min_sales,std_sales,trend_pct,data_points
8006569715722,TEINT IALO 6.1 100ML,H. ZONE,IALO,2026,61931.80466666666,54076.76015527999,72324.91373333335,49689.03311991133,85996.00389617134,57664.47172000007,63613.83121522713,"[2020, 2021, 2022, 2023, 2024, 2025]","[33310.724, 37517.43, 58737.073, 62964.744, 70813.521, 52017.149]",52560.10683333333,70813.521,33310.724,13395.983125045996,56.157365417815576,6
