ref_article,designation,marque,famille,next_year,sma_forecast,es_forecast,lr_forecast,arima_forecast,prophet_forecast,xgb_forecast,avg_forecast,historical_years,historical_values,avg_sales,max_sales,min_sales,std_sales,trend_pct,data_points
8006569144515,TEINT IALO 6.4 100ML,H. ZONE,IALO,2026,4504.3966666666665,4190.98185244,5405.27006666665,5151.0702610672315,4770.998712241436,4886.973930000002,4818.281914846997,"[2020, 2021, 2022, 2023, 2024, 2025]","[2591.152, 4186.92, 3855.628, 3724.751, 4743.456999999999, 5044.982]",4024.4816666666666,5044.982,2591.152,791.3613417233761,94.70034949705767,6
