ref_article,designation,marque,famille,next_year,sma_forecast,es_forecast,lr_forecast,arima_forecast,prophet_forecast,xgb_forecast,avg_forecast,historical_years,historical_values,avg_sales,max_sales,min_sales,std_sales,trend_pct,data_points
8006569715906,TEINT IALO 6.5 100ML,H. ZONE,IALO,2026,2305.6949999999997,2229.0466707899996,2970.2761333332746,2701.611369866682,1829.6579988631563,2665.229519999998,2450.252782142185,"[2020, 2021, 2022, 2023, 2024, 2025]","[921.0540000000001, 2820.597, 2590.829, 1414.367, 2824.957, 2677.761]",2208.2608333333333,2824.957,921.0540000000001,753.7934511545402,190.72790520425508,6
