ref_article,designation,marque,famille,next_year,sma_forecast,es_forecast,lr_forecast,arima_forecast,prophet_forecast,xgb_forecast,avg_forecast,historical_years,historical_values,avg_sales,max_sales,min_sales,std_sales,trend_pct,data_points
8006569715920,TEINT IALO 4.35 100ML,H. ZONE,IALO,2026,1343.606,1614.2775641599997,1504.0963333333348,1907.5476892343695,381.45651611161765,1769.5319900000018,1420.0860154732206,"[2020, 2021, 2022, 2023, 2024, 2025]","[1501.685, 2147.477, 2181.3610000000003, 638.543, 1431.153, 1961.122]",1643.5568333333333,2181.3610000000003,638.543,535.3055672287921,30.594765213743237,6
