ref_article,designation,marque,famille,next_year,sma_forecast,es_forecast,lr_forecast,arima_forecast,prophet_forecast,xgb_forecast,avg_forecast,historical_years,historical_values,avg_sales,max_sales,min_sales,std_sales,trend_pct,data_points
8006569715876,TEINT IALO 9.3 100ML,H. ZONE,IALO,2026,5749.663,6179.50080648,5592.799133333319,6368.69406799463,4915.9425729413815,6272.586320000007,5846.530983458223,"[2020, 2021, 2022, 2023, 2024, 2025]","[6667.626, 7443.772, 5978.965, 4566.727, 6316.9439999999995, 6365.318]",6223.225333333333,7443.772,4566.727,867.9333184086719,-4.533967562067819,6
