ref_article,designation,marque,famille,next_year,sma_forecast,es_forecast,lr_forecast,arima_forecast,prophet_forecast,xgb_forecast,avg_forecast,historical_years,historical_values,avg_sales,max_sales,min_sales,std_sales,trend_pct,data_points
8006569716125,TEINT IALO 5.2 100ML,H. ZONE,IALO,2026,3334.0946666666664,3264.3505283199993,3694.403333333321,3557.4795753546305,3223.833467655403,3561.8914799999957,3439.342175221669,"[2020, 2021, 2022, 2023, 2024, 2025]","[2554.957, 3720.791, 3081.444, 2715.576, 3726.1369999999997, 3560.571]",3226.579333333333,3726.1369999999997,2554.957,472.33792590498405,39.35933168346865,6
