ref_article,designation,marque,famille,next_year,sma_forecast,es_forecast,lr_forecast,arima_forecast,prophet_forecast,xgb_forecast,avg_forecast,historical_years,historical_values,avg_sales,max_sales,min_sales,std_sales,trend_pct,data_points
8006569140296,H.Z OXY 20V 1L,H. ZONE,IALO,2026,33717.03533333333,29350.45520995,39118.11266666651,33734.572668231565,51193.20097273164,33711.712710000014,36804.18159348551,"[2020, 2021, 2022, 2023, 2024, 2025]","[22630.213, 16369.088, 20819.525999999998, 32235.501, 35418.883, 33496.722]",26828.322166666665,35418.883,16369.088,7195.232287251224,48.01770535699333,6
