ref_article,designation,marque,famille,next_year,sma_forecast,es_forecast,lr_forecast,arima_forecast,prophet_forecast,xgb_forecast,avg_forecast,historical_years,historical_values,avg_sales,max_sales,min_sales,std_sales,trend_pct,data_points
8006569715852,TEINT IALO 7.3 100ML,H. ZONE,IALO,2026,12108.118666666667,12033.660289299998,13649.750133333262,14317.91839849478,13111.92135025126,13491.261959999993,13118.771799674325,"[2020, 2021, 2022, 2023, 2024, 2025]","[10405.801, 11273.601, 11424.668, 9636.584, 12508.755, 14179.017]",11571.404333333334,14179.017,9636.584,1465.7563077062143,36.26069727837387,6
