ref_article,designation,marque,famille,next_year,sma_forecast,es_forecast,lr_forecast,arima_forecast,prophet_forecast,xgb_forecast,avg_forecast,historical_years,historical_values,avg_sales,max_sales,min_sales,std_sales,trend_pct,data_points
8006569715685,TEINT IALO 7.0 100ML,H. ZONE,IALO,2026,112888.71399999999,94794.41162592,143494.7602000013,107621.44955651522,171935.38819888415,115771.27072000009,124417.6657168868,"[2020, 2021, 2022, 2023, 2024, 2025]","[46468.989, 55341.813, 76047.807, 95952.352, 130515.047, 112198.743]",86087.45850000001,130515.047,46468.989,29912.757498284816,141.44864223321062,6
