ref_article,designation,marque,famille,next_year,sma_forecast,es_forecast,lr_forecast,arima_forecast,prophet_forecast,xgb_forecast,avg_forecast,historical_years,historical_values,avg_sales,max_sales,min_sales,std_sales,trend_pct,data_points
8006569715715,TEINT IALO 1.1 100ML,H. ZONE,IALO,2026,14142.753333333334,13836.955841449999,14066.525133333314,9693.287003727579,13848.017836448947,12834.353189999985,13070.315389715526,"[2020, 2021, 2022, 2023, 2024, 2025]","[11760.455, 16395.59, 16514.181, 14732.521, 16603.441, 11092.298]",14516.414333333332,16603.441,11092.298,2281.9815859094674,-5.681387327276022,6
