ref_article,designation,marque,famille,frequency,next_period,avg_forecast,historical_periods,historical_values,avg_sales,max_sales,min_sales,std_sales,trend_pct,data_points,sma_forecast,es_forecast,lr_forecast,arima_forecast,prophet_forecast,xgb_forecast,sma_metrics,es_metrics,lr_metrics,arima_metrics,prophet_metrics,xgb_metrics
6192488208871,TEINT RENEE BLANCHE 6.11 60ML,RENEE BLANCHE,COLORATION 60ML,yearly,2026,6980.552394062791,"[""2023"", ""2024"", ""2025""]","[3774.054, 8140.629, 4024.1549999999997]",5312.946,8140.629,3774.054,2002.0790841717517,6.626852715938872,3,5312.946,4543.492035,5563.0470000000205,4330.010476603088,16928.391442773624,5205.427410000011,,"{""MAE"": 2713.22325, ""MSE"": 10095152.413568625, ""RMSE"": 3177.2869580144356, ""MAPE"": 39.988511567252715, ""R2"": -1.382989441422815}","{""MAE"": 1885.1220000000085, ""MSE"": 3997895.574244527, ""RMSE"": 1999.4738243459271, ""MAPE"": 35.777150649241875, ""R2"": 0.002600861038735025}",,"{""MAE"": 0.14406069324013515, ""MSE"": 0.020755362593813394, ""RMSE"": 0.1440672155412653, ""MAPE"": 0.003050950897050065, ""R2"": 0.9999999948219306}","{""MAE"": 1223.406720000006, ""MSE"": 1520797.7889285388, ""RMSE"": 1233.2063042851098, ""MAPE"": 24.988552594152978, ""R2"": 0.6205897885418994}"
