ref_article,designation,marque,famille,frequency,next_period,avg_forecast,historical_periods,historical_values,avg_sales,max_sales,min_sales,std_sales,trend_pct,data_points,sma_forecast,es_forecast,lr_forecast,arima_forecast,prophet_forecast,xgb_forecast,sma_metrics,es_metrics,lr_metrics,arima_metrics,prophet_metrics,xgb_metrics
6192488208970,TEINT HZ TRESOR SA 6.11,H. ZONE,TRESOR,yearly,2026,11124.273055502752,"[""2023"", ""2024"", ""2025""]","[9431.987000000001, 12557.525, 8927.895]",10305.802333333335,12557.525,8927.895,1605.4528772906688,-5.344494219510699,3,10305.802333333335,9634.354166,9801.71033333335,8258.811273973302,18739.267926376517,10005.692300000013,,"{""MAE"": 2283.645699999999, ""MSE"": 5923820.327927776, ""RMSE"": 2433.889958056398, ""MAPE"": 20.519311418080616, ""R2"": -0.7986106362932501}","{""MAE"": 1501.1484444444704, ""MSE"": 2535127.483790264, ""RMSE"": 1592.208366951469, ""MAPE"": 14.159497793543546, ""R2"": 0.01643134953835579}",,"{""MAE"": 0.018040649185422808, ""MSE"": 0.0003287949178418276, ""RMSE"": 0.018132702993261307, ""MAPE"": 0.0001778218456999502, ""R2"": 0.9999999998724355}","{""MAE"": 953.1179866666704, ""MSE"": 933446.8858209326, ""RMSE"": 966.1505502875484, ""MAPE"": 9.39523005881201, ""R2"": 0.6378450000503106}"
