ref_article,designation,marque,famille,frequency,next_period,avg_forecast,historical_periods,historical_values,avg_sales,max_sales,min_sales,std_sales,trend_pct,data_points,sma_forecast,es_forecast,lr_forecast,arima_forecast,prophet_forecast,xgb_forecast,sma_metrics,es_metrics,lr_metrics,arima_metrics,prophet_metrics,xgb_metrics
6192488209014,TEINT HZ TRESOR SA 10.11,H. ZONE,TRESOR,yearly,2026,3968.5086105107634,"[""2023"", ""2024"", ""2025""]","[7419.249, 5802.822, 3644.073]",5622.048,7419.249,3644.073,1546.500972529277,-50.88353282117907,3,5622.048,5256.294470999999,1846.871999999974,3990.5661464426435,2636.40203562197,4458.869009999991,,"{""MAE"": 2453.33745, ""MSE"": 6719283.744891704, ""RMSE"": 2592.1581249784326, ""MAPE"": 59.07313627515656, ""R2"": -4.767381414681095}","{""MAE"": 120.515999999984, ""MSE"": 16339.619538000035, ""RMSE"": 127.82652126221708, ""MAPE"": 2.2713127347275033, ""R2"": 0.9931680993052382}",,"{""MAE"": 0.03297127002542766, ""MSE"": 0.0010881258955672108, ""RMSE"": 0.03298675333474349, ""MAPE"": 0.0006331895658073218, ""R2"": 0.9999999995450342}","{""MAE"": 578.719799999997, ""MSE"": 366866.4969961711, ""RMSE"": 605.6950528080703, ""MAPE"": 12.071276160784256, ""R2"": 0.8466062523742377}"
