ref_article,designation,marque,famille,frequency,next_period,avg_forecast,historical_periods,historical_values,avg_sales,max_sales,min_sales,std_sales,trend_pct,data_points,sma_forecast,es_forecast,lr_forecast,arima_forecast,prophet_forecast,xgb_forecast,sma_metrics,es_metrics,lr_metrics,arima_metrics,prophet_metrics,xgb_metrics
6192488205986,Gel douche RB relaxant MM 470ml ,RENEE BLANCHE,MASS MARKET,yearly,2026,23692.143130103166,"[""2023"", ""2024"", ""2025""]","[22429.802, 31831.752, 14827.042]",23029.532000000003,31831.752,14827.042,6955.084356099979,-33.89579631599066,3,23029.532000000003,19934.481049999995,15426.77199999988,13382.484881590508,50241.04294902862,20138.545899999972,,"{""MAE"": 9912.6475, ""MSE"": 98521392.39576246, ""RMSE"": 9925.7942954588, ""MAPE"": 49.91797338096011, ""R2"": -0.362862596999606}","{""MAE"": 5868.146666666554, ""MSE"": 38739538.464200005, ""RMSE"": 6224.109451495853, ""MAPE"": 25.652342492001612, ""R2"": 0.19915284196245575}",,"{""MAE"": 0.18000193717792476, ""MSE"": 0.03251614321562529, ""RMSE"": 0.18032233143907964, ""MAPE"": 0.0008766174139185844, ""R2"": 0.9999999993278066}","{""MAE"": 3556.8717999999867, ""MSE"": 14543248.671052618, ""RMSE"": 3813.5611534434083, ""MAPE"": 18.409921057222135, ""R2"": 0.6993531717573523}"
