ref_article,designation,marque,famille,frequency,next_period,avg_forecast,historical_periods,historical_values,avg_sales,max_sales,min_sales,std_sales,trend_pct,data_points,sma_forecast,es_forecast,arima_forecast,xgb_forecast,sma_metrics,es_metrics,arima_metrics,xgb_metrics
6192488205993,KIT COLORATION RB SO COLOR 1.0,RENEE BLANCHE,MASS MARKET,yearly,2026,38649.71114940456,"['2022', '2023', '2024', '2025']","[564.5360000000001, 63761.45, 50610.324, 38154.597]",38272.72675,63761.45,564.5360000000001,23578.660495745506,6658.576423824166,4,38272.72675,33595.1603966,40043.62080101821,42687.33665000004,,"{""MAE"": 34529.53348666667, ""MSE"": 1682272076.7366178, ""RMSE"": 41015.510197200005, ""MAPE"": 61.6419421718752, ""R2"": -14.389635033621357}","{""MAE"": 20465.990920547178, ""MSE"": 1056630065.2427, ""RMSE"": 32505.846631686123, ""MAPE"": 61.04226384910223, ""R2"": -0.9005736575581365}","{""MAE"": 11344.726430000012, ""MSE"": 187151338.48940572, ""RMSE"": 13680.326695273243, ""MAPE"": 827.5294686205616, ""R2"": 0.6633685566878034}"
