ref_article,designation,marque,famille,frequency,next_period,avg_forecast,historical_periods,historical_values,avg_sales,max_sales,min_sales,std_sales,trend_pct,data_points,sma_forecast,es_forecast,lr_forecast,arima_forecast,prophet_forecast,xgb_forecast,sma_metrics,es_metrics,lr_metrics,arima_metrics,prophet_metrics,xgb_metrics
6192488208895,TEINT RENEE BLANCHE 8.11 60ML,RENEE BLANCHE,COLORATION 60ML,yearly,2026,8567.121670082728,"[""2023"", ""2024"", ""2025""]","[4288.058, 10087.688, 4568.277]",6314.674333333333,10087.688,4288.058,2670.3751008213976,6.5348696309611505,3,6314.674333333333,5283.5153,6594.893333333312,5424.285830859237,21630.465982970483,6154.895240000001,,"{""MAE"": 3629.65, ""MSE"": 17883172.3229, ""RMSE"": 4228.850000047294, ""MAPE"": 44.72223604764647, ""R2"": -1.3481134880353682}","{""MAE"": 2515.3424444444236, ""MSE"": 7117816.06442665, ""RMSE"": 2667.9235492095067, ""MAPE"": 40.89746827360188, ""R2"": 0.0018352674733572716}",,"{""MAE"": 0.07199138988168367, ""MSE"": 0.005190827497861585, ""RMSE"": 0.07204739757868833, ""MAPE"": 0.0013175986954046858, ""R2"": 0.999999999272066}","{""MAE"": 1630.8024466666704, ""MSE"": 2702084.3059864924, ""RMSE"": 1643.801784275249, ""MAPE"": 28.771363248052978, ""R2"": 0.6210740437605418}"
