ref_article,designation,marque,famille,frequency,next_period,avg_forecast,historical_periods,historical_values,avg_sales,max_sales,min_sales,std_sales,trend_pct,data_points,sma_forecast,es_forecast,lr_forecast,arima_forecast,prophet_forecast,xgb_forecast,sma_metrics,es_metrics,lr_metrics,arima_metrics,prophet_metrics,xgb_metrics
6192488208574,Gel douche RB sweet MM 470ml ,RENEE BLANCHE,MASS MARKET,yearly,2026,64577.165952470474,"[""2023"", ""2024"", ""2025""]","[42145.581, 80695.34, 35617.788]",52819.56966666667,80695.34,35617.788,19890.482634001488,-15.488677211496974,3,52819.56966666667,44483.221142999995,46291.77666666731,37193.10450170885,157658.65600678002,49016.66773000001,,"{""MAE"": 28321.239849999994, ""MSE"": 906715230.6431445, ""RMSE"": 30111.712515948748, ""MAPE"": 49.28442225884165, ""R2"": -0.7848850672146701}","{""MAE"": 18583.84688888897, ""MSE"": 388529285.83837336, ""RMSE"": 19711.146233498785, ""MAPE"": 35.58236052259963, ""R2"": 0.01795109129553063}",,"{""MAE"": 0.4434365681421089, ""MSE"": 0.19736776201142647, ""RMSE"": 0.44426091659229544, ""MAPE"": 0.0009612953650539468, ""R2"": 0.999999999501132}","{""MAE"": 11790.74745333333, ""MSE"": 142970384.02807394, ""RMSE"": 11957.022372985422, ""MAPE"": 25.013210214340482, ""R2"": 0.6386272161984814}"
