ref_article,designation,marque,famille,frequency,next_period,avg_forecast,historical_periods,historical_values,avg_sales,max_sales,min_sales,std_sales,trend_pct,data_points,sma_forecast,es_forecast,lr_forecast,arima_forecast,prophet_forecast,xgb_forecast,sma_metrics,es_metrics,lr_metrics,arima_metrics,prophet_metrics,xgb_metrics
6192488205993,KIT COLORATION RB SO COLOR 1.0,RENEE BLANCHE,MASS MARKET,yearly,2026,57099.878036158276,"[""2022"", ""2023"", ""2024"", ""2025""]","[564.5360000000001, 63761.45, 50610.324, 38154.597]",38272.72675,63761.45,564.5360000000001,23578.660495745506,6658.576423824166,4,50842.123666666674,33595.1603966,63177.49100000039,40043.62080101821,112253.53570266432,42687.33665000004,"{""MAE"": 157.50633333333099, ""MSE"": 24808.24504011037, ""RMSE"": 157.50633333333099, ""MAPE"": 0.4128108949318243, ""R2"": NaN}","{""MAE"": 34529.53348666667, ""MSE"": 1682272076.7366178, ""RMSE"": 41015.510197200005, ""MAPE"": 61.6419421718752, ""R2"": -14.389635033621357}","{""MAE"": 18913.16025, ""MSE"": 431903774.30399966, ""RMSE"": 20782.294731429436, ""MAPE"": 1033.5926188429225, ""R2"": 0.22312930225625371}","{""MAE"": 20465.990920547178, ""MSE"": 1056630065.2427, ""RMSE"": 32505.846631686123, ""MAPE"": 61.04226384910223, ""R2"": -0.9005736575581365}","{""MAE"": 12795.060591414614, ""MSE"": 242349114.82984498, ""RMSE"": 15567.566117728391, ""MAPE"": 595.2122774638751, ""R2"": 0.5640836289545307}","{""MAE"": 11344.726430000012, ""MSE"": 187151338.48940572, ""RMSE"": 13680.326695273243, ""MAPE"": 827.5294686205616, ""R2"": 0.6633685566878034}"
