ref_article,designation,marque,famille,frequency,next_period,avg_forecast,historical_periods,historical_values,avg_sales,max_sales,min_sales,std_sales,trend_pct,data_points,sma_forecast,es_forecast,xgb_forecast,sma_metrics,es_metrics,xgb_metrics
6192488209274,KIT SO NATURAL RB S/A 7.1,RENEE BLANCHE,MASS MARKET,yearly,2026,35742.329416666675,"['2024', '2025']","[45872.772, 28506.299]",37189.5355,45872.772,28506.299,8683.236499999999,-37.85791057056678,2,37189.5355,37015.870769999994,33021.58198000004,,"{""MAE"": 17366.472999999998, ""MSE"": 301594384.45972896, ""RMSE"": 17366.472999999998, ""MAPE"": 60.92152825591284, ""R2"": NaN}","{""MAE"": 4167.953520000043, ""MSE"": 17492474.298664637, ""RMSE"": 4182.400542590898, ""MAPE"": 12.084168836031136, ""R2"": 0.7679999999999952}"
