ref_article,designation,marque,famille,frequency,next_period,avg_forecast,historical_periods,historical_values,avg_sales,max_sales,min_sales,std_sales,trend_pct,data_points,sma_forecast,es_forecast,arima_forecast,xgb_forecast,sma_metrics,es_metrics,arima_metrics,xgb_metrics
6192488205986,Gel douche RB relaxant MM 470ml ,RENEE BLANCHE,MASS MARKET,yearly,2026,19121.26095789762,"['2023', '2024', '2025']","[22429.802, 31831.752, 14827.042]",23029.532000000003,31831.752,14827.042,6955.084356099979,-33.89579631599066,3,23029.532000000003,19934.481049999995,13382.484881590508,20138.545899999972,,"{""MAE"": 9912.6475, ""MSE"": 98521392.39576246, ""RMSE"": 9925.7942954588, ""MAPE"": 49.91797338096011, ""R2"": -0.362862596999606}",,"{""MAE"": 3556.8717999999867, ""MSE"": 14543248.671052618, ""RMSE"": 3813.5611534434083, ""MAPE"": 18.409921057222135, ""R2"": 0.6993531717573523}"
