ref_article,designation,marque,famille,frequency,next_period,avg_forecast,historical_periods,historical_values,avg_sales,max_sales,min_sales,std_sales,trend_pct,data_points,sma_forecast,es_forecast,arima_forecast,xgb_forecast,sma_metrics,es_metrics,arima_metrics,xgb_metrics
6192488208307,CIRE GLOSS WAX RB FCR 5 120ML-6192488208307,RENEE BLANCHE,MASS MARKET,yearly,2026,7396.999146168101,"['2023', '2024', '2025']","[25452.179, 8081.393, 996.761]",11510.110999999999,25452.179,996.761,10274.043271965327,-96.08378913255325,3,11510.110999999999,10426.410277999998,3377.400126672408,4274.075179999999,,"{""MAE"": 18307.4841, ""MSE"": 336041377.4022964, ""RMSE"": 18331.431406256754, ""MAPE"": 1072.809791769137, ""R2"": -25.780467532562692}",,"{""MAE"": 4392.887400000003, ""MSE"": 19945461.22802459, ""RMSE"": 4466.034172285809, ""MAPE"": 135.94923024019928, ""R2"": 0.8110437321198806}"
