ref_article,designation,marque,famille,frequency,next_period,avg_forecast,historical_periods,historical_values,avg_sales,max_sales,min_sales,std_sales,trend_pct,data_points,sma_forecast,es_forecast,arima_forecast,xgb_forecast,sma_metrics,es_metrics,arima_metrics,xgb_metrics
6192488208901,TEINT RENEE BLANCHE 9.11 60ML,RENEE BLANCHE,COLORATION 60ML,yearly,2026,4246.562688398939,"['2023', '2024', '2025']","[3781.056, 7783.717, 2972.504]",4845.758999999999,7783.717,2972.504,2103.5108733573657,-21.384290526244524,3,4845.758999999999,3957.085647,3775.2227365957533,4408.1833700000025,,"{""MAE"": 3006.00565, ""MSE"": 10029391.854515543, ""RMSE"": 3166.9215106338747, ""MAPE"": 59.510708589524455, ""R2"": -0.7331071847155362}",,"{""MAE"": 1239.065380000003, ""MSE"": 1584704.8978346332, ""RMSE"": 1258.8506257037143, ""MAPE"": 30.07839115157217, ""R2"": 0.6418550122143718}"
