ref_article,designation,marque,famille,frequency,next_period,avg_forecast,historical_periods,historical_values,avg_sales,max_sales,min_sales,std_sales,trend_pct,data_points,sma_forecast,es_forecast,xgb_forecast,sma_metrics,es_metrics,xgb_metrics
6192488209205,KIT SO NATURAL RB S/A 5.0,RENEE BLANCHE,MASS MARKET,yearly,2026,13360.391750000003,"['2024', '2025']","[19029.872, 9310.763]",14170.317500000001,19029.872,9310.763,4859.554499999999,-51.072907899748344,2,14170.317500000001,14073.126409999999,11837.731340000006,,"{""MAE"": 9719.108999999999, ""MSE"": 94461079.75388098, ""RMSE"": 9719.108999999999, ""MAPE"": 104.3857415337497, ""R2"": NaN}","{""MAE"": 2332.586160000009, ""MSE"": 5478742.625725139, ""RMSE"": 2340.671404901837, ""MAPE"": 19.18816626835984, ""R2"": 0.7679999999999982}"
