ref_article,designation,marque,famille,frequency,next_period,avg_forecast,historical_periods,historical_values,avg_sales,max_sales,min_sales,std_sales,trend_pct,data_points,sma_forecast,es_forecast,xgb_forecast,sma_metrics,es_metrics,xgb_metrics
6192488209175,KIT SO NATURAL RB S/A 1.0,RENEE BLANCHE,MASS MARKET,yearly,2026,22455.64825,"['2024', '2025']","[32962.685, 14950.622000000001]",23956.6535,32962.685,14950.622000000001,9006.031499999997,-54.643797979442496,2,23956.6535,23776.532869999995,19633.758379999992,,"{""MAE"": 18012.062999999995, ""MSE"": 324434413.5159688, ""RMSE"": 18012.062999999995, ""MAPE"": 120.47701426736621, ""R2"": NaN}","{""MAE"": 4322.89511999998, ""MSE"": 18817195.98392604, ""RMSE"": 4337.879203473287, ""MAPE"": 21.672829632496214, ""R2"": 0.7680000000000019}"
