ref_article,designation,marque,famille,frequency,next_period,avg_forecast,historical_periods,historical_values,avg_sales,max_sales,min_sales,std_sales,trend_pct,data_points,sma_forecast,es_forecast,lr_forecast,arima_forecast,prophet_forecast,xgb_forecast,sma_metrics,es_metrics,lr_metrics,arima_metrics,prophet_metrics,xgb_metrics
6192488206044,KIT COLORATION RB SO COLOR 4.0,RENEE BLANCHE,MASS MARKET,yearly,2026,49398.283147487185,"[""2022"", ""2023"", ""2024"", ""2025""]","[535.105, 54084.992, 47263.068, 30495.724]",33094.72225,54084.992,535.105,20665.290421618254,5599.016828472916,4,43947.92799999999,28194.314623299993,53859.705499999225,31775.560592294896,102776.40172932905,35835.78843999996,"{""MAE"": 3465.331000000002, ""MSE"": 12008518.939561013, ""RMSE"": 3465.331000000002, ""MAPE"": 11.36333408578856, ""R2"": NaN}","{""MAE"": 29636.54591, ""MSE"": 1276623091.047266, ""RMSE"": 35729.86273479463, ""MAPE"": 59.763087485618385, ""R2"": -11.995294098558036}","{""MAE"": 17579.30775, ""MSE"": 340817322.33526164, ""RMSE"": 18461.238374910325, ""MAPE"": 968.3614547229666, ""R2"": 0.20193432163419356}","{""MAE"": 18537.090389706947, ""MSE"": 794650772.2101882, ""RMSE"": 28189.55076283033, ""MAPE"": 65.390471339271, ""R2"": -0.8607725195493148}","{""MAE"": 10078.855646354996, ""MSE"": 151437314.91556755, ""RMSE"": 12305.986954144213, ""MAPE"": 493.76584752287397, ""R2"": 0.645390901407582}","{""MAE"": 9618.387229999978, ""MSE"": 136438248.52136248, ""RMSE"": 11680.67842727307, ""MAPE"": 754.6558523962779, ""R2"": 0.680513060148592}"
