ref_article,designation,marque,famille,frequency,next_period,avg_forecast,historical_periods,historical_values,avg_sales,max_sales,min_sales,std_sales,trend_pct,data_points,sma_forecast,es_forecast,lr_forecast,arima_forecast,prophet_forecast,xgb_forecast,sma_metrics,es_metrics,lr_metrics,arima_metrics,prophet_metrics,xgb_metrics
6192488206136,KIT COLORATION RB SO COLOR 7.2,RENEE BLANCHE,MASS MARKET,yearly,2026,20439.201677703084,"[""2022"", ""2023"", ""2024"", ""2025""]","[535.105, 16083.472, 20740.749, 13686.389]",12761.42875,20740.749,535.105,7500.734412556292,2457.701572588557,4,16836.87,11812.4164723,23789.211000001058,12401.142175792078,42389.426408125386,15406.144009999989,"{""MAE"": 1233.2803333333322, ""MSE"": 1520980.380586775, ""RMSE"": 1233.2803333333322, ""MAPE"": 9.01099868879463, ""R2"": NaN}","{""MAE"": 11637.978210000001, ""MSE"": 165968284.20652667, ""RMSE"": 12882.867856441231, ""MAPE"": 66.5155748742034, ""R2"": -18.348576280515704}","{""MAE"": 5650.681750000001, ""MSE"": 31938620.457023177, ""RMSE"": 5651.42640906021, ""MAPE"": 288.0301006011518, ""R2"": 0.4323134860573049}","{""MAE"": 6428.567382923518, ""MSE"": 76207140.32945241, ""RMSE"": 8729.670115729024, ""MAPE"": 65.6529422373637, ""R2"": -0.35452831750769964}","{""MAE"": 1806.448935994501, ""MSE"": 4883495.547858777, ""RMSE"": 2209.863241890497, ""MAPE"": 93.02269408150838, ""R2"": 0.9131993015431259}","{""MAE"": 3164.739499999995, ""MSE"": 12371052.00988115, ""RMSE"": 3517.250632224145, ""MAPE"": 250.9218472324226, ""R2"": 0.7801132519564132}"
