ref_article,designation,marque,famille,frequency,next_period,avg_forecast,historical_periods,historical_values,avg_sales,max_sales,min_sales,std_sales,trend_pct,data_points,sma_forecast,es_forecast,lr_forecast,arima_forecast,prophet_forecast,xgb_forecast,sma_metrics,es_metrics,lr_metrics,arima_metrics,prophet_metrics,xgb_metrics
6192488208888,TEINT RENEE BLANCHE 7.11 60ML,RENEE BLANCHE,COLORATION 60ML,yearly,2026,9799.758328729964,"[""2023"", ""2024"", ""2025""]","[4490.516, 10635.784, 6210.447]",7112.249,10635.784,4490.516,2588.5665059203457,38.30141124093536,3,7112.249,6271.035206,8832.180000000168,6253.965805538448,22921.321780841172,7407.798180000002,,"{""MAE"": 3134.458699999999, ""MSE"": 18889803.98297218, ""RMSE"": 4346.240212295241, ""MAPE"": 29.88508149608844, ""R2"": -2.8582889126337507}","{""MAE"": 2349.0233333333563, ""MSE"": 6207649.448112499, ""RMSE"": 2491.5154922481415, ""MAPE"": 33.576645796513354, ""R2"": 0.07357870557863855}",,"{""MAE"": 0.0072866276508041965, ""MSE"": 6.3673161141774e-05, ""RMSE"": 0.007979546424564117, ""MAPE"": 0.00011977157129426102, ""R2"": 0.9999999999904975}","{""MAE"": 1566.7179800000033, ""MSE"": 2551591.7005355023, ""RMSE"": 1597.3702452892699, ""MAPE"": 24.025316443973, ""R2"": 0.6192038700310862}"
