ref_article,designation,marque,famille,frequency,next_period,avg_forecast,historical_periods,historical_values,avg_sales,max_sales,min_sales,std_sales,trend_pct,data_points,sma_forecast,es_forecast,lr_forecast,arima_forecast,prophet_forecast,xgb_forecast,sma_metrics,es_metrics,lr_metrics,arima_metrics,prophet_metrics,xgb_metrics
6192488206013,KIT COLORATION RB SO COLOR 10.0,RENEE BLANCHE,MASS MARKET,yearly,2026,40604.42312481133,"[""2022"", ""2023"", ""2024"", ""2025""]","[535.105, 35788.616, 44202.54, 23427.174]",25988.35875,44202.54,535.105,16448.62634507477,4278.051784229263,4,34472.776666666665,22256.7594169,45260.89149999991,21198.21571204688,91574.83999325446,28863.055460000058,"{""MAE"": 3414.9130000000005, ""MSE"": 11661630.797569003, ""RMSE"": 3414.9130000000005, ""MAPE"": 14.576717618608207, ""R2"": NaN}","{""MAE"": 23577.831296666667, ""MSE"": 781184998.7623616, ""RMSE"": 27949.686917072286, ""MAPE"": 61.187917432524564, ""R2"": -9.730314272523403}","{""MAE"": 14007.219250000002, ""MSE"": 196271204.9199232, ""RMSE"": 14009.682541725319, ""MAPE"": 681.6586322012514, ""R2"": 0.2745669821059591}","{""MAE"": 15510.286491793771, ""MSE"": 432614823.1773235, ""RMSE"": 20799.394779111328, ""MAPE"": 75.33929032954885, ""R2"": -0.5989766654322197}","{""MAE"": 4458.648047945302, ""MSE"": 29741661.544331837, ""RMSE"": 5453.591618771233, ""MAPE"": 219.23150105355646, ""R2"": 0.8900725997983738}","{""MAE"": 7474.628960000018, ""MSE"": 66388028.47768529, ""RMSE"": 8147.884908225281, ""MAPE"": 546.8127491346067, ""R2"": 0.7546248932936871}"
