ref_article,designation,marque,famille,frequency,next_period,avg_forecast,historical_periods,historical_values,avg_sales,max_sales,min_sales,std_sales,trend_pct,data_points,sma_forecast,es_forecast,arima_forecast,xgb_forecast,sma_metrics,es_metrics,arima_metrics,xgb_metrics
6192488206143,KIT COLORATION RB SO COLOR 7.83,RENEE BLANCHE,MASS MARKET,yearly,2026,28331.61154617067,"['2022', '2023', '2024', '2025']","[564.5360000000001, 29420.02, 41077.353, 28288.569]",24837.6195,41077.353,564.5360000000001,14881.355562775061,4910.941552000226,4,32928.647333333334,23628.4062326,25588.089568749325,31181.303050000017,"{""MAE"": 4601.266, ""MSE"": 21171648.802755997, ""RMSE"": 4601.266, ""MAPE"": 16.265460440929335, ""R2"": NaN}","{""MAE"": 23407.397353333334, ""MSE"": 645968312.859382, ""RMSE"": 25415.90668969695, ""MAPE"": 69.75083254144727, ""R2"": -18.33222736025352}","{""MAE"": 12529.056850933051, ""MSE"": 272418789.23605675, ""RMSE"": 16505.11403280985, ""MAPE"": 66.28361402183141, ""R2"": -0.2301330062799778}","{""MAE"": 5998.235889999981, ""MSE"": 43743521.47745609, ""RMSE"": 6613.888529258419, ""MAPE"": 443.05431517599203, ""R2"": 0.8024719596939842}"
