ref_article,designation,marque,famille,frequency,next_period,avg_forecast,historical_periods,historical_values,avg_sales,max_sales,min_sales,std_sales,trend_pct,data_points,sma_forecast,es_forecast,lr_forecast,arima_forecast,prophet_forecast,xgb_forecast,sma_metrics,es_metrics,lr_metrics,arima_metrics,prophet_metrics,xgb_metrics
6192488208482,Cristalli Semi Di Lino Olio 125 ml ,RENEE BLANCHE,0%SSP,yearly,2026,15671.012998532346,"[""2023"", ""2024"", ""2025""]","[23945.584, 23151.905, 11813.696]",19637.061666666665,23945.584,11813.696,5541.435996475061,-50.66440643084754,3,19637.061666666665,17641.650306999996,7505.173666667193,12011.514850246069,21522.306490614155,15708.371010000004,,"{""MAE"": 6343.731649999998, ""MSE"": 71046015.66498369, ""RMSE"": 8428.879858260152, ""MAPE"": 52.05303222915043, ""R2"": -1.2106032399814648}","{""MAE"": 2343.228888889154, ""MSE"": 6177061.828938887, ""RMSE"": 2485.369555808328, ""MAPE"": 12.465675862493741, ""R2"": 0.7988420016806549}",,"{""MAE"": 0.10630428638675464, ""MSE"": 0.011303073499430704, ""RMSE"": 0.10631591366973575, ""MAPE"": 0.0006025043668377521, ""R2"": 0.9999999996319118}","{""MAE"": 1597.931646666666, ""MSE"": 5225011.098052181, ""RMSE"": 2285.8283177115864, ""MAPE"": 12.251426530725757, ""R2"": 0.8298458388814455}"
