ref_article,designation,marque,famille,frequency,next_period,avg_forecast,historical_periods,historical_values,avg_sales,max_sales,min_sales,std_sales,trend_pct,data_points,sma_forecast,es_forecast,lr_forecast,arima_forecast,prophet_forecast,xgb_forecast,sma_metrics,es_metrics,lr_metrics,arima_metrics,prophet_metrics,xgb_metrics
6192488206129,KIT COLORATION RB SO COLOR 7.1,RENEE BLANCHE,MASS MARKET,yearly,2026,83887.0103113576,"[""2022"", ""2023"", ""2024"", ""2025""]","[564.5360000000001, 71317.401, 86387.95, 52793.096]",52765.745749999995,86387.95,564.5360000000001,32402.09707157563,9251.590686864964,4,70166.14899999999,47097.61326649999,95704.8030000031,48938.03827842198,179934.7930932206,61480.66522999996,"{""MAE"": 36.46700000000419, ""MSE"": 1329.8420890003056, ""RMSE"": 36.46700000000419, ""MAPE"": 0.06907532000018372, ""R2"": NaN}","{""MAE"": 48991.284550000004, ""MSE"": 3104638724.8426933, ""RMSE"": 55719.285035279245, ""MAPE"": 65.33383107654319, ""R2"": -15.447104820015127}","{""MAE"": 26086.92974999814, ""MSE"": 681143367.1319587, ""RMSE"": 26098.72347705839, ""MAPE"": 1199.7201744406022, ""R2"": 0.3512277068497014}","{""MAE"": 28382.123877571787, ""MSE"": 1573315633.9565442, ""RMSE"": 39665.04297182274, ""MAPE"": 68.5188271124488, ""R2"": -0.498544419494372}","{""MAE"": 9261.950330178264, ""MSE"": 128145610.3160308, ""RMSE"": 11320.141797523156, ""MAPE"": 423.76236042593314, ""R2"": 0.8779444600452675}","{""MAE"": 14222.019789999984, ""MSE"": 253642987.6479981, ""RMSE"": 15926.17303836669, ""MAPE"": 1022.4806646056262, ""R2"": 0.758411296830547}"
