ref_article,designation,marque,famille,frequency,next_period,avg_forecast,historical_periods,historical_values,avg_sales,max_sales,min_sales,std_sales,trend_pct,data_points,sma_forecast,es_forecast,xgb_forecast,sma_metrics,es_metrics,xgb_metrics
6192488209267,KIT SO NATURAL RB S/A 6.1,RENEE BLANCHE,MASS MARKET,yearly,2026,19378.779583333333,"['2024', '2025']","[21150.871, 18113.0]",19631.9355,21150.871,18113.0,1518.9354999999996,-14.362864772802968,2,19631.9355,19601.55679,18902.846460000008,,"{""MAE"": 3037.870999999999, ""MSE"": 9228660.212640995, ""RMSE"": 3037.870999999999, ""MAPE"": 16.771771655716883, ""R2"": NaN}","{""MAE"": 729.0890399999935, ""MSE"": 535262.2923331702, ""RMSE"": 731.6162192934013, ""MAPE"": 3.7602454402514947, ""R2"": 0.7680000000000032}"
