ref_article,designation,marque,famille,frequency,next_period,avg_forecast,historical_periods,historical_values,avg_sales,max_sales,min_sales,std_sales,trend_pct,data_points,sma_forecast,es_forecast,arima_forecast,prophet_forecast,xgb_forecast,sma_metrics,es_metrics,arima_metrics,prophet_metrics,xgb_metrics
6192488208598,Gel douche RB creamy MM 470ml ,RENEE BLANCHE,MASS MARKET,yearly,2026,50474.72521482963,"['2023', '2024', '2025']","[28011.125, 58360.959, 26528.916]",37633.666666666664,58360.959,26528.916,14668.895015951597,-5.291501144634494,3,37633.666666666664,31716.624008,28711.709280615545,118477.30719886589,35834.31892000005,,"{""MAE"": 20468.4966, ""MSE"": 516600181.87685037, ""RMSE"": 22728.840310866068, ""MAPE"": 45.95582828219443, ""R2"": -1.0393206667772956}",,"{""MAE"": 0.005485606236713163, ""MSE"": 7.9739002956865e-05, ""RMSE"": 0.008929669812309131, ""MAPE"": 1.933062091988324e-05, ""R2"": 0.9999999999996294}","{""MAE"": 8868.269433333366, ""MSE"": 80095554.27641378, ""RMSE"": 8949.611962337462, ""MAPE"": 26.04380054362798, ""R2"": 0.6277680817704945}"
