ref_article,designation,marque,famille,frequency,next_period,avg_forecast,historical_periods,historical_values,avg_sales,max_sales,min_sales,std_sales,trend_pct,data_points,sma_forecast,es_forecast,arima_forecast,xgb_forecast,sma_metrics,es_metrics,arima_metrics,xgb_metrics
6192488208291,CIRE GLOSS WAX RB FCR 4 120ML-6192488208291,RENEE BLANCHE,MASS MARKET,yearly,2026,7257.900176633687,"['2023', '2024', '2025']","[22563.27, 6731.836, 2310.274]",10535.126666666667,22563.27,2310.274,8694.623881662712,-89.76090788258972,3,10535.126666666667,9907.021241999999,3984.276017868088,4605.176779999995,,"{""MAE"": 15667.499899999999, ""MSE"": 245497427.50564283, ""RMSE"": 15668.357524183664, ""MAPE"": 453.12151976531203, ""R2"": -49.22911180551353}",,"{""MAE"": 3772.940053333335, ""MSE"": 15333737.955129737, ""RMSE"": 3915.831706691407, ""MAPE"": 61.779135011156114, ""R2"": 0.7971633460472111}"
