ref_article,designation,marque,famille,frequency,next_period,avg_forecast,historical_periods,historical_values,avg_sales,max_sales,min_sales,std_sales,trend_pct,data_points,sma_forecast,es_forecast,lr_forecast,arima_forecast,prophet_forecast,xgb_forecast,sma_metrics,es_metrics,lr_metrics,arima_metrics,prophet_metrics,xgb_metrics
6192488206181,KIT COLORATION RB SO COLOR 9.1,RENEE BLANCHE,MASS MARKET,yearly,2026,48040.444632118764,"[""2022"", ""2023"", ""2024"", ""2025""]","[535.105, 56473.531, 47131.844, 27608.516]",32937.249,56473.531,535.105,21411.080243530298,5059.457676530774,4,43737.96366666667,26948.3292784,50906.88549999893,29492.539834788793,103232.75030285821,33924.19920999996,"{""MAE"": 7104.97733333334, ""MSE"": 50480702.90718053, ""RMSE"": 7104.97733333334, ""MAPE"": 25.734731027677622, ""R2"": NaN}","{""MAE"": 29033.652346666666, ""MSE"": 1339956531.0031128, ""RMSE"": 36605.41668937963, ""MAPE"": 55.730573658926716, ""R2"": -8.265101033386124}","{""MAE"": 18865.4385, ""MSE"": 393852790.00647223, ""RMSE"": 19845.72472867827, ""MAPE"": 1042.320430758424, ""R2"": 0.14087418661984308}","{""MAE"": 20223.375455084504, ""MSE"": 891973361.6134725, ""RMSE"": 29865.923083231035, ""MAPE"": 70.37275845257136, ""R2"": -0.9456948363804007}","{""MAE"": 10905.065235606036, ""MSE"": 177097288.08928666, ""RMSE"": 13307.790503659375, ""MAPE"": 533.7052720085427, ""R2"": 0.6136910654495349}","{""MAE"": 10356.20697499999, ""MSE"": 151452814.10317394, ""RMSE"": 12306.61667978547, ""MAPE"": 780.2650023872926, ""R2"": 0.6696303151668297}"
