ref_article,designation,marque,famille,frequency,next_period,avg_forecast,historical_periods,historical_values,avg_sales,max_sales,min_sales,std_sales,trend_pct,data_points,sma_forecast,es_forecast,lr_forecast,arima_forecast,prophet_forecast,xgb_forecast,sma_metrics,es_metrics,lr_metrics,arima_metrics,prophet_metrics,xgb_metrics
6192488206082,KIT COLORATION RB SO COLOR 6.4,RENEE BLANCHE,MASS MARKET,yearly,2026,33892.454494977595,"[""2022"", ""2023"", ""2024"", ""2025""]","[535.105, 25703.662, 32100.869, 24559.853]",20724.87225,32100.869,535.105,12005.576083561742,4489.725941637622,4,27454.79466666667,20017.738303299997,40342.73500000127,23145.95367904015,66094.56217085755,26298.943149999966,"{""MAE"": 5113.3076666666675, ""MSE"": 26145915.29399212, ""RMSE"": 5113.3076666666675, ""MAPE"": 20.819781236747094, ""R2"": NaN}","{""MAE"": 19484.458576666668, ""MSE"": 432037277.49307704, ""RMSE"": 20785.506428592907, ""MAPE"": 70.15761134940463, ""R2"": -38.236689706279925}","{""MAE"": 8177.393249999534, ""MSE"": 67161749.32261433, ""RMSE"": 8195.227228247813, ""MAPE"": 415.87685559320835, ""R2"": 0.5340321096322214}","{""MAE"": 9005.609724876136, ""MSE"": 176983739.76109272, ""RMSE"": 13303.523584415248, ""MAPE"": 59.586462687720854, ""R2"": -0.22791232625187008}","{""MAE"": 3112.1399237311543, ""MSE"": 14538676.693524241, ""RMSE"": 3812.961669558749, ""MAPE"": 156.75406491813067, ""R2"": 0.8991307317640163}","{""MAE"": 4736.130259999996, ""MSE"": 30605364.29985461, ""RMSE"": 5532.211519804228, ""MAPE"": 394.9903774766533, ""R2"": 0.7876601312417177}"
