ref_article,designation,marque,famille,frequency,next_period,avg_forecast,historical_periods,historical_values,avg_sales,max_sales,min_sales,std_sales,trend_pct,data_points,sma_forecast,es_forecast,lr_forecast,arima_forecast,prophet_forecast,xgb_forecast,sma_metrics,es_metrics,lr_metrics,arima_metrics,prophet_metrics,xgb_metrics
6192488208307,CIRE GLOSS WAX RB FCR 5 120ML-6192488208307,RENEE BLANCHE,MASS MARKET,yearly,2026,4931.332764112068,"[""2023"", ""2024"", ""2025""]","[25452.179, 8081.393, 996.761]",11510.110999999999,25452.179,996.761,10274.043271965327,-96.08378913255325,3,11510.110999999999,10426.410277999998,0.0,3377.400126672408,0.0,4274.075179999999,,"{""MAE"": 18307.4841, ""MSE"": 336041377.4022964, ""RMSE"": 18331.431406256754, ""MAPE"": 1072.809791769137, ""R2"": -25.780467532562692}","{""MAE"": 2285.8119999982814, ""MSE"": 5878053.561757742, ""RMSE"": 2424.4697485754987, ""MAPE"": 73.71863582057165, ""R2"": 0.9443133928701237}",,"{""MAE"": 0.33502508033310124, ""MSE"": 0.11232164985608097, ""RMSE"": 0.3351442224715816, ""MAPE"": 0.013331283455053324, ""R2"": 0.9999999989359043}","{""MAE"": 4392.887400000003, ""MSE"": 19945461.22802459, ""RMSE"": 4466.034172285809, ""MAPE"": 135.94923024019928, ""R2"": 0.8110437321198806}"
