ref_article,designation,marque,famille,frequency,next_period,avg_forecast,historical_periods,historical_values,avg_sales,max_sales,min_sales,std_sales,trend_pct,data_points,sma_forecast,es_forecast,lr_forecast,arima_forecast,prophet_forecast,xgb_forecast,sma_metrics,es_metrics,lr_metrics,arima_metrics,prophet_metrics,xgb_metrics
6192488206167,KIT COLORATION RB SO COLOR 8.1,RENEE BLANCHE,MASS MARKET,yearly,2026,63786.66179753421,"[""2022"", ""2023"", ""2024"", ""2025""]","[564.5360000000001, 46423.701, 67091.18000000001, 41346.161]",38856.3945,67091.18000000001,564.5360000000001,24119.14490868456,7223.919289469582,4,51620.34733333334,35861.4894965,74609.48299999535,36848.30959812543,136414.84837725118,47365.49297999997,"{""MAE"": 3319.6886666666614, ""MSE"": 11020332.843595076, ""RMSE"": 3319.6886666666614, ""MAPE"": 8.02901306040641, ""R2"": NaN}","{""MAE"": 36607.08888333334, ""MSE"": 1670969042.517389, ""RMSE"": 40877.48821194117, ""MAPE"": 68.16946437291512, ""R2"": -12.478792381294681}","{""MAE"": 17901.046000000002, ""MSE"": 326076483.668354, ""RMSE"": 18057.587980357563, ""MAPE"": 772.9932656145987, ""R2"": 0.4394741247990902}","{""MAE"": 22084.14429448394, ""MSE"": 779071780.4399848, ""RMSE"": 27911.857344863038, ""MAPE"": 72.10877712821384, ""R2"": -0.33922534573085694}","{""MAE"": 4154.503788320785, ""MSE"": 25844273.859133866, ""RMSE"": 5083.726375320948, ""MAPE"": 191.36578002132558, ""R2"": 0.9555736615506538}","{""MAE"": 10100.575315000016, ""MSE"": 117206120.9332103, ""RMSE"": 10826.177577206568, ""MAPE"": 703.9857407964001, ""R2"": 0.7985225344192236}"
