ref_article,designation,marque,famille,frequency,next_period,avg_forecast,historical_periods,historical_values,avg_sales,max_sales,min_sales,std_sales,trend_pct,data_points,sma_forecast,es_forecast,lr_forecast,arima_forecast,prophet_forecast,xgb_forecast,sma_metrics,es_metrics,lr_metrics,arima_metrics,prophet_metrics,xgb_metrics
6192488206006,KIT COLORATION RB SO COLOR 1.1,RENEE BLANCHE,MASS MARKET,yearly,2026,33917.45710069949,"[""2022"", ""2023"", ""2024"", ""2025""]","[535.105, 31548.047, 34991.492, 20665.584]",21935.057,34991.492,535.105,13439.211090586361,3761.9680249670623,4,29068.37433333333,19057.9699108,37893.77749999985,19575.376795485103,73330.18789457866,24579.056170000007,"{""MAE"": 1692.6306666666678, ""MSE"": 2864998.5737404483, ""RMSE"": 1692.6306666666678, ""MAPE"": 8.190577467671217, ""R2"": NaN}","{""MAE"": 19815.430493333333, ""MSE"": 535071664.5087812, ""RMSE"": 23131.616124014792, ""MAPE"": 62.02050045667921, ""R2"": -13.352910983687998}","{""MAE"": 11334.712500000463, ""MSE"": 129676242.73792554, ""RMSE"": 11387.547705187695, ""MAPE"": 582.7627844082396, ""R2"": 0.28201913868363915}","{""MAE"": 11794.682701922806, ""MSE"": 293388293.9871271, ""RMSE"": 17128.581201813744, ""MAPE"": 67.96542455579818, ""R2"": -0.6244084156781993}","{""MAE"": 4586.024189487286, ""MSE"": 31494625.913482826, ""RMSE"": 5612.007298060367, ""MAPE"": 227.72475943291136, ""R2"": 0.8256231198346894}","{""MAE"": 6041.815729999995, ""MSE"": 47885116.81676292, ""RMSE"": 6919.907283827069, ""MAPE"": 468.27443391175063, ""R2"": 0.7348735844713141}"
