ref_article,designation,marque,famille,frequency,next_period,avg_forecast,historical_periods,historical_values,avg_sales,max_sales,min_sales,std_sales,trend_pct,data_points,sma_forecast,es_forecast,arima_forecast,xgb_forecast,sma_metrics,es_metrics,arima_metrics,xgb_metrics
61924880208512,Renée Blanche Argan Olio 125 ml ,RENEE BLANCHE,0%SSP,yearly,2026,24171.82592211751,"['2023', '2024', '2025']","[27483.846999999998, 37628.005, 19880.940000000002]",28330.930666666667,37628.005,19880.940000000002,7269.926275752105,-27.663183396414613,3,28330.930666666667,25097.555655999993,17851.08316580342,25407.734199999963,,"{""MAE"": 10395.156199999996, ""MSE"": 108122272.51880158, ""RMSE"": 10398.186020590398, ""MAPE"": 40.25430830958277, ""R2"": -0.3731629487070187}",,"{""MAE"": 3769.6547533333346, ""MSE"": 16139744.821430901, ""RMSE"": 4017.430126515071, ""MAPE"": 15.085309828074875, ""R2"": 0.6946227705752279}"
