ref_article,designation,marque,famille,frequency,next_period,avg_forecast,historical_periods,historical_values,avg_sales,max_sales,min_sales,std_sales,trend_pct,data_points,sma_forecast,es_forecast,arima_forecast,xgb_forecast,sma_metrics,es_metrics,arima_metrics,xgb_metrics
6192488208994,TEINT HZ TRESOR SA 8.11,H. ZONE,TRESOR,yearly,2026,11137.53861011038,"['2023', '2024', '2025']","[9544.86, 15013.731, 10805.912]",11788.167666666666,15013.731,9544.86,2338.1983305790995,13.211843861512895,3,11788.167666666666,10991.920557,9806.939306774846,11963.126910000008,,"{""MAE"": 2924.2401499999996, ""MSE"": 15026326.61764374, ""RMSE"": 3876.380607943928, ""MAPE"": 19.96938686115206, ""R2"": -2.394679011976222}",,"{""MAE"": 1424.8237933333342, ""MSE"": 2091451.2370349958, ""RMSE"": 1446.1850632042208, ""MAPE"": 12.224421585937192, ""R2"": 0.6174527792627963}"
