ref_article,designation,marque,famille,frequency,next_period,avg_forecast,historical_periods,historical_values,avg_sales,max_sales,min_sales,std_sales,trend_pct,data_points,sma_forecast,es_forecast,arima_forecast,xgb_forecast,sma_metrics,es_metrics,arima_metrics,xgb_metrics
6192488208925,TEINT IALO 6.11 100ML,H. ZONE,IALO,yearly,2026,16761.98879835063,"['2023', '2024', '2025']","[6661.366, 23812.707, 17570.031]",16014.70133333333,23812.707,6661.366,7087.84933547454,163.7601807196902,3,16014.70133333333,14746.032276999998,17452.247793069222,18834.973789999978,,"{""MAE"": 11457.30185, ""MSE"": 163691847.52374616, ""RMSE"": 12794.211485032838, ""MAPE"": 52.41383385213605, ""R2"": -15.80139921791828}",,"{""MAE"": 3680.4023866666685, ""MSE"": 16537608.208819265, ""RMSE"": 4066.645817970784, ""MAPE"": 32.49332380097797, ""R2"": 0.6708121902978348}"
