ref_article,designation,marque,famille,frequency,next_period,avg_forecast,historical_periods,historical_values,avg_sales,max_sales,min_sales,std_sales,trend_pct,data_points,sma_forecast,es_forecast,arima_forecast,xgb_forecast,sma_metrics,es_metrics,arima_metrics,xgb_metrics
6192488206181,KIT COLORATION RB SO COLOR 9.1,RENEE BLANCHE,MASS MARKET,yearly,2026,33525.75799746386,"['2022', '2023', '2024', '2025']","[535.105, 56473.531, 47131.844, 27608.516]",32937.249,56473.531,535.105,21411.080243530298,5059.457676530774,4,43737.96366666667,26948.3292784,29492.539834788793,33924.19920999996,"{""MAE"": 7104.97733333334, ""MSE"": 50480702.90718053, ""RMSE"": 7104.97733333334, ""MAPE"": 25.734731027677622, ""R2"": NaN}","{""MAE"": 29033.652346666666, ""MSE"": 1339956531.0031128, ""RMSE"": 36605.41668937963, ""MAPE"": 55.730573658926716, ""R2"": -8.265101033386124}","{""MAE"": 20223.375455084504, ""MSE"": 891973361.6134725, ""RMSE"": 29865.923083231035, ""MAPE"": 70.37275845257136, ""R2"": -0.9456948363804007}","{""MAE"": 10356.20697499999, ""MSE"": 151452814.10317394, ""RMSE"": 12306.61667978547, ""MAPE"": 780.2650023872926, ""R2"": 0.6696303151668297}"
