ref_article,designation,marque,famille,frequency,next_period,avg_forecast,historical_periods,historical_values,avg_sales,max_sales,min_sales,std_sales,trend_pct,data_points,sma_forecast,es_forecast,arima_forecast,xgb_forecast,sma_metrics,es_metrics,arima_metrics,xgb_metrics
6192488209014,TEINT HZ TRESOR SA 10.11,H. ZONE,TRESOR,yearly,2026,4831.944406860659,"['2023', '2024', '2025']","[7419.249, 5802.822, 3644.073]",5622.048,7419.249,3644.073,1546.500972529277,-50.88353282117907,3,5622.048,5256.294470999999,3990.5661464426435,4458.869009999991,,"{""MAE"": 2453.33745, ""MSE"": 6719283.744891704, ""RMSE"": 2592.1581249784326, ""MAPE"": 59.07313627515656, ""R2"": -4.767381414681095}",,"{""MAE"": 578.719799999997, ""MSE"": 366866.4969961711, ""RMSE"": 605.6950528080703, ""MAPE"": 12.071276160784256, ""R2"": 0.8466062523742377}"
