ref_article,designation,marque,famille,frequency,next_period,avg_forecast,historical_periods,historical_values,avg_sales,max_sales,min_sales,std_sales,trend_pct,data_points,sma_forecast,es_forecast,lr_forecast,arima_forecast,prophet_forecast,xgb_forecast,sma_metrics,es_metrics,lr_metrics,arima_metrics,prophet_metrics,xgb_metrics
6192488206075,KIT COLORATION RB SO COLOR 6.1,RENEE BLANCHE,MASS MARKET,yearly,2026,59955.552164862886,"[""2022"", ""2023"", ""2024"", ""2025""]","[564.5360000000001, 38473.011, 63526.863, 39979.187]",35635.89925,63526.863,564.5360000000001,22554.488082633092,6981.778132838295,4,47326.35366666666,33822.25215649999,71460.3505000025,35629.51254172399,126440.60072428419,45054.24339999994,"{""MAE"": 5791.050333333333, ""MSE"": 33536263.963200103, ""RMSE"": 5791.050333333333, ""MAPE"": 14.485162825680606, ""R2"": NaN}","{""MAE"": 34021.14421666666, ""MSE"": 1418813972.6238484, ""RMSE"": 37667.14712616086, ""MAPE"": 70.39044358489069, ""R2"": -9.780741348138264}","{""MAE"": 15364.03775, ""MSE"": 252026671.1969195, ""RMSE"": 15875.34790790172, ""MAPE"": 626.6133401836114, ""R2"": 0.504571992502007}","{""MAE"": 21148.990339629203, ""MSE"": 637302027.0764438, ""RMSE"": 25244.84159341159, ""MAPE"": 74.28829128673584, ""R2"": -0.2527930950697481}","{""MAE"": 2059.8368420361485, ""MSE"": 6361692.630443219, ""RMSE"": 2522.2396060729875, ""MAPE"": 94.71184409428511, ""R2"": 0.9874943366539467}","{""MAE"": 8940.516310000014, ""MSE"": 89181721.2867542, ""RMSE"": 9443.60742972484, ""MAPE"": 611.0352932270919, ""R2"": 0.8246887034911643}"
