ref_article,designation,marque,famille,frequency,next_period,avg_forecast,historical_periods,historical_values,avg_sales,max_sales,min_sales,std_sales,trend_pct,data_points,sma_forecast,es_forecast,lr_forecast,arima_forecast,prophet_forecast,xgb_forecast,sma_metrics,es_metrics,lr_metrics,arima_metrics,prophet_metrics,xgb_metrics
6192488208994,TEINT HZ TRESOR SA 8.11,H. ZONE,TRESOR,yearly,2026,13951.124672643578,"[""2023"", ""2024"", ""2025""]","[9544.86, 15013.731, 10805.912]",11788.167666666666,15013.731,9544.86,2338.1983305790995,13.211843861512895,3,11788.167666666666,10991.920557,13049.219666666817,9806.939306774846,26107.373928753135,11963.126910000008,,"{""MAE"": 2924.2401499999996, ""MSE"": 15026326.61764374, ""RMSE"": 3876.380607943928, ""MAPE"": 19.96938686115206, ""R2"": -2.394679011976222}","{""MAE"": 2150.375555555636, ""MSE"": 5202129.408672471, ""RMSE"": 2280.8177061467386, ""MAPE"": 17.76864763940932, ""R2"": 0.04847882084777122}",,"{""MAE"": 0.08701554259278055, ""MSE"": 0.007662870815407864, ""RMSE"": 0.08753782505527462, ""MAPE"": 0.000758821955657491, ""R2"": 0.9999999985983847}","{""MAE"": 1424.8237933333342, ""MSE"": 2091451.2370349958, ""RMSE"": 1446.1850632042208, ""MAPE"": 12.224421585937192, ""R2"": 0.6174527792627963}"
