ref_article,designation,marque,famille,frequency,next_period,avg_forecast,historical_periods,historical_values,avg_sales,max_sales,min_sales,std_sales,trend_pct,data_points,sma_forecast,es_forecast,lr_forecast,arima_forecast,prophet_forecast,xgb_forecast,sma_metrics,es_metrics,lr_metrics,arima_metrics,prophet_metrics,xgb_metrics
61924880208512,Renée Blanche Argan Olio 125 ml ,RENEE BLANCHE,0%SSP,yearly,2026,29194.472760750126,"[""2023"", ""2024"", ""2025""]","[27483.846999999998, 37628.005, 19880.940000000002]",28330.930666666667,37628.005,19880.940000000002,7269.926275752105,-27.663183396414613,3,28330.930666666667,25097.555655999993,20728.02366666682,17851.08316580342,57751.50920936389,25407.734199999963,,"{""MAE"": 10395.156199999996, ""MSE"": 108122272.51880158, ""RMSE"": 10398.186020590398, ""MAPE"": 40.25430830958277, ""R2"": -0.3731629487070187}","{""MAE"": 6198.049555555802, ""MSE"": 43217795.57976559, ""RMSE"": 6574.024306295619, ""MAPE"": 21.667814414204702, ""R2"": 0.18228380795273924}",,"{""MAE"": 0.018492699306079885, ""MSE"": 0.0005271735341523615, ""RMSE"": 0.022960259888606695, ""MAPE"": 8.238892725185026e-05, ""R2"": 0.9999999999900254}","{""MAE"": 3769.6547533333346, ""MSE"": 16139744.821430901, ""RMSE"": 4017.430126515071, ""MAPE"": 15.085309828074875, ""R2"": 0.6946227705752279}"
