ref_article,designation,marque,famille,frequency,next_period,avg_forecast,historical_periods,historical_values,avg_sales,max_sales,min_sales,std_sales,trend_pct,data_points,sma_forecast,es_forecast,arima_forecast,xgb_forecast,sma_metrics,es_metrics,arima_metrics,xgb_metrics
6192488208963,TEINT IALO 10.11 100ML,H. ZONE,IALO,yearly,2026,7925.556438826762,"['2023', '2024', '2025']","[5707.921, 12358.705, 7291.089]",8452.571666666667,12358.705,5707.921,2836.6662877856384,27.736333421573278,3,8452.571666666667,7493.001928,7075.112920640377,8681.539240000006,,"{""MAE"": 3531.4255999999996, ""MSE"": 22201363.59598592, ""RMSE"": 4711.832297099072, ""MAPE"": 29.733112716134162, ""R2"": -2.4580577628642852}",,"{""MAE"": 1727.1323733333356, ""MSE"": 3076781.292493835, ""RMSE"": 1754.0756233679992, ""MAPE"": 21.79694624995572, ""R2"": 0.6176332395345575}"
