ref_article,designation,marque,famille,frequency,next_period,avg_forecast,historical_periods,historical_values,avg_sales,max_sales,min_sales,std_sales,trend_pct,data_points,sma_forecast,es_forecast,arima_forecast,xgb_forecast,sma_metrics,es_metrics,arima_metrics,xgb_metrics
6192488208284,CIRE GLOSS WAX RB FCR 3 120ML-6192488208284,RENEE BLANCHE,MASS MARKET,yearly,2026,7573.050706194654,"['2023', '2024', '2025']","[22696.496, 9149.9, 1827.8960000000002]",11224.764000000001,22696.496,1827.8960000000002,8644.975880200476,-91.94635154254648,3,11224.764000000001,10062.160387999998,4010.571276778608,4994.707160000006,,"{""MAE"": 15175.6086, ""MSE"": 232952778.43135267, ""RMSE"": 15262.79065018428, ""MAPE"": 533.6970757498464, ""R2"": -16.38072797026132}",,"{""MAE"": 3629.45696, ""MSE"": 13313772.56106256, ""RMSE"": 3648.8042645588102, ""MAPE"": 76.99518712351917, ""R2"": 0.8218550310510504}"
