ref_article,designation,marque,famille,frequency,next_period,avg_forecast,historical_periods,historical_values,avg_sales,max_sales,min_sales,std_sales,trend_pct,data_points,sma_forecast,es_forecast,lr_forecast,arima_forecast,prophet_forecast,xgb_forecast,sma_metrics,es_metrics,lr_metrics,arima_metrics,prophet_metrics,xgb_metrics
8006569716217,TEINT IALO MOKA 100ML,H. ZONE,IALO,yearly,2024,-8.671143911113267,"[""2020"", ""2021"", ""2022"", ""2023""]","[-168.717, -56.719, -25.19, -25.193]",-68.95475,-25.19,-168.717,59.01835351979501,-85.06789475867873,4,-35.70066666666667,-62.8966968,46.57049999998708,0.0,0.0,0.0,"{""MAE"": 58.349000000000004, ""MSE"": 3404.6058010000006, ""RMSE"": 58.349000000000004, ""MAPE"": 231.60798634541342, ""R2"": NaN}","{""MAE"": 99.62397333333335, ""MSE"": 10182.788469100802, ""RMSE"": 100.90980363225766, ""MAPE"": 313.09411863437793, ""R2"": -45.099919200504296}","{""MAE"": 28.000249999996367, ""MSE"": 813.9493746747787, ""RMSE"": 28.52979801321381, ""MAPE"": 65.95021681473669, ""R2"": 0.7663191009330141}","{""MAE"": 83.35925010520869, ""MSE"": 10650.247985252417, ""RMSE"": 103.2000386882312, ""MAPE"": 126.42074148659195, ""R2"": -2.0576342975563398}","{""MAE"": 5.034743649186984, ""MSE"": 37.98377972379804, ""RMSE"": 6.163098224415869, ""MAPE"": 17.226183957069996, ""R2"": 0.9890950419375087}","{""MAE"": 19.479485000000015, ""MSE"": 590.4273981629498, ""RMSE"": 24.298711862215036, ""MAPE"": 29.360578292977447, ""R2"": 0.830491171159598}"
