ref_article,designation,marque,famille,frequency,next_period,avg_forecast,historical_periods,historical_values,avg_sales,max_sales,min_sales,std_sales,trend_pct,data_points,sma_forecast,es_forecast,lr_forecast,arima_forecast,prophet_forecast,xgb_forecast,sma_metrics,es_metrics,lr_metrics,arima_metrics,prophet_metrics,xgb_metrics
8006569144515,TEINT IALO 6.4 100ML,H. ZONE,IALO,yearly,2026,4860.981922224997,"[""2020"", ""2021"", ""2022"", ""2023"", ""2024"", ""2025""]","[2591.152, 4186.92, 3855.628, 3724.751, 4743.456999999999, 5044.982]",4024.4816666666666,5044.982,2591.152,791.3613417233761,94.70034949705767,6,4504.3966666666665,4447.181896708,5405.27006666665,5151.0702610672315,4770.998712241436,4886.973930000002,"{""MAE"": 646.0816666666664, ""MSE"": 528194.839077518, ""RMSE"": 726.7701418450802, ""MAPE"": 13.573227336524809, ""R2"": -0.65538584813076}","{""MAE"": 1066.55323496, ""MSE"": 1309916.1161314845, ""RMSE"": 1144.5156688012116, ""MAPE"": 24.317837799758326, ""R2"": -4.0685662167839}","{""MAE"": 314.67946349206073, ""MSE"": 172305.9623231378, ""RMSE"": 415.0975335064493, ""MAPE"": 8.784325285246181, ""R2"": 0.7248619571777886}","{""MAE"": 966.3566267796682, ""MSE"": 1672757.2633837536, ""RMSE"": 1293.3511755837058, ""MAPE"": 29.2091837951393, ""R2"": -1.6710576544120088}","{""MAE"": 285.11121321098875, ""MSE"": 99106.39312221181, ""RMSE"": 314.8116788211832, ""MAPE"": 7.1739887676846275, ""R2"": 0.8417469792271233}","{""MAE"": 249.76658500000084, ""MSE"": 83770.1095381619, ""RMSE"": 289.4306644745195, ""MAPE"": 7.02224501391472, ""R2"": 0.8662359463678458}"
