ref_article,designation,marque,famille,frequency,next_period,avg_forecast,historical_periods,historical_values,avg_sales,max_sales,min_sales,std_sales,trend_pct,data_points,sma_forecast,es_forecast,lr_forecast,arima_forecast,prophet_forecast,xgb_forecast,sma_metrics,es_metrics,lr_metrics,arima_metrics,prophet_metrics,xgb_metrics
8006569715685,TEINT IALO 7.0 100ML,H. ZONE,IALO,yearly,2026,125287.8822855908,"[""2020"", ""2021"", ""2022"", ""2023"", ""2024"", ""2025""]","[46468.989, 55341.813, 76047.807, 95952.352, 130515.047, 112198.743]",86087.45850000001,130515.047,46468.989,29912.757498284816,141.44864223321062,6,112888.71399999999,100015.711038144,143494.7602000013,107621.44955651522,171935.38819888415,115771.27072000009,"{""MAE"": 34253.62655555555, ""MSE"": 1489772414.102996, ""RMSE"": 38597.57005438291, ""MAPE"": 30.091763880913973, ""R2"": -6.473724251259354}","{""MAE"": 32216.948417280008, ""MSE"": 1345556775.9987216, ""RMSE"": 36681.83168816303, ""MAPE"": 32.246289381972375, ""R2"": -0.9304473314310506}","{""MAE"": 7625.018533333764, ""MSE"": 110106801.9905181, ""RMSE"": 10493.178831532325, ""MAPE"": 7.783202110072014, ""R2"": 0.8769444379015421}","{""MAE"": 23158.253682524024, ""MSE"": 721257518.5887297, ""RMSE"": 26856.237982798888, ""MAPE"": 31.878559999850637, ""R2"": 0.1939212858500945}","{""MAE"": 5304.102126649552, ""MSE"": 32799547.741319627, ""RMSE"": 5727.088941278948, ""MAPE"": 7.13090369320704, ""R2"": 0.9633431658088583}","{""MAE"": 4337.672919999994, ""MSE"": 27204196.966787353, ""RMSE"": 5215.764274465187, ""MAPE"": 5.135800253109283, ""R2"": 0.9695965400078238}"
