ref_article,designation,marque,famille,frequency,next_period,avg_forecast,historical_periods,historical_values,avg_sales,max_sales,min_sales,std_sales,trend_pct,data_points,sma_forecast,es_forecast,arima_forecast,xgb_forecast,sma_metrics,es_metrics,arima_metrics,xgb_metrics
8006569715678,TEINT IALO 6.0 100ML,H. ZONE,IALO,yearly,2026,85342.41702459921,"['2020', '2021', '2022', '2023', '2024', '2025']","[34201.563, 41100.831, 59893.477, 67258.188, 102220.234, 88483.375]",65526.27799999999,102220.234,34201.563,24104.08990168847,158.71149514424238,6,85987.26566666666,77484.01502674799,87126.86591498216,90771.52149000001,"{""MAE"": 26785.01388888889, ""MSE"": 921896008.9271764, ""RMSE"": 30362.740471294357, ""MAPE"": 30.573967070191543, ""R2"": -3.4570620931102347}","{""MAE"": 25712.29373976, ""MSE"": 870561066.6308359, ""RMSE"": 29505.271844720155, ""MAPE"": 33.54005078571105, ""R2"": -0.8855086735338893}","{""MAE"": 18795.868022435116, ""MSE"": 501344287.29153824, ""RMSE"": 22390.71877567887, ""MAPE"": 33.3224319144295, ""R2"": 0.13711167358042642}","{""MAE"": 3800.353218333359, ""MSE"": 23010877.798354637, ""RMSE"": 4796.965478128296, ""MAPE"": 5.809201617796256, ""R2"": 0.9603948457453527}"
