ref_article,designation,marque,famille,frequency,next_period,avg_forecast,historical_periods,historical_values,avg_sales,max_sales,min_sales,std_sales,trend_pct,data_points,sma_forecast,es_forecast,lr_forecast,arima_forecast,prophet_forecast,xgb_forecast,sma_metrics,es_metrics,lr_metrics,arima_metrics,prophet_metrics,xgb_metrics
8006569145710,TEINT IALO 6.08 100ML,H. ZONE,IALO,yearly,2026,5735.468890176216,"[""2020"", ""2021"", ""2022"", ""2023"", ""2024"", ""2025""]","[2877.528, 6515.673, 4590.241, 3797.823, 5724.845, 6556.748]",5010.476333333333,6556.748,2877.528,1376.1958496335308,127.8604413232469,6,5359.805333333333,5573.989780934999,6533.596133333282,6659.933162612422,4103.041880843256,6182.447050000002,"{""MAE"": 1157.5673333333332, ""MSE"": 1583276.148139185, ""RMSE"": 1258.2830159146172, ""MAPE"": 21.402156758366445, ""R2"": -0.18576309580384898}","{""MAE"": 1659.8648647000002, ""MSE"": 4116789.054092113, ""RMSE"": 2028.9871990951824, ""MAPE"": 27.732652787059976, ""R2"": -2.4863651345741786}","{""MAE"": 892.6314285714375, ""MSE"": 1341559.3200838016, ""RMSE"": 1158.2570181457143, ""MAPE"": 19.929358582364184, ""R2"": 0.29164756160567296}","{""MAE"": 1962.1175359662248, ""MSE"": 4981509.79267777, ""RMSE"": 2231.929611945182, ""MAPE"": 43.689565452442494, ""R2"": -1.6302710254423158}","{""MAE"": 731.8495265998498, ""MSE"": 663205.1177154921, ""RMSE"": 814.3740649821139, ""MAPE"": 15.117243159368554, ""R2"": 0.6498231906286334}","{""MAE"": 632.5721199999994, ""MSE"": 477979.614101009, ""RMSE"": 691.3606975385634, ""MAPE"": 14.514182112548276, ""R2"": 0.7476235153507191}"
