ref_article,designation,marque,famille,frequency,next_period,avg_forecast,historical_periods,historical_values,avg_sales,max_sales,min_sales,std_sales,trend_pct,data_points,sma_forecast,es_forecast,lr_forecast,arima_forecast,prophet_forecast,xgb_forecast,sma_metrics,es_metrics,lr_metrics,arima_metrics,prophet_metrics,xgb_metrics
8006569715708,TEINT IALO 9.0 100ML,H. ZONE,IALO,yearly,2026,34126.93376375052,"[""2020"", ""2021"", ""2022"", ""2023"", ""2024"", ""2025""]","[22976.266, 23425.327, 28107.626, 29856.909, 38825.609, 28879.484]",28678.53683333333,38825.609,22976.266,5241.343016057346,25.692677826762626,6,32520.66733333333,29417.032731180992,36425.15873333439,29745.697690537498,45064.44850411688,31588.59759000004,"{""MAE"": 6700.018333333333, ""MSE"": 57814851.355857514, ""RMSE"": 7603.607785509292, ""MAPE"": 19.552025395767018, ""R2"": -1.885639125249063}","{""MAE"": 4886.24512998, ""MSE"": 42742144.95644735, ""RMSE"": 6537.747697521475, ""MAPE"": 14.725181992179518, ""R2"": -0.6986650161303254}","{""MAE"": 2478.1842285713187, ""MSE"": 13183545.45445845, ""RMSE"": 3630.9152364739184, ""MAPE"": 7.863756515710331, ""R2"": 0.520104082445678}","{""MAE"": 8424.050747745738, ""MSE"": 121303586.18417431, ""RMSE"": 11013.790727273436, ""MAPE"": 31.58504540094234, ""R2"": -3.4155872936894562}","{""MAE"": 2239.754690584401, ""MSE"": 5395042.4652903825, ""RMSE"": 2322.7230711581574, ""MAPE"": 7.986757482772886, ""R2"": 0.8036143719404795}","{""MAE"": 1347.7347866666696, ""MSE"": 2948513.8754131105, ""RMSE"": 1717.123721638342, ""MAPE"": 4.365903847113076, ""R2"": 0.8926707708066116}"
