ref_article,designation,marque,famille,frequency,next_period,avg_forecast,historical_periods,historical_values,avg_sales,max_sales,min_sales,std_sales,trend_pct,data_points,sma_forecast,es_forecast,lr_forecast,arima_forecast,prophet_forecast,xgb_forecast,sma_metrics,es_metrics,lr_metrics,arima_metrics,prophet_metrics,xgb_metrics
8006569145734,TEINT IALO 5.55 100ML,H. ZONE,IALO,yearly,2026,5618.723683191907,"[""2020"", ""2021"", ""2022"", ""2023"", ""2024"", ""2025""]","[6444.43, 4233.083, 3003.813, 3166.248, 6505.282999999999, 5346.244]",4783.1835,6505.282999999999,3003.813,1421.5985190302206,-17.040855436400122,6,5005.924999999999,5196.6496336029995,4931.9939999999915,5664.81953363853,7387.81786190992,5525.136070000002,"{""MAE"": 1850.9638888888885, ""MSE"": 4142509.7571219616, ""RMSE"": 2035.3156406616547, ""MAPE"": 37.23242687470276, ""R2"": -1.161947533269454}","{""MAE"": 1833.4747468599999, ""MSE"": 4049277.536878468, ""RMSE"": 2012.2816743384778, ""MAPE"": 47.76645798396926, ""R2"": -1.2970802566773063}","{""MAE"": 1294.2101904761882, ""MSE"": 2015669.8338540888, ""RMSE"": 1419.7428759652535, ""MAPE"": 30.536723968189616, ""R2"": 0.002608939070741334}","{""MAE"": 2148.6969009774434, ""MSE"": 9516732.979124123, ""RMSE"": 3084.920254905161, ""MAPE"": 40.39469325717369, ""R2"": -3.7090571298970865}","{""MAE"": 1117.382714154305, ""MSE"": 1476980.5691874062, ""RMSE"": 1215.3108940462132, ""MAPE"": 27.929234233437423, ""R2"": 0.269162443108545}","{""MAE"": 517.9002433333344, ""MSE"": 320657.4774429852, ""RMSE"": 566.2662602018464, ""MAPE"": 11.111184816000424, ""R2"": 0.8413326943479424}"
