ref_article,designation,marque,famille,frequency,next_period,avg_forecast,historical_periods,historical_values,avg_sales,max_sales,min_sales,std_sales,trend_pct,data_points,sma_forecast,es_forecast,lr_forecast,arima_forecast,prophet_forecast,xgb_forecast,sma_metrics,es_metrics,lr_metrics,arima_metrics,prophet_metrics,xgb_metrics
8006569716231,TEINT IALO MIEL 100ML,H. ZONE,IALO,yearly,2026,1691.6160082722702,"[""2020"", ""2021"", ""2022"", ""2023"", ""2024"", ""2025""]","[4219.777, 5183.154, 2903.568, 2828.37, 2598.937, 1634.696]",3228.083666666666,5183.154,1634.696,1155.100781559293,-61.2610808580643,6,2354.0009999999997,2473.7143271469995,1152.7582666666713,1588.6900679219168,612.3669178980358,1968.165469999999,"{""MAE"": 1151.8285555555558, ""MSE"": 1335909.608431519, ""RMSE"": 1155.8155598673686, ""MAPE"": 51.63561860479581, ""R2"": -3.9945570211858286}","{""MAE"": 1309.67305986, ""MSE"": 1803192.9093387662, ""RMSE"": 1342.8301863373367, ""MAPE"": 52.42441839277752, ""R2"": -0.32094301059375274}","{""MAE"": 441.97455555558673, ""MSE"": 308787.45463388396, ""RMSE"": 555.6864715231818, ""MAPE"": 12.338502876973108, ""R2"": 0.7685698738031824}","{""MAE"": 1433.8764789802196, ""MSE"": 4148335.608828153, ""RMSE"": 2036.7463290326934, ""MAPE"": 44.09883290762844, ""R2"": -2.109095978643762}","{""MAE"": 439.29792814572784, ""MSE"": 261186.44316892966, ""RMSE"": 511.0640304002324, ""MAPE"": 14.36401250249818, ""R2"": 0.8042458960155876}","{""MAE"": 275.7558416666673, ""MSE"": 132485.37781829954, ""RMSE"": 363.9854087986214, ""MAPE"": 9.741286351258895, ""R2"": 0.9007048141121028}"
