ref_article,designation,marque,famille,frequency,next_period,avg_forecast,historical_periods,historical_values,avg_sales,max_sales,min_sales,std_sales,trend_pct,data_points,sma_forecast,es_forecast,lr_forecast,arima_forecast,prophet_forecast,xgb_forecast,sma_metrics,es_metrics,lr_metrics,arima_metrics,prophet_metrics,xgb_metrics
8006569140296,H.Z OXY 20V 1L,H. ZONE,IALO,yearly,2026,37011.49493298801,"[""2020"", ""2021"", ""2022"", ""2023"", ""2024"", ""2025""]","[22630.213, 16369.088, 20819.525999999998, 32235.501, 35418.883, 33496.722]",26828.322166666665,35418.883,16369.088,7195.232287251224,48.01770535699333,6,33717.03533333333,30594.335246964998,39118.11266666651,33734.572668231565,51193.20097273164,33711.712710000014,"{""MAE"": 9526.274, ""MSE"": 105989874.43702473, ""RMSE"": 10295.13838843484, ""MAPE"": 28.255111513437203, ""R2"": -60.864593656212556}","{""MAE"": 6984.611473300002, ""MSE"": 66262358.67442348, ""RMSE"": 8140.169449982198, ""MAPE"": 24.69243792175403, ""R2"": -0.14450959929707752}","{""MAE"": 3851.7716190475144, ""MSE"": 15809712.778480524, ""RMSE"": 3976.142952470462, ""MAPE"": 16.5663160407665, ""R2"": 0.6946243939310788}","{""MAE"": 7988.234151974489, ""MSE"": 117462749.41468029, ""RMSE"": 10838.02331676216, ""MAPE"": 32.31615969745841, ""R2"": -1.268874760448198}","{""MAE"": 1483.121380988833, ""MSE"": 2740005.8901652824, ""RMSE"": 1655.296314913219, ""MAPE"": 5.581630852158826, ""R2"": 0.9470748791539997}","{""MAE"": 1415.3947583333345, ""MSE"": 2693791.835946985, ""RMSE"": 1641.2775012005084, ""MAPE"": 5.872653569067676, ""R2"": 0.9479675357767705}"
