ref_article,designation,marque,famille,frequency,next_period,avg_forecast,historical_periods,historical_values,avg_sales,max_sales,min_sales,std_sales,trend_pct,data_points,sma_forecast,es_forecast,lr_forecast,arima_forecast,prophet_forecast,xgb_forecast,sma_metrics,es_metrics,lr_metrics,arima_metrics,prophet_metrics,xgb_metrics
8006569140302,H.Z OXY 30V 1L,H. ZONE,IALO,yearly,2026,18663.893700685894,"[""2020"", ""2021"", ""2022"", ""2023"", ""2024"", ""2025""]","[18921.192, 12633.424, 15673.422999999999, 16786.364, 18165.584, 17847.089]",16671.179333333333,18921.192,12633.424,2081.2984405605766,-5.676719521687636,6,17599.679,17491.678941402,17905.069933333318,17982.04286258382,23157.711136796235,17847.180329999996,"{""MAE"": 1716.72111111111, ""MSE"": 3953056.507789105, ""RMSE"": 1988.229490725129, ""MAPE"": 9.63958578540189, ""R2"": -10.370886963456439}","{""MAE"": 2005.1282032400018, ""MSE"": 8832963.674179303, ""RMSE"": 2972.0302276691773, ""MAPE"": 14.336569012468361, ""R2"": -1.2175823965867365}","{""MAE"": 1463.8389142857466, ""MSE"": 3969306.528973183, ""RMSE"": 1992.3118553512609, ""MAPE"": 9.482623009264177, ""R2"": 0.08368262662929249}","{""MAE"": 4057.592868934285, ""MSE"": 61282626.032148026, ""RMSE"": 7828.322044483609, ""MAPE"": 22.09689691262384, ""R2"": -13.14713993720302}","{""MAE"": 1129.3718107553088, ""MSE"": 1606275.3132787219, ""RMSE"": 1267.389171990483, ""MAPE"": 6.811934437608359, ""R2"": 0.6291901456261373}","{""MAE"": 818.6216333333265, ""MSE"": 1171084.5711254405, ""RMSE"": 1082.1666096888412, ""MAPE"": 5.293999460604026, ""R2"": 0.7296542531104997}"
