ref_article,designation,marque,famille,frequency,next_period,avg_forecast,historical_periods,historical_values,avg_sales,max_sales,min_sales,std_sales,trend_pct,data_points,sma_forecast,es_forecast,lr_forecast,arima_forecast,prophet_forecast,xgb_forecast,sma_metrics,es_metrics,lr_metrics,arima_metrics,prophet_metrics,xgb_metrics
8006569715678,TEINT IALO 6.0 100ML,H. ZONE,IALO,yearly,2026,97902.93699785326,"[""2020"", ""2021"", ""2022"", ""2023"", ""2024"", ""2025""]","[34201.563, 41100.831, 59893.477, 67258.188, 102220.234, 88483.375]",65526.27799999999,102220.234,34201.563,24104.08990168847,158.71149514424238,6,85987.26566666666,77484.01502674799,111739.47600000352,87126.86591498216,134308.47788871918,90771.52149000001,"{""MAE"": 26785.01388888889, ""MSE"": 921896008.9271764, ""RMSE"": 30362.740471294357, ""MAPE"": 30.573967070191543, ""R2"": -3.4570620931102347}","{""MAE"": 25712.29373976, ""MSE"": 870561066.6308359, ""RMSE"": 29505.271844720155, ""MAPE"": 33.54005078571105, ""R2"": -0.8855086735338893}","{""MAE"": 6514.03209523812, ""MSE"": 72516752.51554258, ""RMSE"": 8515.676867727108, ""MAPE"": 8.817814577564608, ""R2"": 0.8751878483475539}","{""MAE"": 18795.868022435116, ""MSE"": 501344287.29153824, ""RMSE"": 22390.71877567887, ""MAPE"": 33.3224319144295, ""R2"": 0.13711167358042642}","{""MAE"": 5390.000150012828, ""MSE"": 31866233.318750992, ""RMSE"": 5645.018451586407, ""MAPE"": 8.880754031815263, ""R2"": 0.9451534575445898}","{""MAE"": 3800.353218333359, ""MSE"": 23010877.798354637, ""RMSE"": 4796.965478128296, ""MAPE"": 5.809201617796256, ""R2"": 0.9603948457453527}"
