ref_article,designation,marque,famille,frequency,next_period,avg_forecast,historical_periods,historical_values,avg_sales,max_sales,min_sales,std_sales,trend_pct,data_points,sma_forecast,es_forecast,lr_forecast,arima_forecast,prophet_forecast,xgb_forecast,sma_metrics,es_metrics,lr_metrics,arima_metrics,prophet_metrics,xgb_metrics
8006569145727,TEINT IALO 7.08 100ML,H. ZONE,IALO,yearly,2026,8062.3098622382795,"[""2020"", ""2021"", ""2022"", ""2023"", ""2024"", ""2025""]","[4044.42, 7011.389, 4873.845, 4296.987, 5399.997, 10325.443]",5992.013500000001,10325.443,4044.42,2163.5140107812063,155.3009578629321,6,6674.142333333333,7682.341719998999,8591.421599999769,12137.110122939892,4643.441017157714,8645.40237999998,"{""MAE"": 2162.4403333333335, ""MSE"": 10310163.006338848, ""RMSE"": 3210.944254629602, ""MAPE"": 25.547792065477793, ""R2"": -0.5010202441468394}","{""MAE"": 1942.1052283799995, ""MSE"": 7746900.036848083, ""RMSE"": 2783.325355909381, ""MAPE"": 24.52253481558925, ""R2"": -0.6459643584859818}","{""MAE"": 1536.7056571427795, ""MSE"": 3072001.8104785806, ""RMSE"": 1752.7127004956005, ""MAPE"": 25.27775669739791, ""R2"": 0.34370054548092577}","{""MAE"": 2491.502726037741, ""MSE"": 8607671.099097457, ""RMSE"": 2933.883279733101, ""MAPE"": 43.75295393170994, ""R2"": -0.8389344133027001}","{""MAE"": 893.8373334068442, ""MSE"": 1059029.1488643324, ""RMSE"": 1029.0914190995531, ""MAPE"": 17.438167636099866, ""R2"": 0.7737500510746177}","{""MAE"": 733.0014833333338, ""MSE"": 784451.4823999443, ""RMSE"": 885.692656851091, ""MAPE"": 11.74453151209965, ""R2"": 0.8324105544991337}"
