ref_article,designation,marque,famille,frequency,next_period,avg_forecast,historical_periods,historical_values,avg_sales,max_sales,min_sales,std_sales,trend_pct,data_points,sma_forecast,es_forecast,lr_forecast,arima_forecast,prophet_forecast,xgb_forecast,sma_metrics,es_metrics,lr_metrics,arima_metrics,prophet_metrics,xgb_metrics
8006569716163,TEINT IALO 11.3 100ML,H. ZONE,IALO,yearly,2026,698.0414437728841,"[""2020"", ""2021"", ""2022"", ""2023"", ""2024"", ""2025""]","[979.762, 3278.932, 2437.578, 415.205, 1046.555, 849.161]",1501.1988333333331,3278.932,415.205,1009.9731418965913,-13.329869907181541,6,770.3069999999999,1085.8140827499997,563.9479333332274,851.3121665540796,0.0,916.8674799999982,"{""MAE"": 1088.2846666666667, ""MSE"": 1499612.4768582962, ""RMSE"": 1224.586655512094, ""MAPE"": 195.3174340786189, ""R2"": -20.563884389727175}","{""MAE"": 1088.577445, ""MSE"": 1696041.7364167576, ""RMSE"": 1302.321671637525, ""MAPE"": 111.01492306705585, ""R2"": -0.4636193271911784}","{""MAE"": 731.9891619047694, ""MSE"": 810893.5450784783, ""RMSE"": 900.4962771041745, ""MAPE"": 72.1433115690961, ""R2"": 0.2050419824962244}","{""MAE"": 1155.6385874855969, ""MSE"": 1913416.540534143, ""RMSE"": 1383.2630048310202, ""MAPE"": 128.9618014858621, ""R2"": -0.8758144382253583}","{""MAE"": 608.5246802464551, ""MSE"": 385021.11891133786, ""RMSE"": 620.5007001699014, ""MAPE"": 66.99806861101042, ""R2"": 0.6225452437690565}","{""MAE"": 377.203431666667, ""MSE"": 214442.0346216318, ""RMSE"": 463.07886436505805, ""MAPE"": 44.50706794238892, ""R2"": 0.7897721399474328}"
