ref_article,designation,marque,famille,frequency,next_period,avg_forecast,historical_periods,historical_values,avg_sales,max_sales,min_sales,std_sales,trend_pct,data_points,sma_forecast,es_forecast,arima_forecast,xgb_forecast,sma_metrics,es_metrics,arima_metrics,xgb_metrics
8006569715722,TEINT IALO 6.1 100ML,H. ZONE,IALO,yearly,2026,55686.04657881851,"['2020', '2021', '2022', '2023', '2024', '2025']","[33310.724, 37517.43, 58737.073, 62964.744, 70813.521, 52017.149]",52560.10683333333,70813.521,33310.724,13395.983125045996,56.157365417815576,6,61931.80466666666,53458.87680869599,49689.03311991133,57664.47172000007,"{""MAE"": 16557.13466666666, ""MSE"": 284520542.88599104, ""RMSE"": 16867.736744625552, ""MAPE"": 26.60916675138448, ""R2"": -3.7885042087317213}","{""MAE"": 15020.944763679998, ""MSE"": 314049021.5538254, ""RMSE"": 17721.42831585043, ""MAPE"": 24.714220431613626, ""R2"": -1.4842989410796563}","{""MAE"": 13800.286167300923, ""MSE"": 330842740.10415787, ""RMSE"": 18189.082992392934, ""MAPE"": 31.06540665986107, ""R2"": -0.8436243075258554}","{""MAE"": 3269.5855883333656, ""MSE"": 15966202.235273026, ""RMSE"": 3995.7730460166313, ""MAPE"": 6.276209945522327, ""R2"": 0.9110281865923493}"
