ref_article,designation,marque,famille,frequency,next_period,avg_forecast,historical_periods,historical_values,avg_sales,max_sales,min_sales,std_sales,trend_pct,data_points,sma_forecast,es_forecast,arima_forecast,xgb_forecast,sma_metrics,es_metrics,arima_metrics,xgb_metrics
8006569144485,TEINT IALO 4.2 100ML,H. ZONE,IALO,yearly,2026,1999.6332241847344,"['2020', '2021', '2022', '2023', '2024', '2025']","[1102.94, 2887.7239999999997, 2683.759, 1059.423, 2869.736, 1727.392]",2055.162333333333,2887.7239999999997,1059.423,791.357540352161,56.617041724844505,6,1885.5169999999998,1880.5086193339996,2204.273817404937,2028.2334600000008,"{""MAE"": 767.2442222222221, ""MSE"": 673473.8616845924, ""RMSE"": 820.6545324828179, ""MAPE"": 53.52988008743649, ""R2"": -0.2054145002251857}","{""MAE"": 1044.1467797199998, ""MSE"": 1315610.2184228487, ""RMSE"": 1147.0005311345103, ""MAPE"": 48.88185913641935, ""R2"": -1.4642362079405515}","{""MAE"": 1160.6162657041561, ""MSE"": 1706112.3299876454, ""RMSE"": 1306.1823494396353, ""MAPE"": 69.29646015631788, ""R2"": -1.724345175140964}","{""MAE"": 410.2495666666675, ""MSE"": 207937.5754202789, ""RMSE"": 456.0017274312444, ""MAPE"": 27.032372418238204, ""R2"": 0.6679622318122223}"
