ref_article,designation,marque,famille,frequency,next_period,avg_forecast,historical_periods,historical_values,avg_sales,max_sales,min_sales,std_sales,trend_pct,data_points,sma_forecast,es_forecast,arima_forecast,xgb_forecast,sma_metrics,es_metrics,arima_metrics,xgb_metrics
8006569715692,TEINT IALO 8.0 100ML,H. ZONE,IALO,yearly,2026,61759.359701041416,"['2020', '2021', '2022', '2023', '2024', '2025']","[35978.669, 40117.98, 51049.574, 53943.997, 78003.769, 59921.246]",53169.20583333333,78003.769,35978.669,13743.409129003852,66.54658903585343,6,63956.33733333333,57509.97070828099,61184.126952551305,64387.00381000005,"{""MAE"": 14091.014000000003, ""MSE"": 337656492.6112506, ""RMSE"": 18375.43176666199, ""MAPE"": 20.407171921501025, ""R2"": -2.227464074402685}","{""MAE"": 13665.265341220005, ""MSE"": 294127914.16842633, ""RMSE"": 17150.157846749586, ""MAPE"": 22.21191247042411, ""R2"": -0.8886550222425615}","{""MAE"": 16360.427061144977, ""MSE"": 389254464.3943952, ""RMSE"": 19729.53279716464, ""MAPE"": 33.96525256561849, ""R2"": -1.0608417866428903}","{""MAE"": 3147.339098333336, ""MSE"": 14400517.739933794, ""RMSE"": 3794.8014098149847, ""MAPE"": 5.448755507752687, ""R2"": 0.9237588995827709}"
