ref_article,designation,marque,famille,frequency,next_period,avg_forecast,historical_periods,historical_values,avg_sales,max_sales,min_sales,std_sales,trend_pct,data_points,sma_forecast,es_forecast,lr_forecast,arima_forecast,prophet_forecast,xgb_forecast,sma_metrics,es_metrics,lr_metrics,arima_metrics,prophet_metrics,xgb_metrics
8006569715876,TEINT IALO 9.3 100ML,H. ZONE,IALO,yearly,2026,5855.821843134224,"[""2020"", ""2021"", ""2022"", ""2023"", ""2024"", ""2025""]","[6667.626, 7443.772, 5978.965, 4566.727, 6316.9439999999995, 6365.318]",6223.225333333333,7443.772,4566.727,867.9333184086719,-4.533967562067819,6,5749.663,6235.245964536,5592.799133333319,6368.69406799463,4915.9425729413815,6272.586320000007,"{""MAE"": 1064.9853333333333, ""MSE"": 1731346.804210075, ""RMSE"": 1315.8065223314843, ""MAPE"": 21.13708305335644, ""R2"": -1.473144842601119}","{""MAE"": 866.1016683199998, ""MSE"": 1170131.3836695196, ""RMSE"": 1081.7261130570528, ""MAPE"": 15.99366824403036, ""R2"": -0.366063357033648}","{""MAE"": 635.5541428571328, ""MSE"": 658680.3419547182, ""RMSE"": 811.5912406838298, ""MAPE"": 11.302642799643504, ""R2"": 0.12561644433290242}","{""MAE"": 1983.2787091920388, ""MSE"": 8689159.310995197, ""RMSE"": 2947.7379990418412, ""MAPE"": 31.828737602518448, ""R2"": -10.534666408228953}","{""MAE"": 603.1109677484947, ""MSE"": 511837.14224901394, ""RMSE"": 715.4279434359647, ""MAPE"": 10.764836866037227, ""R2"": 0.32054753746856834}","{""MAE"": 321.7154533333331, ""MSE"": 135693.93897828713, ""RMSE"": 368.3665823310892, ""MAPE"": 5.654973866858047, ""R2"": 0.8198693033798397}"
