ref_article,designation,marque,famille,frequency,next_period,avg_forecast,historical_periods,historical_values,avg_sales,max_sales,min_sales,std_sales,trend_pct,data_points,sma_forecast,es_forecast,arima_forecast,xgb_forecast,sma_metrics,es_metrics,arima_metrics,xgb_metrics
8006569145741,TEINT IALO 6.55 100ML,H. ZONE,IALO,yearly,2026,7187.416663681799,"['2020', '2021', '2022', '2023', '2024', '2025']","[6870.647, 6011.338, 5636.83, 4398.573, 8268.875, 7401.445]",6431.284666666666,8268.875,4398.573,1255.0178422052634,7.725589744313742,6,6689.631,6960.318023800997,7619.4737109262105,7480.243919999991,"{""MAE"": 1998.1152222222227, ""MSE"": 4454865.308219298, ""RMSE"": 2110.6551845858903, ""MAPE"": 31.07221393350717, ""R2"": -0.6200221958156895}","{""MAE"": 1436.46732762, ""MSE"": 2514110.764152446, ""RMSE"": 1585.5947666892844, ""MAPE"": 23.59934341049663, ""R2"": -0.3635823052084366}","{""MAE"": 2161.1271207968034, ""MSE"": 10377776.827159887, ""RMSE"": 3221.455700015117, ""MAPE"": 32.28272441908557, ""R2"": -5.588772720364287}","{""MAE"": 397.27261833333085, ""MSE"": 274810.50344051764, ""RMSE"": 524.223715068784, ""MAPE"": 6.604738377615367, ""R2"": 0.8255248712229257}"
