ref_article,designation,marque,famille,frequency,next_period,avg_forecast,historical_periods,historical_values,avg_sales,max_sales,min_sales,std_sales,trend_pct,data_points,sma_forecast,es_forecast,lr_forecast,arima_forecast,prophet_forecast,xgb_forecast,sma_metrics,es_metrics,lr_metrics,arima_metrics,prophet_metrics,xgb_metrics
H04V100,H.Z OXY 40V 100ML,H. ZONE,IALO,yearly,2026,4778.499407582803,"[""2020"", ""2021"", ""2022"", ""2023"", ""2024"", ""2025""]","[8788.022, 12897.246, 5300.003, 7135.191, 7690.58, 4030.334]",7640.229333333334,12897.246,4030.334,2820.143458404298,-54.13832600783203,6,6285.368333333333,5986.150010833999,3882.904333333019,4326.539635614545,3021.846052381925,5168.188079999995,"{""MAE"": 1763.9077777777775, ""MSE"": 3733383.531599555, ""RMSE"": 1932.196556150423, ""MAPE"": 34.105875054655215, ""R2"": -0.4392383875043675}","{""MAE"": 2952.799684919999, ""MSE"": 11497243.514452, ""RMSE"": 3390.7585455841586, ""MAPE"": 49.34276623265047, ""R2"": -0.24595328181587317}","{""MAE"": 1779.6965714285136, ""MSE"": 4591901.707974483, ""RMSE"": 2142.8723032356556, ""MAPE"": 24.175367820401398, ""R2"": 0.4226353619981864}","{""MAE"": 4395.941592571561, ""MSE"": 27990134.171865392, ""RMSE"": 5290.570306863467, ""MAPE"": 65.01943578058723, ""R2"": -2.5193509599075803}","{""MAE"": 1829.3448006439637, ""MSE"": 4452538.476486738, ""RMSE"": 2110.103901822547, ""MAPE"": 26.095863815840232, ""R2"": 0.440158254868247}","{""MAE"": 1080.4929266666672, ""MSE"": 1726875.4755511947, ""RMSE"": 1314.106341036065, ""MAPE"": 17.125892928187618, ""R2"": 0.7828706062927413}"
