ref_article,designation,marque,famille,frequency,next_period,avg_forecast,historical_periods,historical_values,avg_sales,max_sales,min_sales,std_sales,trend_pct,data_points,sma_forecast,es_forecast,lr_forecast,arima_forecast,prophet_forecast,xgb_forecast,sma_metrics,es_metrics,lr_metrics,arima_metrics,prophet_metrics,xgb_metrics
HETT8.31,TEINT HZ TRESOR SA 8.31,H. ZONE,TRESOR,yearly,2026,10955.704582294284,"[""2021"", ""2022"", ""2023"", ""2024"", ""2025""]","[7462.421, 12401.529, 10251.501, 12058.556999999999, 9587.532]",10352.308,12401.529,7462.421,1792.0426117163618,28.477500800343464,5,10632.529999999999,9864.619883239999,11524.483000000007,9126.163727039167,14278.384863486528,10308.046020000007,"{""MAE"": 2001.5351666666666, ""MSE"": 4006486.687026722, ""RMSE"": 2001.621014834407, ""MAPE"": 18.71763940401489, ""R2"": -1.62463802651237}","{""MAE"": 2383.535099, ""MSE"": 8458522.136066291, ""RMSE"": 2908.3538533105443, ""MAPE"": 20.263079294284275, ""R2"": -5.022684857147405}","{""MAE"": 1502.1879999999921, ""MSE"": 2906084.6709572, ""RMSE"": 1704.7242213792822, ""MAPE"": 15.189777793682484, ""R2"": 0.09507705715630244}","{""MAE"": 3846.0842663729736, ""MSE"": 18285000.055107955, ""RMSE"": 4276.0963570887825, ""MAPE"": 41.44805400590714, ""R2"": -4.6937487834156615}","{""MAE"": 964.2939499942695, ""MSE"": 1674621.4468838873, ""RMSE"": 1294.0716544627223, ""MAPE"": 9.487762289650991, ""R2"": 0.4785412197352813}","{""MAE"": 952.3362920000006, ""MSE"": 1018605.078366956, ""RMSE"": 1009.2596684535432, ""MAPE"": 9.662631733041119, ""R2"": 0.6828175330460162}"
