ref_article,designation,marque,famille,frequency,next_period,avg_forecast,historical_periods,historical_values,avg_sales,max_sales,min_sales,std_sales,trend_pct,data_points,sma_forecast,es_forecast,arima_forecast,xgb_forecast,sma_metrics,es_metrics,arima_metrics,xgb_metrics
HZACSH1000ML,H ZONE ARGAN ACTIVE SHAMPOO 1000ML,H. ZONE,IALO,yearly,2024,865.155512868257,"['2021', '2022', '2023']","[4078.0769999999998, 1251.873, -354.06]",1658.6299999999999,4078.0769999999998,-354.06,1832.1295513652958,-108.68203322301173,3,1658.6299999999999,1402.2351419999998,66.48948947302893,333.2674199999996,,"{""MAE"": 3205.2398999999996, ""MSE"": 10417231.03004082, ""RMSE"": 3227.5735514532926, ""MAPE"": 619.0468749796124, ""R2"": -15.156877878713722}",,"{""MAE"": 766.0879000000003, ""MSE"": 591666.0379977858, ""RMSE"": 769.1983086290464, ""MAPE"": 91.81525706279508, ""R2"": 0.823735732005347}"
