ref_article,designation,marque,famille,frequency,next_period,avg_forecast,historical_periods,historical_values,avg_sales,max_sales,min_sales,std_sales,trend_pct,data_points,sma_forecast,es_forecast,lr_forecast,arima_forecast,prophet_forecast,xgb_forecast,sma_metrics,es_metrics,lr_metrics,arima_metrics,prophet_metrics,xgb_metrics
HZKACOND250ML,H ZONE KERATINE ACTIVE CONDITIONER 250ML,H. ZONE,IALO,yearly,2024,469.58953077727097,"[""2021"", ""2022"", ""2023""]","[3459.169, 484.09799999999996, -124.35]",1272.9723333333334,3459.169,-124.35,1565.7041315191777,-103.59479400977519,3,1272.9723333333334,1194.2388729999998,0.0,119.05010833029232,0.0,231.27587000000005,,"{""MAE"": 2833.03435, ""MSE"": 8046258.038223144, ""RMSE"": 2836.592681056472, ""MAPE"": 1389.3054408267863, ""R2"": -85.93747281586275}","{""MAE"": 525.9162222221817, ""MSE"": 311161.3568960556, ""RMSE"": 557.8183906040169, ""MAPE"": 163.85313164545775, ""R2"": 0.8730694208811312}",,"{""MAE"": 522.3496691918989, ""MSE"": 310308.9102463997, ""RMSE"": 557.0537767993318, ""MAPE"": 161.45566149096672, ""R2"": 0.8734171554069993}","{""MAE"": 683.8054466666671, ""MSE"": 521500.49958580924, ""RMSE"": 722.1499148970449, ""MAPE"": 161.3225782459278, ""R2"": 0.7872667702586261}"
