ref_article,designation,marque,famille,frequency,next_period,avg_forecast,historical_periods,historical_values,avg_sales,max_sales,min_sales,std_sales,trend_pct,data_points,sma_forecast,es_forecast,lr_forecast,arima_forecast,prophet_forecast,xgb_forecast,sma_metrics,es_metrics,lr_metrics,arima_metrics,prophet_metrics,xgb_metrics
HZONETN/9.0,TEINT H ZONE S/A100ML9.0 NEW,H. ZONE,IALO,yearly,2025,121.43313639392069,"[""2020"", ""2021"", ""2022"", ""2024""]","[2150.3250000000003, 543.875, -76.946, -24.225]",648.2572500000001,2150.3250000000003,-76.946,900.7296084398401,-101.12657388999338,4,147.56799999999998,548.5919579999999,0.0,28.495480363524322,0.0,3.943379999999992,"{""MAE"": 896.6430000000001, ""MSE"": 803968.6694490003, ""RMSE"": 896.6430000000001, ""MAPE"": 3701.3126934984525, ""R2"": NaN}","{""MAE"": 1506.9334, ""MSE"": 2331157.851732547, ""RMSE"": 1526.8129720868064, ""MAPE"": 2463.094683229146, ""R2"": -28.51099078533881}","{""MAE"": 536.0704000000037, ""MSE"": 296524.4338869001, ""RMSE"": 544.5405713873853, ""MAPE"": 657.7545266743629, ""R2"": 0.6345132748529154}","{""MAE"": 1891.554034045927, ""MSE"": 5040523.156204501, ""RMSE"": 2245.1109451883444, ""MAPE"": 1212.9963960571342, ""R2"": -5.2127908895760555}","{""MAE"": 133.962076193688, ""MSE"": 27780.145426572435, ""RMSE"": 166.67376946170154, ""MAPE"": 186.997984395478, ""R2"": 0.9657590632819811}","{""MAE"": 312.3195249999999, ""MSE"": 134997.81855528607, ""RMSE"": 367.42049283523374, ""MAPE"": 138.164335941183, ""R2"": 0.8336059192188155}"
