ref_article,designation,marque,famille,frequency,next_period,avg_forecast,historical_periods,historical_values,avg_sales,max_sales,min_sales,std_sales,trend_pct,data_points,sma_forecast,es_forecast,lr_forecast,arima_forecast,prophet_forecast,xgb_forecast,sma_metrics,es_metrics,lr_metrics,arima_metrics,prophet_metrics,xgb_metrics
HZONETN/6.58,TEINT H ZONE S/A100ML 6.58 NEW,H. ZONE,IALO,yearly,2023,262.7208166720125,"[""2020"", ""2021"", ""2022""]","[1159.4750000000001, 39.425000000000004, -69.822]",376.3593333333333,1159.4750000000001,-69.822,555.539579919879,-106.02186334332349,3,376.3593333333333,367.88618,0.0,0.0,808.7549066987419,23.324479999999973,,"{""MAE"": 1006.6660000000002, ""MSE"": 1026232.3670120002, ""RMSE"": 1013.0312764233887, ""MAPE"": 2060.167127218162, ""R2"": -342.94314634814594}","{""MAE"": 224.62288888881358, ""MSE"": 56762.37248936276, ""RMSE"": 238.24855191451377, ""MAPE"": 370.14384724642696, ""R2"": 0.8160793355882506}",,"{""MAE"": 0.00020344874496676843, ""MSE"": 5.731912142984746e-08, ""RMSE"": 0.00023941412119974766, ""MAPE"": 0.00014856317310730057, ""R2"": 0.9999999999998143}","{""MAE"": 243.85832666666636, ""MSE"": 70824.9230543962, ""RMSE"": 266.12952307926344, ""MAPE"": 324.54197736755555, ""R2"": 0.7705140512314443}"
