ref_article,designation,marque,famille,frequency,next_period,avg_forecast,historical_periods,historical_values,avg_sales,max_sales,min_sales,std_sales,trend_pct,data_points,sma_forecast,es_forecast,arima_forecast,xgb_forecast,sma_metrics,es_metrics,arima_metrics,xgb_metrics
HZONETN/5.55,TEINT H ZONE S/A100ML 5.55 NEW,H. ZONE,IALO,yearly,2023,114.03010249999998,"['2020', '2021', '2022']","[670.225, 96.42500000000001, -69.822]",232.27600000000004,670.225,-69.822,317.02682452541245,-110.41769555000187,3,232.27600000000004,208.45243,0.0,15.391979999999958,,"{""MAE"": 570.8534999999999, ""MSE"": 325882.40032449993, ""RMSE"": 570.861104231581, ""MAPE"": 704.2189371622392, ""R2"": -46.164285953937835}",,"{""MAE"": 137.42665999999994, ""MSE"": 20258.698890863056, ""RMSE"": 142.33305621275423, ""MAPE"": 104.22781264569363, ""R2"": 0.7984329553914593}"
