ref_article,designation,marque,famille,frequency,next_period,avg_forecast,historical_periods,historical_values,avg_sales,max_sales,min_sales,std_sales,trend_pct,data_points,sma_forecast,es_forecast,lr_forecast,arima_forecast,prophet_forecast,xgb_forecast,sma_metrics,es_metrics,lr_metrics,arima_metrics,prophet_metrics,xgb_metrics
HZONETN/9.3,TEINT H ZONE S/A100ML 9.3 NEW,H. ZONE,IALO,yearly,2023,89.77028815184899,"[""2020"", ""2021"", ""2022""]","[893.0000000000001, 80.75, -189.998]",261.25066666666675,893.0000000000001,-189.998,460.1858573817999,-121.27637178051512,3,261.25066666666675,221.27026999999998,0.0,0.0,56.10079224442711,0.0,,"{""MAE"": 825.7865000000002, ""MSE"": 682106.5804145002, ""RMSE"": 825.897439404252, ""MAPE"": 723.8179751737325, ""R2"": -36.220458287397285}","{""MAE"": 120.33377777774139, ""MSE"": 16290.245333555564, ""RMSE"": 127.63324540869264, ""MAPE"": 93.71244436999537, ""R2"": 0.9230761363047961}",,"{""MAE"": 0.0003384230788867626, ""MSE"": 1.3251059937695578e-07, ""RMSE"": 0.0003640200535368289, ""MAPE"": 0.0001499050997560189, ""R2"": 0.9999999999993743}","{""MAE"": 198.54977333333338, ""MSE"": 41622.83752305841, ""RMSE"": 204.01675794664126, ""MAPE"": 124.93347864425405, ""R2"": 0.8034535751505142}"
