ref_article,designation,marque,famille,frequency,next_period,avg_forecast,historical_periods,historical_values,avg_sales,max_sales,min_sales,std_sales,trend_pct,data_points,sma_forecast,es_forecast,arima_forecast,xgb_forecast,sma_metrics,es_metrics,arima_metrics,xgb_metrics
HZONETN/6.58,TEINT H ZONE S/A100ML 6.58 NEW,H. ZONE,IALO,yearly,2023,191.89249833333332,"['2020', '2021', '2022']","[1159.4750000000001, 39.425000000000004, -69.822]",376.3593333333333,1159.4750000000001,-69.822,555.539579919879,-106.02186334332349,3,376.3593333333333,367.88618,0.0,23.324479999999973,,"{""MAE"": 1006.6660000000002, ""MSE"": 1026232.3670120002, ""RMSE"": 1013.0312764233887, ""MAPE"": 2060.167127218162, ""R2"": -342.94314634814594}",,"{""MAE"": 243.85832666666636, ""MSE"": 70824.9230543962, ""RMSE"": 266.12952307926344, ""MAPE"": 324.54197736755555, ""R2"": 0.7705140512314443}"
