ref_article,designation,marque,famille,frequency,next_period,avg_forecast,historical_periods,historical_values,avg_sales,max_sales,min_sales,std_sales,trend_pct,data_points,sma_forecast,es_forecast,arima_forecast,xgb_forecast,sma_metrics,es_metrics,arima_metrics,xgb_metrics
HZONETN/6.3,TEINT H ZONE S/A100ML 6.3 NEW,H. ZONE,IALO,yearly,2023,289.70608166666665,"['2020', '2021', '2022']","[1381.775, 337.725, -69.822]",549.8926666666666,1381.775,-69.822,611.3072340955533,-105.05306580304318,3,549.8926666666666,487.98517999999996,0.0,120.94648000000001,,"{""MAE"": 1091.2160000000001, ""MSE"": 1192976.9902120002, ""RMSE"": 1092.2348603720723, ""MAPE"": 969.7739713535577, ""R2"": -27.730068227602523}",,"{""MAE"": 261.95899333333335, ""MSE"": 71238.4271315164, ""RMSE"": 266.90527745160153, ""MAPE"": 126.79385950593651, ""R2"": 0.8093682425101332}"
