ref_article,designation,marque,famille,frequency,next_period,avg_forecast,historical_periods,historical_values,avg_sales,max_sales,min_sales,std_sales,trend_pct,data_points,sma_forecast,es_forecast,lr_forecast,arima_forecast,prophet_forecast,xgb_forecast,sma_metrics,es_metrics,lr_metrics,arima_metrics,prophet_metrics,xgb_metrics
HZONETN/10.0,TEINT H ZONE S/A100ML 10.0 NEW,H. ZONE,IALO,yearly,2023,327.58283533061075,"[""2020"", ""2021"", ""2022""]","[1465.0900000000001, 155.8, -55.574000000000005]",521.772,1465.0900000000001,-55.574000000000005,672.5852505132715,-103.79321406876028,3,521.772,497.08573,0.0,15.891209866451831,848.9904121172126,81.75766000000016,,"{""MAE"": 1218.5835000000002, ""MSE"": 1493173.4156145006, ""RMSE"": 1221.9547518687018, ""MAPE"": 1434.9353290317372, ""R2"": -132.6802067369673}","{""MAE"": 243.9813333332179, ""MSE"": 66967.75239197162, ""RMSE"": 258.7812829243483, ""MAPE"": 192.21793881655546, ""R2"": 0.8519627377701089}",,"{""MAE"": 0.006817195511419054, ""MSE"": 4.6526613292706734e-05, ""RMSE"": 0.0068210419506631636, ""MAPE"": 0.005830945967817848, ""R2"": 0.9999999998971494}","{""MAE"": 294.54232000000053, ""MSE"": 99115.20235341393, ""RMSE"": 314.8256697815696, ""MAPE"": 170.33125673629394, ""R2"": 0.7808983775373042}"
