ref_article,designation,marque,famille,frequency,next_period,avg_forecast,historical_periods,historical_values,avg_sales,max_sales,min_sales,std_sales,trend_pct,data_points,sma_forecast,es_forecast,lr_forecast,arima_forecast,prophet_forecast,xgb_forecast,sma_metrics,es_metrics,lr_metrics,arima_metrics,prophet_metrics,xgb_metrics
HZONETN/6.35,TEINT H ZONE S/A100ML 6.35 NEW,H. ZONE,IALO,yearly,2023,141.10087262816288,"[""2020"", ""2021"", ""2022""]","[550.525, -41.8, -47.499]",153.742,550.525,-47.499,280.57759647674413,-108.62794605149631,3,153.742,158.46098499999997,0.0,0.0,534.4022507689774,0.0,,"{""MAE"": 506.32574999999997, ""MSE"": 263761.6361136249, ""RMSE"": 513.5772932223784, ""MAPE"": 1150.9809895519331, ""R2"": -32483.359300281987}","{""MAE"": 130.3613333333436, ""MSE"": 19118.336882, ""RMSE"": 138.26907420677986, ""MAPE"": 230.4671461697696, ""R2"": 0.7571466331333816}",,"{""MAE"": 0.0005183170613562993, ""MSE"": 2.8475526982985317e-07, ""RMSE"": 0.0005336246525694377, ""MAPE"": 0.0009016501725431805, ""R2"": 0.9999999999963829}","{""MAE"": 123.05971999999987, ""MSE"": 19335.333267911225, ""RMSE"": 139.05154895905054, ""MAPE"": 168.9986280430798, ""R2"": 0.7543902059796135}"
