ref_article,designation,marque,famille,frequency,next_period,avg_forecast,historical_periods,historical_values,avg_sales,max_sales,min_sales,std_sales,trend_pct,data_points,sma_forecast,es_forecast,lr_forecast,arima_forecast,prophet_forecast,xgb_forecast,sma_metrics,es_metrics,lr_metrics,arima_metrics,prophet_metrics,xgb_metrics
HZONETN/6.01,TEINT H ZONE S/A100ML 6.01 NEW,H. ZONE,IALO,yearly,2023,511.06548393890944,"[""2020"", ""2021"", ""2022""]","[2827.675, 1157.575, -42.744]",1314.1686666666667,2827.675,-42.744,1177.0634339236872,-101.51163057989339,3,1314.1686666666667,1118.25661,0.0,185.09816696678885,0.0,448.8694600000006,,"{""MAE"": 2019.7445000000002, ""MSE"": 4201619.121660501, ""RMSE"": 2049.7851403648383, ""MAPE"": 2843.7420761950934, ""R2"": -10.664961531288538}","{""MAE"": 104.39577777772028, ""MSE"": 12260.788220055561, ""RMSE"": 110.72844359086585, ""MAPE"": 66.49095921686768, ""R2"": 0.9911505016160345}",,"{""MAE"": 0.02673269124590168, ""MSE"": 0.0007147525787007924, ""RMSE"": 0.026734856997949183, ""MAPE"": 0.021618456092107326, ""R2"": 0.9999999994841113}","{""MAE"": 481.1901533333341, ""MSE"": 232647.0162380963, ""RMSE"": 482.33496269511323, ""MAPE"": 402.02073217969854, ""R2"": 0.8320818076878815}"
