ref_article,designation,marque,famille,frequency,next_period,avg_forecast,historical_periods,historical_values,avg_sales,max_sales,min_sales,std_sales,trend_pct,data_points,sma_forecast,es_forecast,lr_forecast,arima_forecast,prophet_forecast,xgb_forecast,sma_metrics,es_metrics,lr_metrics,arima_metrics,prophet_metrics,xgb_metrics
HZONETN/4.48,TEINT H ZONE S/A100ML 4.48 NEW,H. ZONE,IALO,yearly,2025,14.497356626706692,"[""2020"", ""2021"", ""2022"", ""2024""]","[444.6, 22.80000000000001, -61.747, -8.075]",99.39450000000001,444.6,-61.747,201.58734528300633,-101.8162393162393,4,-15.673999999999998,95.89952099999995,0.0,6.758618760240198,0.0,0.0,"{""MAE"": 143.29266666666666, ""MSE"": 20532.788320444444, ""RMSE"": 143.29266666666666, ""MAPE"": 1774.5221878224975, ""R2"": NaN}","{""MAE"": 337.9333, ""MSE"": 122398.14135313664, ""RMSE"": 349.8544573864061, ""MAPE"": 1697.6259332219925, ""R2"": -99.30675524287479}","{""MAE"": 142.54672857143083, ""MSE"": 21013.581241672506, ""RMSE"": 144.96061962364988, ""MAPE"": 554.6780823906658, ""R2"": 0.4829011854939558}","{""MAE"": 245.66046731545, ""MSE"": 97162.3751694139, ""RMSE"": 311.7087986717954, ""MAPE"": 746.8447752806961, ""R2"": -1.3909560410891935}","{""MAE"": 22.61650078099539, ""MSE"": 792.1839014488552, ""RMSE"": 28.145761696014823, ""MAPE"": 97.73745108283921, ""R2"": 0.9805060664529844}","{""MAE"": 76.5862200000001, ""MSE"": 8559.638210588879, ""RMSE"": 92.51831283907461, ""MAPE"": 182.52550622940674, ""R2"": 0.7893658048862946}"
