ref_article,designation,marque,famille,frequency,next_period,avg_forecast,historical_periods,historical_values,avg_sales,max_sales,min_sales,std_sales,trend_pct,data_points,sma_forecast,es_forecast,arima_forecast,xgb_forecast,sma_metrics,es_metrics,arima_metrics,xgb_metrics
HZONETN/8.0,TEINT H ZONE S/A100ML 8.0 NEW,H. ZONE,IALO,yearly,2025,273.90838266666657,"['2020', '2021', '2022', '2024']","[3092.915, 978.025, -149.15, -24.225]",974.39125,3092.915,-149.15,1298.8201798814134,-100.78324169917377,4,268.21666666666664,808.9678639999996,0.0,18.449000000000034,"{""MAE"": 1331.4883333333332, ""MSE"": 1772861.1818027776, ""RMSE"": 1331.4883333333332, ""MAPE"": 5496.339869281045, ""R2"": NaN}","{""MAE"": 2140.960533333333, ""MSE"": 4721221.812208318, ""RMSE"": 2172.837272371845, ""MAPE"": 2994.5717511909143, ""R2"": -17.549878109361735}","{""MAE"": 1618.3940313283779, ""MSE"": 3718318.4942422803, ""RMSE"": 1928.2941928663997, ""MAPE"": 467.90844887865967, ""R2"": -1.2041874806969979}","{""MAE"": 436.7192749999993, ""MSE"": 255152.356179363, ""RMSE"": 505.1260794884412, ""MAPE"": 136.42000566259748, ""R2"": 0.848747860079291}"
