ref_article,designation,marque,famille,frequency,next_period,avg_forecast,historical_periods,historical_values,avg_sales,max_sales,min_sales,std_sales,trend_pct,data_points,sma_forecast,es_forecast,lr_forecast,arima_forecast,prophet_forecast,xgb_forecast,sma_metrics,es_metrics,lr_metrics,arima_metrics,prophet_metrics,xgb_metrics
HZONETN/8.34,TEINT H ZONE S/A100ML 8.34 NEW,H. ZONE,IALO,yearly,2023,215.40977471357246,"[""2020"", ""2021"", ""2022""]","[686.375, -162.925, -76.946]",148.83466666666666,686.375,-162.925,381.7156922635251,-111.21048989255145,3,148.83466666666666,172.23418999999998,0.0,0.0,971.3897916147681,0.0,,"{""MAE"": 678.9155, ""MSE"": 489957.13398049993, ""RMSE"": 699.9693807449722, ""MAPE"": 591.0880763071963, ""R2"": -264.11438780087764}","{""MAE"": 207.83977777776963, ""MSE"": 48597.04488005556, ""RMSE"": 220.44737440045768, ""MAPE"": 138.88188366166204, ""R2"": 0.6664738939669163}",,"{""MAE"": 0.003912176491345083, ""MSE"": 1.537240669634471e-05, ""RMSE"": 0.003920766085390036, ""MAPE"": 0.0027730758833195276, ""R2"": 0.9999999998944977}","{""MAE"": 165.77771333333348, ""MSE"": 39156.70578958366, ""RMSE"": 197.88053413507774, ""MAPE"": 68.20828661448718, ""R2"": 0.7312638322079799}"
