ref_article,designation,marque,famille,frequency,next_period,avg_forecast,historical_periods,historical_values,avg_sales,max_sales,min_sales,std_sales,trend_pct,data_points,sma_forecast,es_forecast,lr_forecast,arima_forecast,prophet_forecast,xgb_forecast,sma_metrics,es_metrics,lr_metrics,arima_metrics,prophet_metrics,xgb_metrics
HZONETN/7.83,TEINT H ZONE S/A100ML 7.83 NEW,H. ZONE,IALO,yearly,2025,15.56763683333333,"[""2020"", ""2021"", ""2022"", ""2024""]","[537.225, 10.925000000000004, -69.822, -8.075]",117.56325,537.225,-69.822,244.12389403576927,-101.5030946065429,4,-22.323999999999998,115.72982099999997,0.0,0.0,0.0,0.0,"{""MAE"": 167.51766666666666, ""MSE"": 28062.168645444443, ""RMSE"": 167.51766666666666, ""MAPE"": 2074.5221878224975, ""R2"": NaN}","{""MAE"": 409.37330000000003, ""MSE"": 180857.41389513668, ""RMSE"": 425.2733402120766, ""MAPE"": 2863.210758202099, ""R2"": -151.21168234555444}","{""MAE"": 175.12494285714854, ""MSE"": 31934.16919738757, ""RMSE"": 178.7013407822884, ""MAPE"": 898.786247713157, ""R2"": 0.4641601058638887}","{""MAE"": 290.20241180054063, ""MSE"": 144156.18752056966, ""RMSE"": 379.67905857522567, ""MAPE"": 1468.4013986678867, ""R2"": -1.4188710150131785}","{""MAE"": 22.045379425068692, ""MSE"": 749.1851417055943, ""RMSE"": 27.371246623155372, ""MAPE"": 128.2629151436633, ""R2"": 0.9874290361356038}","{""MAE"": 93.68384500000013, ""MSE"": 13109.078779471394, ""RMSE"": 114.49488538564242, ""MAPE"": 398.41665079943107, ""R2"": 0.7800360065109025}"
