ref_article,designation,marque,famille,frequency,next_period,avg_forecast,historical_periods,historical_values,avg_sales,max_sales,min_sales,std_sales,trend_pct,data_points,sma_forecast,es_forecast,arima_forecast,xgb_forecast,sma_metrics,es_metrics,arima_metrics,xgb_metrics
HZONETN/5.56,TEINT H ZONE S/A100ML 5.56 NEW,H. ZONE,IALO,yearly,2023,110.36345874999998,"['2020', '2021', '2022']","[549.1, 160.07500000000002, -53.672]",218.501,549.1,-53.672,249.52450661608373,-109.77454015661993,3,218.501,184.49960499999995,0.0,38.45322999999995,,"{""MAE"": 437.54474999999996, ""MSE"": 193799.57439262496, ""RMSE"": 440.2267306657161, ""MAPE"": 574.323477575408, ""R2"": -15.967300608998599}",,"{""MAE"": 104.62316000000033, ""MSE"": 11053.186594601473, ""RMSE"": 105.13413620038676, ""MAPE"": 86.05862555843122, ""R2"": 0.8224743585420657}"
