ref_article,designation,marque,famille,frequency,next_period,avg_forecast,historical_periods,historical_values,avg_sales,max_sales,min_sales,std_sales,trend_pct,data_points,sma_forecast,es_forecast,lr_forecast,arima_forecast,prophet_forecast,xgb_forecast,sma_metrics,es_metrics,lr_metrics,arima_metrics,prophet_metrics,xgb_metrics
HZONETN/5.56,TEINT H ZONE S/A100ML 5.56 NEW,H. ZONE,IALO,yearly,2023,73.57563916666665,"[""2020"", ""2021"", ""2022""]","[549.1, 160.07500000000002, -53.672]",218.501,549.1,-53.672,249.52450661608373,-109.77454015661993,3,218.501,184.49960499999995,0.0,0.0,0.0,38.45322999999995,,"{""MAE"": 437.54474999999996, ""MSE"": 193799.57439262496, ""RMSE"": 440.2267306657161, ""MAPE"": 574.323477575408, ""R2"": -15.967300608998599}","{""MAE"": 38.95066666668964, ""MSE"": 1706.798738002267, ""RMSE"": 41.313420797632666, ""MAPE"": 32.08268457068646, ""R2"": 0.9725870419168139}",,"{""MAE"": 0.004132220227461403, ""MSE"": 1.709427074450498e-05, ""RMSE"": 0.004134521827793993, ""MAPE"": 0.003681996976150762, ""R2"": 0.9999999997254483}","{""MAE"": 104.62316000000033, ""MSE"": 11053.186594601473, ""RMSE"": 105.13413620038676, ""MAPE"": 86.05862555843122, ""R2"": 0.8224743585420657}"
