ref_article,designation,marque,famille,frequency,next_period,avg_forecast,historical_periods,historical_values,avg_sales,max_sales,min_sales,std_sales,trend_pct,data_points,sma_forecast,es_forecast,arima_forecast,xgb_forecast,sma_metrics,es_metrics,arima_metrics,xgb_metrics
HZONETN/9.3,TEINT H ZONE S/A100ML 9.3 NEW,H. ZONE,IALO,yearly,2023,120.63023416666668,"['2020', '2021', '2022']","[893.0000000000001, 80.75, -189.998]",261.25066666666675,893.0000000000001,-189.998,460.1858573817999,-121.27637178051512,3,261.25066666666675,221.27026999999998,0.0,0.0,,"{""MAE"": 825.7865000000002, ""MSE"": 682106.5804145002, ""RMSE"": 825.897439404252, ""MAPE"": 723.8179751737325, ""R2"": -36.220458287397285}",,"{""MAE"": 198.54977333333338, ""MSE"": 41622.83752305841, ""RMSE"": 204.01675794664126, ""MAPE"": 124.93347864425405, ""R2"": 0.8034535751505142}"
