ref_article,designation,marque,famille,frequency,next_period,avg_forecast,historical_periods,historical_values,avg_sales,max_sales,min_sales,std_sales,trend_pct,data_points,sma_forecast,es_forecast,lr_forecast,arima_forecast,prophet_forecast,xgb_forecast,sma_metrics,es_metrics,lr_metrics,arima_metrics,prophet_metrics,xgb_metrics
HZONETN/7.4,TEINT H ZONE S/A100ML 7.4 NEW,H. ZONE,IALO,yearly,2023,196.76824839092683,"[""2020"", ""2021"", ""2022""]","[767.125, -45.6, -54.623]",222.30066666666664,767.125,-54.623,385.26659105640374,-107.12048232035197,3,222.30066666666664,228.562945,0.0,0.0,729.7458786788944,0.0,,"{""MAE"": 695.32775, ""MSE"": 497262.794227625, ""RMSE"": 705.1686282213815, ""MAPE"": 1420.1633717329087, ""R2"": -24430.15745238177}","{""MAE"": 178.60044444443133, ""MSE"": 35885.38360022223, ""RMSE"": 189.43437808439688, ""MAPE"": 283.39659527928904, ""R2"": 0.7582341851060322}",,"{""MAE"": 0.0027740325064845215, ""MSE"": 7.701802788868657e-06, ""RMSE"": 0.002775212206096798, ""MAPE"": 0.0039107998533566835, ""R2"": 0.9999999999481116}","{""MAE"": 168.98577333333324, ""MSE"": 36413.084200326695, ""RMSE"": 190.8221271245206, ""MAPE"": 208.598305675943, ""R2"": 0.7546789781441787}"
