ref_article,designation,marque,famille,frequency,next_period,avg_forecast,historical_periods,historical_values,avg_sales,max_sales,min_sales,std_sales,trend_pct,data_points,sma_forecast,es_forecast,lr_forecast,arima_forecast,prophet_forecast,xgb_forecast,sma_metrics,es_metrics,lr_metrics,arima_metrics,prophet_metrics,xgb_metrics
HZT/9.2,TEINT IALO 9.2 100ML,H. ZONE,IALO,yearly,2026,7798.3719498718465,"[""2020"", ""2021"", ""2022"", ""2023"", ""2024"", ""2025""]","[2251.262, 5965.167, 6748.415, 5040.181, 9091.639, 7181.84]",6046.417333333334,9091.639,2251.262,2100.701372337238,219.01395750472398,6,7104.553333333333,6569.560698694999,9278.824533333303,7479.177608279429,8754.964655590022,7603.150869999997,"{""MAE"": 1149.1264444444441, ""MSE"": 3374785.918575629, ""RMSE"": 1837.0590405797059, ""MAPE"": 13.008541611496376, ""R2"": -0.2322559704124616}","{""MAE"": 2703.9288559, ""MSE"": 9520961.797941508, ""RMSE"": 3085.60558042364, ""MAPE"": 38.50467878248185, ""R2"": -4.177906798004524}","{""MAE"": 1375.9138190476087, ""MSE"": 1925218.5636890791, ""RMSE"": 1387.5224552017453, ""MAPE"": 28.141578442856023, ""R2"": 0.5637339654465299}","{""MAE"": 2381.046119264182, ""MSE"": 6931062.77041849, ""RMSE"": 2632.6911650283805, ""MAPE"": 46.421807206380585, ""R2"": -0.5706202543037611}","{""MAE"": 1350.1051661891363, ""MSE"": 1896324.9199931298, ""RMSE"": 1377.0711383197056, ""MAPE"": 26.69033355964491, ""R2"": 0.5702814378202008}","{""MAE"": 808.2669633333321, ""MSE"": 744577.6451257635, ""RMSE"": 862.8891267861494, ""MAPE"": 18.26503667386402, ""R2"": 0.8312742548909693}"
