ref_article,designation,marque,famille,frequency,next_period,avg_forecast,historical_periods,historical_values,avg_sales,max_sales,min_sales,std_sales,trend_pct,data_points,sma_forecast,es_forecast,lr_forecast,arima_forecast,prophet_forecast,xgb_forecast,sma_metrics,es_metrics,lr_metrics,arima_metrics,prophet_metrics,xgb_metrics
HZT/8.64,TEINT IALO 8.64 100ML,H. ZONE,IALO,yearly,2026,6291.120686722244,"[""2020"", ""2021"", ""2022"", ""2023"", ""2024"", ""2025""]","[3212.805, 4447.821, 2762.32, 3859.101, 6488.6669999999995, 6390.497]",4526.8685,6488.6669999999995,2762.32,1449.960963429217,98.90709208931139,6,5579.421666666666,5411.305799586,6837.6464000002015,6381.963435730839,7293.2032983497675,6243.183519999994,"{""MAE"": 1734.7243333333336, ""MSE"": 4021433.6339236666, ""RMSE"": 2005.3512495130788, ""MAPE"": 28.241042344443173, ""R2"": -1.7146942971951908}","{""MAE"": 1514.2942053200002, ""MSE"": 3087091.197718775, ""RMSE"": 1757.0120084162131, ""MAPE"": 29.689001591939945, ""R2"": -0.4641581650425479}","{""MAE"": 810.7719999999282, ""MSE"": 831030.961390364, ""RMSE"": 911.6089958915302, ""MAPE"": 21.17571496464129, ""R2"": 0.6047202336023316}","{""MAE"": 1690.0954931930057, ""MSE"": 3778920.6643140875, ""RMSE"": 1943.9446145181419, ""MAPE"": 44.077048437754144, ""R2"": -0.7974431120187073}","{""MAE"": 791.1520906912555, ""MSE"": 789964.7869136968, ""RMSE"": 888.7996326021388, ""MAPE"": 20.546836902340786, ""R2"": 0.6242533540372488}","{""MAE"": 350.17391000000134, ""MSE"": 165379.4848265236, ""RMSE"": 406.6687654916758, ""MAPE"": 8.65693984152239, ""R2"": 0.9213372700099823}"
