ref_article,designation,marque,famille,frequency,next_period,avg_forecast,historical_periods,historical_values,avg_sales,max_sales,min_sales,std_sales,trend_pct,data_points,sma_forecast,es_forecast,xgb_forecast,sma_metrics,es_metrics,xgb_metrics
HZT/8.52,TEINT IALO 8.52 100ML,H. ZONE,IALO,yearly,2023,10.424046666666667,"['2020', '2022']","[82.087, -49.498999999999995]",16.294000000000004,82.087,-49.498999999999995,65.793,-160.30065662041494,2,16.294000000000004,14.978139999999996,0.0,,"{""MAE"": 131.586, ""MSE"": 17314.875396000003, ""RMSE"": 131.586, ""MAPE"": 265.83567344794847, ""R2"": NaN}","{""MAE"": 31.580639999999946, ""MSE"": 1004.2627729679967, ""RMSE"": 31.690105284899207, ""MAPE"": 52.191709776478866, ""R2"": 0.7680000000000008}"
