ref_article,designation,marque,famille,frequency,next_period,avg_forecast,historical_periods,historical_values,avg_sales,max_sales,min_sales,std_sales,trend_pct,data_points,sma_forecast,es_forecast,arima_forecast,xgb_forecast,sma_metrics,es_metrics,arima_metrics,xgb_metrics
HZT/9.03,TEINT IALO 9.03 100ML,H. ZONE,IALO,yearly,2026,3480.721935514327,"['2020', '2021', '2022', '2023', '2024', '2025']","[1793.017, 5035.463, 3995.732, 2385.058, 3435.605, 3721.098]",3394.328833333333,5035.463,1793.017,1060.3707004853563,107.53277855145824,6,3180.587,3400.8686961159992,3745.366075941308,3596.0659699999997,"{""MAE"": 680.5972222222222, ""MSE"": 611364.0532403332, ""RMSE"": 781.8977255628342, ""MAPE"": 24.702552306446492, ""R2"": -0.8525197081059042}","{""MAE"": 1280.2819079200003, ""MSE"": 2658374.1863098545, ""RMSE"": 1630.4521416802932, ""MAPE"": 31.894699637193586, ""R2"": -2.622477200091238}","{""MAE"": 1523.5758973948705, ""MSE"": 3081666.4188639876, ""RMSE"": 1755.467578414363, ""MAPE"": 49.78055008286611, ""R2"": -1.7407548273813944}","{""MAE"": 487.6345333333339, ""MSE"": 348873.6396126197, ""RMSE"": 590.6552629179052, ""MAPE"": 18.056011698362244, ""R2"": 0.6897207607996438}"
