ref_article,designation,marque,famille,frequency,next_period,avg_forecast,historical_periods,historical_values,avg_sales,max_sales,min_sales,std_sales,trend_pct,data_points,sma_forecast,es_forecast,lr_forecast,arima_forecast,prophet_forecast,xgb_forecast,sma_metrics,es_metrics,lr_metrics,arima_metrics,prophet_metrics,xgb_metrics
HZT/7.54,TEINT IALO 7.54 100ML,H. ZONE,IALO,yearly,2026,2109.9296576140214,"[""2020"", ""2021"", ""2022"", ""2023"", ""2024"", ""2025""]","[827.807, 1997.254, 1722.219, 918.047, 1994.094, 2563.056]",1670.412833333333,2563.056,827.807,617.4044170718295,209.61999596524313,6,1825.0656666666666,2016.9030585469995,2456.6721333333408,2572.6329449227915,1461.4849822143283,2326.819160000003,"{""MAE"": 688.0787777777778, ""MSE"": 531688.3046973703, ""RMSE"": 729.1695994056323, ""MAPE"": 42.43827187259313, ""R2"": -0.14269227321498534}","{""MAE"": 806.1539961400001, ""MSE"": 738498.8803951463, ""RMSE"": 859.3595757278476, ""MAPE"": 43.76813050631245, ""R2"": -1.57290187217398}","{""MAE"": 386.32258095238075, ""MSE"": 233996.86021111743, ""RMSE"": 483.73221952968714, ""MAPE"": 30.746652359020942, ""R2"": 0.38613826062264556}","{""MAE"": 787.6892278794083, ""MSE"": 709343.6815527504, ""RMSE"": 842.2254339265411, ""MAPE"": 56.43309062034042, ""R2"": -0.8608751663652425}","{""MAE"": 234.38614406894126, ""MSE"": 121646.95185299216, ""RMSE"": 348.77923082229563, ""MAPE"": 18.856999685785457, ""R2"": 0.6808743100781007}","{""MAE"": 244.94428333333306, ""MSE"": 72363.07959043699, ""RMSE"": 269.0038653819625, ""MAPE"": 19.39901136414771, ""R2"": 0.8101644361210232}"
