ref_article,designation,marque,famille,frequency,next_period,avg_forecast,historical_periods,historical_values,avg_sales,max_sales,min_sales,std_sales,trend_pct,data_points,sma_forecast,es_forecast,arima_forecast,xgb_forecast,sma_metrics,es_metrics,arima_metrics,xgb_metrics
HZT/9.2,TEINT IALO 9.2 100ML,H. ZONE,IALO,yearly,2026,7189.11062757694,"['2020', '2021', '2022', '2023', '2024', '2025']","[2251.262, 5965.167, 6748.415, 5040.181, 9091.639, 7181.84]",6046.417333333334,9091.639,2251.262,2100.701372337238,219.01395750472398,6,7104.553333333333,6569.560698694999,7479.177608279429,7603.150869999997,"{""MAE"": 1149.1264444444441, ""MSE"": 3374785.918575629, ""RMSE"": 1837.0590405797059, ""MAPE"": 13.008541611496376, ""R2"": -0.2322559704124616}","{""MAE"": 2703.9288559, ""MSE"": 9520961.797941508, ""RMSE"": 3085.60558042364, ""MAPE"": 38.50467878248185, ""R2"": -4.177906798004524}","{""MAE"": 2381.046119264182, ""MSE"": 6931062.77041849, ""RMSE"": 2632.6911650283805, ""MAPE"": 46.421807206380585, ""R2"": -0.5706202543037611}","{""MAE"": 808.2669633333321, ""MSE"": 744577.6451257635, ""RMSE"": 862.8891267861494, ""MAPE"": 18.26503667386402, ""R2"": 0.8312742548909693}"
