ref_article,designation,marque,famille,frequency,next_period,avg_forecast,historical_periods,historical_values,avg_sales,max_sales,min_sales,std_sales,trend_pct,data_points,sma_forecast,es_forecast,arima_forecast,xgb_forecast,sma_metrics,es_metrics,arima_metrics,xgb_metrics
HZT/7.55,TEINT IALO 7.55 100ML,H. ZONE,IALO,yearly,2026,4012.875369000819,"['2020', '2021', '2022', '2023', '2024', '2025']","[2298.558, 4441.816, 3314.5060000000003, 2115.407, 4505.887, 4318.372]",3499.091,4505.887,2115.407,996.955572929573,87.8730926084963,6,3646.5553333333337,3815.5382111579993,4328.60280151195,4260.805129999993,"{""MAE"": 1152.6563333333336, ""MSE"": 1339379.2901763339, ""RMSE"": 1157.3155534150285, ""MAPE"": 36.238816617439554, ""R2"": -0.13692875029459328}","{""MAE"": 1242.86117596, ""MSE"": 1934380.756459762, ""RMSE"": 1390.8201740195466, ""MAPE"": 33.218039739001206, ""R2"": -1.284348898893525}","{""MAE"": 1530.8963068686342, ""MSE"": 3048647.3878535028, ""RMSE"": 1746.0376249822061, ""MAPE"": 48.880884527600095, ""R2"": -2.0672952720346265}","{""MAE"": 451.8482550000014, ""MSE"": 250438.09281076075, ""RMSE"": 500.43790105342816, ""MAPE"": 15.202206416530274, ""R2"": 0.7480300342124288}"
