ref_article,designation,marque,famille,frequency,next_period,avg_forecast,historical_periods,historical_values,avg_sales,max_sales,min_sales,std_sales,trend_pct,data_points,sma_forecast,es_forecast,lr_forecast,arima_forecast,prophet_forecast,xgb_forecast,sma_metrics,es_metrics,lr_metrics,arima_metrics,prophet_metrics,xgb_metrics
HZT/7.15,TEINT IALO 7.15 100ML,H. ZONE,IALO,yearly,2026,23711.976760122474,"[""2020"", ""2021"", ""2022"", ""2023"", ""2024"", ""2025""]","[8622.367, 11951.657, 12388.774, 14787.664, 17659.203, 25670.334]",15179.999833333333,25670.334,8622.367,5440.024113841697,197.71794682365058,6,19372.400333333335,19718.814550599996,25656.136133333668,30812.17533889353,23905.943574574318,22806.39063,"{""MAE"": 6380.563222222222, ""MSE"": 50260270.99089453, ""RMSE"": 7089.447862202989, ""MAPE"": 31.206649371276214, ""R2"": -1.3700661381636716}","{""MAE"": 5697.197572000001, ""MSE"": 43992489.22680253, ""RMSE"": 6632.6834107171535, ""MAPE"": 32.05676847320146, ""R2"": -0.7462864670140323}","{""MAE"": 1731.3770666666958, ""MSE"": 3463045.269613275, ""RMSE"": 1860.925917282382, ""MAPE"": 11.268431779950665, ""R2"": 0.8829809631611285}","{""MAE"": 3635.5217377258655, ""MSE"": 20841309.35956765, ""RMSE"": 4565.228292163235, ""MAPE"": 29.214089159438334, ""R2"": 0.2957556838435692}","{""MAE"": 1232.1078958664405, ""MSE"": 1850571.5856488647, ""RMSE"": 1360.357153709593, ""MAPE"": 9.289915518044523, ""R2"": 0.9374677234357389}","{""MAE"": 883.7891900000017, ""MSE"": 1684705.385037275, ""RMSE"": 1297.962012170339, ""MAPE"": 5.675990191076994, ""R2"": 0.9430724734544584}"
