ref_article,designation,marque,famille,frequency,next_period,avg_forecast,historical_periods,historical_values,avg_sales,max_sales,min_sales,std_sales,trend_pct,data_points,sma_forecast,es_forecast,lr_forecast,arima_forecast,prophet_forecast,xgb_forecast,sma_metrics,es_metrics,lr_metrics,arima_metrics,prophet_metrics,xgb_metrics
HZT/10.3,TEINT IALO 10.3 100ML,H. ZONE,IALO,yearly,2026,3342.5639730265725,"[""2020"", ""2021"", ""2022"", ""2023"", ""2024"", ""2025""]","[4427.3769999999995, 4797.692, 4246.341, 3665.218, 3823.729, 3296.508]",4042.810833333333,4797.692,3296.508,501.11581455767845,-25.542640710289632,6,3595.1516666666666,3689.1030224349997,3127.075133333332,3215.6885610967047,2955.762724627739,3472.602729999995,"{""MAE"": 617.731555555556, ""MSE"": 409963.5179010376, ""RMSE"": 640.2839353763591, ""MAPE"": 17.324138037840196, ""R2"": -7.4040531526273945}","{""MAE"": 528.1386452999998, ""MSE"": 326963.3217941751, ""RMSE"": 571.8070669326981, ""MAPE"": 14.114804739255735, ""R2"": -0.22989469616208758}","{""MAE"": 202.83670476191787, ""MSE"": 51457.09001540966, ""RMSE"": 226.84155266487147, ""MAPE"": 4.903065393041725, ""R2"": 0.7950872390055275}","{""MAE"": 1096.2629363248554, ""MSE"": 3440710.4519385765, ""RMSE"": 1854.9152142183148, ""MAPE"": 26.03512949251779, ""R2"": -12.701619704459299}","{""MAE"": 188.0669029331692, ""MSE"": 40928.310660009585, ""RMSE"": 202.30746565564402, ""MAPE"": 4.757547467164381, ""R2"": 0.8370150131367607}","{""MAE"": 130.5763050000002, ""MSE"": 19354.920988764465, ""RMSE"": 139.12196443683672, ""MAPE"": 3.3493361586759187, ""R2"": 0.9229247068295178}"
