ref_article,designation,marque,famille,frequency,next_period,avg_forecast,historical_periods,historical_values,avg_sales,max_sales,min_sales,std_sales,trend_pct,data_points,sma_forecast,es_forecast,lr_forecast,arima_forecast,prophet_forecast,xgb_forecast,sma_metrics,es_metrics,lr_metrics,arima_metrics,prophet_metrics,xgb_metrics
HZT/6.54,TEINT IALO 6.54 100ML,H. ZONE,IALO,yearly,2026,2395.574482807645,"[""2020"", ""2021"", ""2022"", ""2023"", ""2024"", ""2025""]","[-165.911, 1853.348, 1939.7150000000001, 1193.374, 2073.515, 2880.783]",1629.1373333333331,2880.783,-165.911,941.8868914115372,-1836.3423763342996,6,2049.224,2110.4502873189995,3143.9003333334113,2876.855682246788,1616.5136739466689,2576.5029200000004,"{""MAE"": 524.0981111111112, ""MSE"": 493688.07709588896, ""RMSE"": 702.6294023849905, ""MAPE"": 20.302542498189084, ""R2"": -0.03966459796733113}","{""MAE"": 1297.47913078, ""MSE"": 2016890.8496339459, ""RMSE"": 1420.172823861218, ""MAPE"": 63.79566423247185, ""R2"": -5.924864978382633}","{""MAE"": 523.346428571402, ""MSE"": 340839.7385535765, ""RMSE"": 583.8148152912672, ""MAPE"": 95.7502679941994, ""R2"": 0.6158041069172661}","{""MAE"": 785.8164668480089, ""MSE"": 1015946.6518709753, ""RMSE"": 1007.9417899219058, ""MAPE"": 57.80585813146962, ""R2"": -0.1451790595087199}","{""MAE"": 324.8613133825617, ""MSE"": 113421.17242993723, ""RMSE"": 336.78059984199984, ""MAPE"": 43.586596890630574, ""R2"": 0.8721512085969377}","{""MAE"": 328.0793683333331, ""MSE"": 143380.7432529067, ""RMSE"": 378.65649770327025, ""MAPE"": 75.8822592408287, ""R2"": 0.8383806625991246}"
