ref_article,designation,marque,famille,frequency,next_period,avg_forecast,historical_periods,historical_values,avg_sales,max_sales,min_sales,std_sales,trend_pct,data_points,sma_forecast,es_forecast,arima_forecast,xgb_forecast,sma_metrics,es_metrics,arima_metrics,xgb_metrics
HZT/4.54,TEINT IALO 4.54 100ML,H. ZONE,IALO,yearly,2026,2202.8840058030546,"['2020', '2021', '2022', '2023', '2024', '2025']","[643.2850000000001, 1824.354, 2096.306, 804.826, 1777.018, 2682.128]",1637.9861666666666,2682.128,643.2850000000001,711.5638097426487,316.94241277194396,6,1754.6573333333333,2030.5880325789997,2675.350877299885,2350.9397799999997,"{""MAE"": 680.3632222222222, ""MSE"": 604885.9727951483, ""RMSE"": 777.744156387657, ""MAPE"": 47.414520434368555, ""R2"": -0.029370393096378455}","{""MAE"": 947.67032798, ""MSE"": 1002170.8517469217, ""RMSE"": 1001.0848374373281, ""MAPE"": 53.15281125609215, ""R2"": -1.707659746328924}","{""MAE"": 878.6480047522479, ""MSE"": 885798.2768962804, ""RMSE"": 941.1685698621052, ""MAPE"": 71.11013363675097, ""R2"": -0.74947253055538}","{""MAE"": 291.0855033333333, ""MSE"": 97964.97429366272, ""RMSE"": 312.9935690931408, ""MAPE"": 26.579810349863358, ""R2"": 0.8065168606064077}"
