ref_article,designation,marque,famille,frequency,next_period,avg_forecast,historical_periods,historical_values,avg_sales,max_sales,min_sales,std_sales,trend_pct,data_points,sma_forecast,es_forecast,lr_forecast,arima_forecast,prophet_forecast,xgb_forecast,sma_metrics,es_metrics,lr_metrics,arima_metrics,prophet_metrics,xgb_metrics
HZT/6.66,TEINT IALO 6.66 100ML,H. ZONE,IALO,yearly,2026,16172.932815799692,"[""2020"", ""2021"", ""2022"", ""2023"", ""2024"", ""2025""]","[1878.58, 7053.124, 6511.4980000000005, 8060.077, 13145.237, 17317.267]",8994.297166666667,17317.267,1878.58,4965.560918756961,821.8274973650309,6,12840.860333333332,12639.199756864,18696.13246666733,19838.501191759042,17418.487226174468,15604.41591999999,"{""MAE"": 5642.558888888889, ""MSE"": 36329722.81633725, ""RMSE"": 6027.414272831863, ""MAPE"": 42.64886937721866, ""R2"": -1.5354130216536106}","{""MAE"": 5837.155863679999, ""MSE"": 40020127.081291534, ""RMSE"": 6326.146305713419, ""MAPE"": 56.037172070955165, ""R2"": -1.2952412621591076}","{""MAE"": 1203.2812412699648, ""MSE"": 2245936.1454276806, ""RMSE"": 1498.6447695927413, ""MAPE"": 15.841680060967098, ""R2"": 0.9089120818922696}","{""MAE"": 2798.1850252448353, ""MSE"": 9314496.466028158, ""RMSE"": 3051.9660001428847, ""MAPE"": 45.98457418862107, ""R2"": 0.6222340991129317}","{""MAE"": 1015.5673739926593, ""MSE"": 1219384.2532290153, ""RMSE"": 1104.2573310732491, ""MAPE"": 15.556019236488513, ""R2"": 0.9505457119846878}","{""MAE"": 976.5393750000052, ""MSE"": 1341004.3697979327, ""RMSE"": 1158.017430696936, ""MAPE"": 20.610186797001074, ""R2"": 0.9456131927584244}"
