ref_article,designation,marque,famille,frequency,next_period,avg_forecast,historical_periods,historical_values,avg_sales,max_sales,min_sales,std_sales,trend_pct,data_points,sma_forecast,es_forecast,arima_forecast,xgb_forecast,sma_metrics,es_metrics,arima_metrics,xgb_metrics
HZT/C,TEINT IALO CASTAGNA 100ML,H. ZONE,IALO,yearly,2024,56.64532080833331,"['2020', '2021', '2022', '2023']","[945.946, 289.027, -179.659, -47.819]",251.87374999999997,945.946,-179.659,435.6469071767726,-105.05515113970564,4,20.516333333333332,206.0649498999999,0.0,0.0,"{""MAE"": 399.5903333333333, ""MSE"": 159672.43449344442, ""RMSE"": 399.5903333333333, ""MAPE"": 835.6308859100636, ""R2"": NaN}","{""MAE"": 701.1929366666667, ""MSE"": 520722.8196374499, ""RMSE"": 721.6112662905492, ""MAPE"": 609.2131482439996, ""R2"": -12.370396028346871}","{""MAE"": 548.5701220034883, ""MSE"": 385270.51756459137, ""RMSE"": 620.7016332865504, ""MAPE"": 268.374427297615, ""R2"": -1.0300021880558172}","{""MAE"": 133.17854999999977, ""MSE"": 24771.750984035545, ""RMSE"": 157.39044120922827, ""MAPE"": 41.05013401885033, ""R2"": 0.8694768833664119}"
