ref_article,designation,marque,famille,frequency,next_period,avg_forecast,historical_periods,historical_values,avg_sales,max_sales,min_sales,std_sales,trend_pct,data_points,sma_forecast,es_forecast,lr_forecast,arima_forecast,prophet_forecast,xgb_forecast,sma_metrics,es_metrics,lr_metrics,arima_metrics,prophet_metrics,xgb_metrics
HZT/9.64,TEINT IALO 9.64 100ML,H. ZONE,IALO,yearly,2026,2022.2390939036695,"[""2020"", ""2021"", ""2022"", ""2023"", ""2024"", ""2025""]","[709.703, 2180.696, 1810.65, 909.2239999999999, 2474.901, 2089.871]",1695.8408333333334,2474.901,709.703,658.4950090596527,194.4712083787162,6,1824.6653333333334,1847.0736473629995,2384.0437333332957,2218.2763989796904,1718.356650412694,2141.018800000004,"{""MAE"": 619.1497777777778, ""MSE"": 422990.4041504444, ""RMSE"": 650.3771245596238, ""MAPE"": 41.162197401888506, ""R2"": 0.0467272668699491}","{""MAE"": 864.74507806, ""MSE"": 924024.6314874531, ""RMSE"": 961.2619993984226, ""MAPE"": 45.356001010248946, ""R2"": -2.2201979181129086}","{""MAE"": 492.34640000000564, ""MSE"": 320848.24086875754, ""RMSE"": 566.4346748467625, ""MAPE"": 39.79542391052928, ""R2"": 0.26006309753195256}","{""MAE"": 808.6505903624893, ""MSE"": 955106.569840565, ""RMSE"": 977.2955386373995, ""MAPE"": 58.36245104396417, ""R2"": -1.2026569162453091}","{""MAE"": 459.36678075651275, ""MSE"": 273793.0401433092, ""RMSE"": 523.2523675467787, ""MAPE"": 33.75030045326204, ""R2"": 0.3685813159130925}","{""MAE"": 289.8731049999997, ""MSE"": 112873.61856744619, ""RMSE"": 335.9666926459321, ""MAPE"": 24.59840045968768, ""R2"": 0.7396920255289182}"
