ref_article,designation,marque,famille,frequency,next_period,avg_forecast,historical_periods,historical_values,avg_sales,max_sales,min_sales,std_sales,trend_pct,data_points,sma_forecast,es_forecast,lr_forecast,arima_forecast,prophet_forecast,xgb_forecast,sma_metrics,es_metrics,lr_metrics,arima_metrics,prophet_metrics,xgb_metrics
HZT/11.00,TEINT IALO 1100 100ML,H. ZONE,IALO,yearly,2026,6309.324974399898,"[""2020"", ""2021"", ""2022"", ""2023"", ""2024"", ""2025""]","[3104.993, 9209.774, 7692.0960000000005, 6431.028, 8005.296, 5904.568]",6724.625833333334,9209.774,3104.993,1941.327397914497,90.16364932223681,6,6780.297333333333,6233.587984390999,7636.963133333367,5710.544323301236,4965.983552040454,6528.57352,"{""MAE"": 645.7205555555553, ""MSE"": 757987.8948739623, ""RMSE"": 870.6250024401793, ""MAPE"": 10.488724609299709, ""R2"": 0.04835671425159227}","{""MAE"": 2448.3234417800004, ""MSE"": 9985592.399665201, ""RMSE"": 3159.998797415151, ""MAPE"": 29.874756781473742, ""R2"": -6.2459946156462}","{""MAE"": 1621.2074666666952, ""MSE"": 3570571.268519448, ""RMSE"": 1889.59553040312, ""MAPE"": 30.619778173202327, ""R2"": 0.05258525737671216}","{""MAE"": 2681.5291426225176, ""MSE"": 9549445.0167534, ""RMSE"": 3090.2176325872906, ""MAPE"": 44.51914142989569, ""R2"": -1.533848035049628}","{""MAE"": 1497.0051793044095, ""MSE"": 2915013.6916718935, ""RMSE"": 1707.341117548539, ""MAPE"": 27.227556510878415, ""R2"": 0.22653078772354296}","{""MAE"": 902.4406000000035, ""MSE"": 1151274.7072485765, ""RMSE"": 1072.9747001903522, ""MAPE"": 17.479469778707927, ""R2"": 0.6945209748161983}"
