ref_article,designation,marque,famille,frequency,next_period,avg_forecast,historical_periods,historical_values,avg_sales,max_sales,min_sales,std_sales,trend_pct,data_points,sma_forecast,es_forecast,lr_forecast,arima_forecast,prophet_forecast,xgb_forecast,sma_metrics,es_metrics,lr_metrics,arima_metrics,prophet_metrics,xgb_metrics
HZT/9.32,TEINT IALO 9.32B 100ML,H. ZONE,IALO,yearly,2026,24453.16737228539,"[""2020"", ""2021"", ""2022"", ""2023"", ""2024"", ""2025""]","[8494.765, 11544.038, 13691.921, 13209.778, 16119.508, 27963.624]",15170.605666666668,27963.624,8494.765,6168.629356735057,229.18655195287926,6,19097.63666666667,20557.993689313,26229.461866666563,36118.72108063452,20825.066150431616,23890.124779999987,"{""MAE"": 6297.895777777777, ""MSE"": 66792091.23154422, ""RMSE"": 8172.642854765172, ""MAPE"": 28.03354641496587, ""R2"": -0.6405208775340065}","{""MAE"": 5926.258085060001, ""MSE"": 56839579.32060985, ""RMSE"": 7539.202830578964, ""MAPE"": 31.951134175463793, ""R2"": -0.6255511987117626}","{""MAE"": 2443.757244444621, ""MSE"": 8933345.175945355, ""RMSE"": 2988.8702173137854, ""MAPE"": 15.433412203439826, ""R2"": 0.7652331556791095}","{""MAE"": 4374.885445693261, ""MSE"": 31741133.13288025, ""RMSE"": 5633.926972625777, ""MAPE"": 32.26104275554652, ""R2"": 0.1658482333313639}","{""MAE"": 1996.9954747144286, ""MSE"": 4795183.424024087, ""RMSE"": 2189.790726079569, ""MAPE"": 15.245112361380492, ""R2"": 0.8739833670113561}","{""MAE"": 1188.8481066666702, ""MSE"": 3159729.0407766066, ""RMSE"": 1777.5626685933205, ""MAPE"": 7.094089417820444, ""R2"": 0.9169628396527622}"
