ref_article,designation,marque,famille,frequency,next_period,avg_forecast,historical_periods,historical_values,avg_sales,max_sales,min_sales,std_sales,trend_pct,data_points,sma_forecast,es_forecast,lr_forecast,arima_forecast,prophet_forecast,xgb_forecast,sma_metrics,es_metrics,lr_metrics,arima_metrics,prophet_metrics,xgb_metrics
HZT/12.00,TEINT IALO 1200 100ML,H. ZONE,IALO,yearly,2026,9497.017634647234,"[""2020"", ""2021"", ""2022"", ""2023"", ""2024"", ""2025""]","[4511.04, 11697.072, 11069.028, 10711.01, 11724.717999999999, 8361.109]",9678.996166666666,11724.717999999999,4511.04,2572.2702833290036,85.34770252536002,6,10265.612333333333,9007.661564111999,11576.522666666657,7276.430860909134,9438.440532862285,9417.437850000011,"{""MAE"": 1663.818111111111, ""MSE"": 3606670.090076927, ""RMSE"": 1899.1235057459867, ""MAPE"": 17.836778544965636, ""R2"": -0.8171144130215608}","{""MAE"": 3710.2750249599994, ""MSE"": 17740827.659766972, ""RMSE"": 4211.986189408385, ""MAPE"": 33.46384720578735, ""R2"": -10.595128289189764}","{""MAE"": 2161.9477777777543, ""MSE"": 5759287.072830216, ""RMSE"": 2399.8514689101526, ""MAPE"": 28.88624604309889, ""R2"": 0.12956664347447422}","{""MAE"": 3044.4463174146113, ""MSE"": 12998720.88428097, ""RMSE"": 3605.3738896653936, ""MAPE"": 38.619260734432146, ""R2"": -0.9645695911252741}","{""MAE"": 2154.4934651422814, ""MSE"": 5357272.745831792, ""RMSE"": 2314.5783084250556, ""MAPE"": 27.85097126046468, ""R2"": 0.1903253234283505}","{""MAE"": 970.3392900000025, ""MSE"": 1590459.2449857087, ""RMSE"": 1261.134110626506, ""MAPE"": 13.885660928505198, ""R2"": 0.7596249741463833}"
