ref_article,designation,marque,famille,frequency,next_period,avg_forecast,historical_periods,historical_values,avg_sales,max_sales,min_sales,std_sales,trend_pct,data_points,sma_forecast,es_forecast,arima_forecast,xgb_forecast,sma_metrics,es_metrics,arima_metrics,xgb_metrics
HZT/8.64,TEINT IALO 8.64 100ML,H. ZONE,IALO,yearly,2026,5903.968605495875,"['2020', '2021', '2022', '2023', '2024', '2025']","[3212.805, 4447.821, 2762.32, 3859.101, 6488.6669999999995, 6390.497]",4526.8685,6488.6669999999995,2762.32,1449.960963429217,98.90709208931139,6,5579.421666666666,5411.305799586,6381.963435730839,6243.183519999994,"{""MAE"": 1734.7243333333336, ""MSE"": 4021433.6339236666, ""RMSE"": 2005.3512495130788, ""MAPE"": 28.241042344443173, ""R2"": -1.7146942971951908}","{""MAE"": 1514.2942053200002, ""MSE"": 3087091.197718775, ""RMSE"": 1757.0120084162131, ""MAPE"": 29.689001591939945, ""R2"": -0.4641581650425479}","{""MAE"": 1690.0954931930057, ""MSE"": 3778920.6643140875, ""RMSE"": 1943.9446145181419, ""MAPE"": 44.077048437754144, ""R2"": -0.7974431120187073}","{""MAE"": 350.17391000000134, ""MSE"": 165379.4848265236, ""RMSE"": 406.6687654916758, ""MAPE"": 8.65693984152239, ""R2"": 0.9213372700099823}"
