ref_article,designation,marque,famille,frequency,next_period,avg_forecast,historical_periods,historical_values,avg_sales,max_sales,min_sales,std_sales,trend_pct,data_points,sma_forecast,es_forecast,lr_forecast,arima_forecast,prophet_forecast,xgb_forecast,sma_metrics,es_metrics,lr_metrics,arima_metrics,prophet_metrics,xgb_metrics
HZT/7.55,TEINT IALO 7.55 100ML,H. ZONE,IALO,yearly,2026,3950.376501044159,"[""2020"", ""2021"", ""2022"", ""2023"", ""2024"", ""2025""]","[2298.558, 4441.816, 3314.5060000000003, 2115.407, 4505.887, 4318.372]",3499.091,4505.887,2115.407,996.955572929573,87.8730926084963,6,3646.5553333333337,3815.5382111579993,4408.309400000027,4328.60280151195,3242.4481302616514,4260.805129999993,"{""MAE"": 1152.6563333333336, ""MSE"": 1339379.2901763339, ""RMSE"": 1157.3155534150285, ""MAPE"": 36.238816617439554, ""R2"": -0.13692875029459328}","{""MAE"": 1242.86117596, ""MSE"": 1934380.756459762, ""RMSE"": 1390.8201740195466, ""MAPE"": 33.218039739001206, ""R2"": -1.284348898893525}","{""MAE"": 706.4534285714338, ""MSE"": 797092.2956099898, ""RMSE"": 892.8002551578879, ""MAPE"": 24.133540822211565, ""R2"": 0.19803207171782145}","{""MAE"": 1530.8963068686342, ""MSE"": 3048647.3878535028, ""RMSE"": 1746.0376249822061, ""MAPE"": 48.880884527600095, ""R2"": -2.0672952720346265}","{""MAE"": 646.0034052019236, ""MSE"": 636837.1519739095, ""RMSE"": 798.020771643138, ""MAPE"": 20.93599948468688, ""R2"": 0.35926745969762663}","{""MAE"": 451.8482550000014, ""MSE"": 250438.09281076075, ""RMSE"": 500.43790105342816, ""MAPE"": 15.202206416530274, ""R2"": 0.7480300342124288}"
