ref_article,designation,marque,famille,frequency,next_period,avg_forecast,historical_periods,historical_values,avg_sales,max_sales,min_sales,std_sales,trend_pct,data_points,sma_forecast,es_forecast,lr_forecast,arima_forecast,prophet_forecast,xgb_forecast,sma_metrics,es_metrics,lr_metrics,arima_metrics,prophet_metrics,xgb_metrics
HZT/4.57,TEINT IALO 4.57 100ML,H. ZONE,IALO,yearly,2024,-15.813516049999999,"[""2020"", ""2021"", ""2022"", ""2023""]","[-20.685999999999986, -0.963000000000001, -32.045, -87.868]",-35.390499999999996,-0.963000000000001,-87.868,32.27443048684206,324.77037609977793,4,-40.292,-54.589096299999994,0.0,0.0,0.0,0.0,"{""MAE"": 69.97, ""MSE"": 4895.8009, ""RMSE"": 69.97, ""MAPE"": 79.63080985114036, ""R2"": NaN}","{""MAE"": 34.97167666666667, ""MSE"": 1766.6847213289673, ""RMSE"": 42.03194881669142, ""MAPE"": 726.4278850554163, ""R2"": -0.3666065439299264}","{""MAE"": 18.886499999999995, ""MSE"": 365.1915334499903, ""RMSE"": 19.1099851766031, ""MAPE"": 632.8862955612013, ""R2"": 0.649406770105944}","{""MAE"": 30.554299423295085, ""MSE"": 1041.0914694410649, ""RMSE"": 32.26594907082488, ""MAPE"": 580.4641472849955, ""R2"": 0.0005255120831678672}","{""MAE"": 4.049617832548959, ""MSE"": 24.529976056267103, ""RMSE"": 4.952774581612523, ""MAPE"": 111.93647912612643, ""R2"": 0.9764505944222055}","{""MAE"": 8.949799999999971, ""MSE"": 113.71481268884898, ""RMSE"": 10.663714769668635, ""MAPE"": 240.83418347249471, ""R2"": 0.8908308659547808}"
