ref_article,designation,marque,famille,frequency,next_period,avg_forecast,historical_periods,historical_values,avg_sales,max_sales,min_sales,std_sales,trend_pct,data_points,sma_forecast,es_forecast,lr_forecast,arima_forecast,prophet_forecast,xgb_forecast,sma_metrics,es_metrics,lr_metrics,arima_metrics,prophet_metrics,xgb_metrics
HZT/6.64,TEINT IALO 6.64 100ML,H. ZONE,IALO,yearly,2026,2307.321142942279,"[""2020"", ""2021"", ""2022"", ""2023"", ""2024"", ""2025""]","[369.137, 3137.009, 1914.0620000000001, 1264.4089999999999, 2814.151, 2497.749]",1999.4195,3137.009,369.137,949.699684628032,576.6455272703629,6,2192.1029999999996,2157.1094886619994,2901.9027999999817,2602.008475644388,1468.6328933473005,2522.170200000004,"{""MAE"": 583.8421111111112, ""MSE"": 348998.39658203704, ""RMSE"": 590.7608624325388, ""MAPE"": 29.370627668835937, ""R2"": 0.2192309372049588}","{""MAE"": 1154.43953244, ""MSE"": 2153141.5399514465, ""RMSE"": 1467.358695054296, ""MAPE"": 43.313974390031454, ""R2"": -3.844634983872349}","{""MAE"": 665.2965619047617, ""MSE"": 708006.608416181, ""RMSE"": 841.4312856176558, ""MAPE"": 67.87936917953506, ""R2"": 0.21500891644549514}","{""MAE"": 1019.351518859797, ""MSE"": 1884209.8136926151, ""RMSE"": 1372.665222730078, ""MAPE"": 57.616086952780456, ""R2"": -1.0890877086632487}","{""MAE"": 650.7611117371293, ""MSE"": 501123.5277465917, ""RMSE"": 707.9007894801302, ""MAPE"": 50.778011348564824, ""R2"": 0.4443872467229607}","{""MAE"": 441.3480833333346, ""MSE"": 265014.53031870775, ""RMSE"": 514.7956199490316, ""MAPE"": 49.28138411361971, ""R2"": 0.7061693480828588}"
