ref_article,designation,marque,famille,frequency,next_period,avg_forecast,historical_periods,historical_values,avg_sales,max_sales,min_sales,std_sales,trend_pct,data_points,sma_forecast,es_forecast,lr_forecast,arima_forecast,prophet_forecast,xgb_forecast,sma_metrics,es_metrics,lr_metrics,arima_metrics,prophet_metrics,xgb_metrics
HZT/9.03,TEINT IALO 9.03 100ML,H. ZONE,IALO,yearly,2026,3139.4899213772565,"[""2020"", ""2021"", ""2022"", ""2023"", ""2024"", ""2025""]","[1793.017, 5035.463, 3995.732, 2385.058, 3435.605, 3721.098]",3394.328833333333,5035.463,1793.017,1060.3707004853563,107.53277855145824,6,3180.587,3400.8686961159992,3717.344533333322,3745.366075941308,1196.707252872906,3596.0659699999997,"{""MAE"": 680.5972222222222, ""MSE"": 611364.0532403332, ""RMSE"": 781.8977255628342, ""MAPE"": 24.702552306446492, ""R2"": -0.8525197081059042}","{""MAE"": 1280.2819079200003, ""MSE"": 2658374.1863098545, ""RMSE"": 1630.4521416802932, ""MAPE"": 31.894699637193586, ""R2"": -2.622477200091238}","{""MAE"": 841.0538000000018, ""MSE"": 1099543.3694843592, ""RMSE"": 1048.5911355167748, ""MAPE"": 29.607864814933826, ""R2"": 0.022094416390345484}","{""MAE"": 1523.5758973948705, ""MSE"": 3081666.4188639876, ""RMSE"": 1755.467578414363, ""MAPE"": 49.78055008286611, ""R2"": -1.7407548273813944}","{""MAE"": 654.9604192051196, ""MSE"": 471360.4151166272, ""RMSE"": 686.5569278046994, ""MAPE"": 21.883579995407533, ""R2"": 0.5807841740237322}","{""MAE"": 487.6345333333339, ""MSE"": 348873.6396126197, ""RMSE"": 590.6552629179052, ""MAPE"": 18.056011698362244, ""R2"": 0.6897207607996438}"
