ref_article,designation,marque,famille,frequency,next_period,avg_forecast,historical_periods,historical_values,avg_sales,max_sales,min_sales,std_sales,trend_pct,data_points,sma_forecast,es_forecast,lr_forecast,arima_forecast,prophet_forecast,xgb_forecast,sma_metrics,es_metrics,lr_metrics,arima_metrics,prophet_metrics,xgb_metrics
HZT/8.03,TEINT IALO 8.03 100ML,H. ZONE,IALO,yearly,2026,3752.778555628214,"[""2020"", ""2021"", ""2022"", ""2023"", ""2024"", ""2025""]","[3518.292, 4583.159, 3795.068, 2971.794, 3667.305, 4217.842]",3792.2433333333333,4583.159,2971.794,511.61278071202327,19.883227429673255,6,3618.980333333333,3914.360601086999,3784.9347333333326,4346.241933552218,2841.254122463399,4010.899610000001,"{""MAE"": 616.5113333333333, ""MSE"": 516070.7396624444, ""RMSE"": 718.3806370319598, ""MAPE"": 18.047209989001466, ""R2"": -0.9853437857450402}","{""MAE"": 535.6715509399999, ""MSE"": 451378.2642547614, ""RMSE"": 671.8469053696396, ""MAPE"": 14.08640234168757, ""R2"": -0.5244871198893202}","{""MAE"": 406.7943619047619, ""MSE"": 261734.9193798031, ""RMSE"": 511.60035123111777, ""MAPE"": 11.046466566283895, ""R2"": 4.85888171242177e-05}","{""MAE"": 1200.3944175775166, ""MSE"": 2556048.6876255586, ""RMSE"": 1598.7647380479589, ""MAPE"": 33.035713834728156, ""R2"": -8.765317131927732}","{""MAE"": 247.94532029296988, ""MSE"": 100291.11087230685, ""RMSE"": 316.68771822144737, ""MAPE"": 7.1447320756140105, ""R2"": 0.6168404350344392}","{""MAE"": 239.2635366666681, ""MSE"": 63401.34739050912, ""RMSE"": 251.79624181172585, ""MAPE"": 6.4825866512242465, ""R2"": 0.7577768111940837}"
