ref_article,designation,marque,famille,frequency,next_period,avg_forecast,historical_periods,historical_values,avg_sales,max_sales,min_sales,std_sales,trend_pct,data_points,sma_forecast,es_forecast,lr_forecast,arima_forecast,prophet_forecast,xgb_forecast,sma_metrics,es_metrics,lr_metrics,arima_metrics,prophet_metrics,xgb_metrics
HZT/IG,TEINT IALO INT GIALO 100ML,H. ZONE,IALO,yearly,2024,-40.207670722222225,"[""2020"", ""2022"", ""2023""]","[-185.861, -106.294, -76.465]",-122.87333333333333,-76.465,-185.861,46.173779892440635,-58.859039820080596,3,-122.87333333333333,-118.372691,0.0,0.0,0.0,0.0,,"{""MAE"": 82.54645, ""MSE"": 6822.7935299050005, ""RMSE"": 82.60020296527728, ""MAPE"": 93.35266219388711, ""R2"": -29.672193263219377}","{""MAE"": 2.8441428571461764, ""MSE"": 9.437340023837121, ""RMSE"": 3.0720253943997795, ""MAPE"": 2.8327534233997365, ""R2"": 0.9955735175560767}",,"{""MAE"": 0.001831686655255756, ""MSE"": 3.4401707717908044e-06, ""RMSE"": 0.0018547697355172702, ""MAPE"": 0.0016461049347861008, ""R2"": 0.9999999983864251}","{""MAE"": 13.988633333333278, ""MSE"": 256.4804076477969, ""RMSE"": 16.01500570239664, ""MAPE"": 11.736591434753779, ""R2"": 0.8797006339926625}"
