ref_article,designation,marque,famille,frequency,next_period,avg_forecast,historical_periods,historical_values,avg_sales,max_sales,min_sales,std_sales,trend_pct,data_points,sma_forecast,es_forecast,lr_forecast,arima_forecast,prophet_forecast,xgb_forecast,sma_metrics,es_metrics,lr_metrics,arima_metrics,prophet_metrics,xgb_metrics
HZTI/500,TEINT IALO 5.00 100ML,H. ZONE,IALO,yearly,2026,16256.080968132044,"[""2020"", ""2021"", ""2022"", ""2023"", ""2024"", ""2025""]","[3759.096, 6491.428, 10154.857, 12073.811, 16686.688, 14847.451]",10668.888500000001,16686.688,3759.096,4492.748594953158,294.97397778614857,6,14535.983333333332,12768.550824101996,19463.539400000125,13999.904997256894,21629.259744099927,15139.24750999998,"{""MAE"": 4753.668555555554, ""MSE"": 27303882.605397653, ""RMSE"": 5225.311723275239, ""MAPE"": 32.97551308517778, ""R2"": -6.595076398323413}","{""MAE"": 5412.331737240001, ""MSE"": 33188947.568783246, ""RMSE"": 5760.984947800441, ""MAPE"": 45.17325574157922, ""R2"": -1.6004252936662882}","{""MAE"": 1046.5181333334097, ""MSE"": 1769103.1629608993, ""RMSE"": 1330.0763748600677, ""MAPE"": 9.862716749880102, ""R2"": 0.912354640873509}","{""MAE"": 2542.2345434197237, ""MSE"": 8491109.461377399, ""RMSE"": 2913.950833726849, ""MAPE"": 32.09906638516942, ""R2"": 0.5793312941235098}","{""MAE"": 983.6432379433767, ""MSE"": 1112852.0787242001, ""RMSE"": 1054.918043605379, ""MAPE"": 12.583773946877841, ""R2"": 0.9448667991010764}","{""MAE"": 712.4417966666655, ""MSE"": 720245.3935746487, ""RMSE"": 848.6727246557701, ""MAPE"": 9.53252571521148, ""R2"": 0.9643174194130102}"
