ref_article,designation,marque,famille,frequency,next_period,avg_forecast,historical_periods,historical_values,avg_sales,max_sales,min_sales,std_sales,trend_pct,data_points,sma_forecast,es_forecast,arima_forecast,xgb_forecast,sma_metrics,es_metrics,arima_metrics,xgb_metrics
HZTI/5.1,TEINT IALO 5.1 100ML,H. ZONE,IALO,yearly,2026,16770.641549930733,"['2020', '2021', '2022', '2023', '2024', '2025']","[10371.458, 17214.72, 22235.437, 21431.207, 25675.722, 14440.901]",18561.574166666665,25675.722,10371.458,5135.093741875002,39.23694238553537,6,20515.943333333333,17034.255430772,11622.561805617588,17909.80563000001,"{""MAE"": 6293.052333333333, ""MSE"": 42486990.46373368, ""RMSE"": 6518.204542949974, ""MAPE"": 34.51017649425256, ""R2"": -0.9802173314216869}","{""MAE"": 7299.84738776, ""MSE"": 55985000.213407025, ""RMSE"": 7482.312491028895, ""MAPE"": 36.37605992925182, ""R2"": -2.601640705458669}","{""MAE"": 6130.706542526855, ""MSE"": 52045801.11975592, ""RMSE"": 7214.2775882104725, ""MAPE"": 41.991925788370324, ""R2"": -0.973735468728991}","{""MAE"": 1899.874823333336, ""MSE"": 4421899.646197774, ""RMSE"": 2102.83134040697, ""MAPE"": 12.206021845683905, ""R2"": 0.8323080828215397}"
