ref_article,designation,marque,famille,frequency,next_period,avg_forecast,historical_periods,historical_values,avg_sales,max_sales,min_sales,std_sales,trend_pct,data_points,sma_forecast,es_forecast,lr_forecast,arima_forecast,prophet_forecast,xgb_forecast,sma_metrics,es_metrics,lr_metrics,arima_metrics,prophet_metrics,xgb_metrics
HZTI/5.1,TEINT IALO 5.1 100ML,H. ZONE,IALO,yearly,2026,19462.356836867708,"[""2020"", ""2021"", ""2022"", ""2023"", ""2024"", ""2025""]","[10371.458, 17214.72, 22235.437, 21431.207, 25675.722, 14440.901]",18561.574166666665,25675.722,10371.458,5135.093741875002,39.23694238553537,6,20515.943333333333,17034.255430772,23054.173266666476,11622.561805617588,26637.40155481684,17909.80563000001,"{""MAE"": 6293.052333333333, ""MSE"": 42486990.46373368, ""RMSE"": 6518.204542949974, ""MAPE"": 34.51017649425256, ""R2"": -0.9802173314216869}","{""MAE"": 7299.84738776, ""MSE"": 55985000.213407025, ""RMSE"": 7482.312491028895, ""MAPE"": 36.37605992925182, ""R2"": -2.601640705458669}","{""MAE"": 4103.596444444429, ""MSE"": 21563605.196576495, ""RMSE"": 4643.66290729382, ""MAPE"": 25.359541159460637, ""R2"": 0.18224234242796078}","{""MAE"": 6130.706542526855, ""MSE"": 52045801.11975592, ""RMSE"": 7214.2775882104725, ""MAPE"": 41.991925788370324, ""R2"": -0.973735468728991}","{""MAE"": 4082.8572851901517, ""MSE"": 19757024.80654791, ""RMSE"": 4444.887490876221, ""MAPE"": 26.304239327884595, ""R2"": 0.2507533791724057}","{""MAE"": 1899.874823333336, ""MSE"": 4421899.646197774, ""RMSE"": 2102.83134040697, ""MAPE"": 12.206021845683905, ""R2"": 0.8323080828215397}"
