ref_article,designation,marque,famille,frequency,next_period,avg_forecast,historical_periods,historical_values,avg_sales,max_sales,min_sales,std_sales,trend_pct,data_points,sma_forecast,es_forecast,lr_forecast,arima_forecast,prophet_forecast,xgb_forecast,sma_metrics,es_metrics,lr_metrics,arima_metrics,prophet_metrics,xgb_metrics
HZTT6.31,TEINT HZ TRESOR SA 6.31,H. ZONE,TRESOR,yearly,2026,8023.178115896633,"[""2021"", ""2022"", ""2023"", ""2024"", ""2025""]","[6680.439, 10764.994, 7642.9, 8540.282, 7560.229]",8237.7688,10764.994,6680.439,1394.0291692396397,13.169643491992067,5,7914.470333333334,7795.776554549998,8098.229200000002,7439.457717039276,9016.010370457176,7875.124520000011,"{""MAE"": 800.000333333333, ""MSE"": 1027501.8033494445, ""RMSE"": 1013.6576361619561, ""MAPE"": 10.446977783108405, ""R2"": -3.279011555245402}","{""MAE"": 1385.3794862499994, ""MSE"": 4373163.964840767, ""RMSE"": 2091.2111239281335, ""MAPE"": 14.02348668472914, ""R2"": -1.6167057778498526}","{""MAE"": 1131.895360000001, ""MSE"": 1938990.3691424797, ""RMSE"": 1392.476344194931, ""MAPE"": 13.470018524466749, ""R2"": 0.0022265820890412513}","{""MAE"": 3208.38642591268, ""MSE"": 14383435.33712979, ""RMSE"": 3792.5499781980184, ""MAPE"": 41.62336952624207, ""R2"": -6.401485673173393}","{""MAE"": 983.3385952408532, ""MSE"": 1740112.688433333, ""RMSE"": 1319.1333095761524, ""MAPE"": 11.44633964146737, ""R2"": 0.10456585431303256}","{""MAE"": 734.3940660000051, ""MSE"": 689834.9576814322, ""RMSE"": 830.5630365489619, ""MAPE"": 8.946907350315112, ""R2"": 0.6450219689205238}"
