ref_article,designation,marque,famille,frequency,next_period,avg_forecast,historical_periods,historical_values,avg_sales,max_sales,min_sales,std_sales,trend_pct,data_points,sma_forecast,es_forecast,lr_forecast,arima_forecast,prophet_forecast,xgb_forecast,sma_metrics,es_metrics,lr_metrics,arima_metrics,prophet_metrics,xgb_metrics
HZTT4.14,TEINT HZ TRESOR SA 4.14,H. ZONE,TRESOR,yearly,2026,8336.016554144506,"[""2021"", ""2022"", ""2023"", ""2024"", ""2025""]","[4643.527, 9440.716, 7585.708, 9709.798, 6544.924]",7584.9346000000005,9709.798,4643.527,1881.0885353349643,40.94725840939441,5,7946.81,7006.273255569999,8806.497399999993,6496.151987444844,12293.453461852203,7466.913219999997,"{""MAE"": 2426.8155000000006, ""MSE"": 5892993.442930503, ""RMSE"": 2427.5488549008655, ""MAPE"": 30.88784066309796, ""R2"": -1.3533314570116968}","{""MAE"": 2604.48735075, ""MSE"": 9061718.08786251, ""RMSE"": 3010.2687733593675, ""MAPE"": 29.431180168333842, ""R2"": -4.270262319809837}","{""MAE"": 1592.5672799999927, ""MSE"": 3206890.5945811267, ""RMSE"": 1790.779326042471, ""MAPE"": 23.1620446369026, ""R2"": 0.09371316608126756}","{""MAE"": 3330.946273155486, ""MSE"": 12506706.40504739, ""RMSE"": 3536.482207653163, ""MAPE"": 49.315629177722705, ""R2"": -2.53447148142016}","{""MAE"": 896.89946340812, ""MSE"": 1468789.4456799396, ""RMSE"": 1211.9362382897623, ""MAPE"": 12.579617874378792, ""R2"": 0.5849111476806111}","{""MAE"": 996.7432860000001, ""MSE"": 1073200.8922296516, ""RMSE"": 1035.9540975495254, ""MAPE"": 14.498820365516831, ""R2"": 0.6967068847246998}"
