ref_article,designation,marque,famille,frequency,next_period,avg_forecast,historical_periods,historical_values,avg_sales,max_sales,min_sales,std_sales,trend_pct,data_points,sma_forecast,es_forecast,lr_forecast,arima_forecast,prophet_forecast,xgb_forecast,sma_metrics,es_metrics,lr_metrics,arima_metrics,prophet_metrics,xgb_metrics
HZTT6.1,TEINT HZ TRESOR SA 6.1,H. ZONE,TRESOR,yearly,2026,33581.7423764504,"[""2021"", ""2022"", ""2023"", ""2024"", ""2025""]","[16386.511, 36277.635, 38347.075, 38104.975, 25544.335]",30932.1062,38347.075,16386.511,8667.282221139783,55.8863567723477,5,33998.79499999999,27942.115145319993,36975.002599999774,18574.234870258828,54204.9538431238,29795.352800000004,"{""MAE"": 9900.064000000002, ""MSE"": 102557384.84122315, ""RMSE"": 10127.062004412886, ""MAPE"": 33.74441904835025, ""R2"": -1.6001798737275412}","{""MAE"": 12932.734606999999, ""MSE"": 198839362.59188867, ""RMSE"": 14101.041188220417, ""MAPE"": 36.109520669323935, ""R2"": -6.156293243709524}","{""MAE"": 7973.346560000039, ""MSE"": 67006981.78952289, ""RMSE"": 8185.779241435899, ""MAPE"": 30.84108528916703, ""R2"": 0.10802192376755548}","{""MAE"": 10017.63025485021, ""MSE"": 124893086.04228334, ""RMSE"": 11175.557527134086, ""MAPE"": 41.15479003272491, ""R2"": -0.6625415986151415}","{""MAE"": 3922.5568633395437, ""MSE"": 21591263.77683673, ""RMSE"": 4646.64005242893, ""MAPE"": 14.443002100392283, ""R2"": 0.712583175472897}","{""MAE"": 3340.7789999999877, ""MSE"": 15909143.752091262, ""RMSE"": 3988.626800302488, ""MAPE"": 14.107522766823077, ""R2"": 0.7882219574809353}"
