ref_article,designation,marque,famille,frequency,next_period,avg_forecast,historical_periods,historical_values,avg_sales,max_sales,min_sales,std_sales,trend_pct,data_points,sma_forecast,es_forecast,lr_forecast,arima_forecast,prophet_forecast,xgb_forecast,sma_metrics,es_metrics,lr_metrics,arima_metrics,prophet_metrics,xgb_metrics
HZTT8.1,TEINT HZ TRESOR SA 8.1,H. ZONE,TRESOR,yearly,2026,38016.34718038759,"[""2021"", ""2022"", ""2023"", ""2024"", ""2025""]","[22299.403000000002, 47896.863, 41682.359000000004, 42751.574, 30079.941]",36942.028,47896.863,22299.403000000002,9356.545061924257,34.89123901657814,5,38171.291333333334,33112.23773319999,40066.76410000026,25925.733090870915,56405.69987492097,34416.35695000005,"{""MAE"": 9744.511666666669, ""MSE"": 113323697.83556329, ""RMSE"": 10645.36039012129, ""MAPE"": 29.705936695531744, ""R2"": -1.8230304088218703}","{""MAE"": 13187.83907, ""MSE"": 229071011.65914094, ""RMSE"": 15135.092059817176, ""MAPE"": 30.939635709322122, ""R2"": -4.398906646459199}","{""MAE"": 8601.884800000013, ""MSE"": 85375163.11923258, ""RMSE"": 9239.868133216652, ""MAPE"": 26.726362813999156, ""R2"": 0.02478467045863797}","{""MAE"": 14271.381039026071, ""MSE"": 245109759.46820068, ""RMSE"": 15655.981587501969, ""MAPE"": 44.77086361639498, ""R2"": -1.7998165522653933}","{""MAE"": 4809.023557605122, ""MSE"": 44098442.9132219, ""RMSE"": 6640.6658486346005, ""MAPE"": 14.08496289391039, ""R2"": 0.49627648174658967}","{""MAE"": 4246.462152000014, ""MSE"": 24395301.0650178, ""RMSE"": 4939.159955399075, ""MAPE"": 13.454241716987205, ""R2"": 0.7213396648606494}"
