ref_article,designation,marque,famille,frequency,next_period,avg_forecast,historical_periods,historical_values,avg_sales,max_sales,min_sales,std_sales,trend_pct,data_points,sma_forecast,es_forecast,lr_forecast,arima_forecast,prophet_forecast,xgb_forecast,sma_metrics,es_metrics,lr_metrics,arima_metrics,prophet_metrics,xgb_metrics
HZTT6.34,TEINT HZ TRESOR SA 6.34,H. ZONE,TRESOR,yearly,2026,4398.528682555693,"[""2021"", ""2022"", ""2023"", ""2024"", ""2025""]","[3345.6400000000003, 6160.118, 3577.996, 3978.391, 4811.304]",4374.6898,6160.118,3345.6400000000003,1022.653710472592,43.80818019870637,5,4122.563666666667,4412.779319740001,4599.570099999983,4791.531548495724,3921.006990431781,4543.720470000002,"{""MAE"": 310.9979999999998, ""MSE"": 101883.95095611106, ""RMSE"": 319.1926549219312, ""MAPE"": 7.296892448273429, ""R2"": 0.4125559784209635}","{""MAE"": 1066.9443135000001, ""MSE"": 2239520.290477857, ""RMSE"": 1496.5026864252054, ""MAPE"": 20.100217611032235, ""R2"": -1.2937539851069562}","{""MAE"": 858.8329200000001, ""MSE"": 1034582.57835934, ""RMSE"": 1017.144325235775, ""MAPE"": 19.3096216992316, ""R2"": 0.010745660450730443}","{""MAE"": 1983.9918236651806, ""MSE"": 5324942.632809526, ""RMSE"": 2307.5837217335206, ""MAPE"": 48.60873894417869, ""R2"": -4.091640549091197}","{""MAE"": 740.9261432444732, ""MSE"": 983870.810095709, ""RMSE"": 991.9026212767608, ""MAPE"": 16.665385483184973, ""R2"": 0.05923559046730709}","{""MAE"": 499.0538919999993, ""MSE"": 351921.87121120177, ""RMSE"": 593.2300322903433, ""MAPE"": 11.680564678974754, ""R2"": 0.6634969063271221}"
