ref_article,designation,marque,famille,frequency,next_period,avg_forecast,historical_periods,historical_values,avg_sales,max_sales,min_sales,std_sales,trend_pct,data_points,sma_forecast,es_forecast,lr_forecast,arima_forecast,prophet_forecast,xgb_forecast,sma_metrics,es_metrics,lr_metrics,arima_metrics,prophet_metrics,xgb_metrics
HZTT6.14,TEINT HZ TRESOR SA 6.14,H. ZONE,TRESOR,yearly,2026,19359.07614312344,"[""2021"", ""2022"", ""2023"", ""2024"", ""2025""]","[6566.319, 15266.891, 16720.165, 19193.088, 17054.54]",14960.2006,19193.088,6566.319,4380.693444399168,159.7275581646277,5,17655.931,15442.979707559996,22430.99230000004,15898.082451182163,27196.453629998417,17530.017770000013,"{""MAE"": 3173.735499999999, ""MSE"": 20110262.515716497, ""RMSE"": 4484.446734628085, ""MAPE"": 16.537624570127097, ""R2"": -16.588942378761868}","{""MAE"": 6821.660009000001, ""MSE"": 50885129.061910614, ""RMSE"": 7133.381320377498, ""MAPE"": 40.44723899488992, ""R2"": -24.827343931244215}","{""MAE"": 2519.816879999794, ""MSE"": 6787646.470514573, ""RMSE"": 2605.311204158646, ""MAPE"": 21.36637360715085, ""R2"": 0.6463012795939168}","{""MAE"": 4061.0403740623296, ""MSE"": 19393174.04337943, ""RMSE"": 4403.7681641271065, ""MAPE"": 36.698634858619144, ""R2"": -0.010562478990712831}","{""MAE"": 1177.3811314713635, ""MSE"": 2403058.5909615057, ""RMSE"": 1550.1801801601985, ""MAPE"": 10.6231289347404, ""R2"": 0.8747785771730839}","{""MAE"": 1268.7148040000015, ""MSE"": 2528123.9236580925, ""RMSE"": 1590.0075231451242, ""MAPE"": 12.583371387443417, ""R2"": 0.8682615247110705}"
