ref_article,designation,marque,famille,frequency,next_period,avg_forecast,historical_periods,historical_values,avg_sales,max_sales,min_sales,std_sales,trend_pct,data_points,sma_forecast,es_forecast,lr_forecast,arima_forecast,prophet_forecast,xgb_forecast,sma_metrics,es_metrics,lr_metrics,arima_metrics,prophet_metrics,xgb_metrics
HZTT7.606,TEINT HZ TRESOR SA 7.606,H. ZONE,TRESOR,yearly,2026,4183.278852666441,"[""2021"", ""2022"", ""2023"", ""2024"", ""2025""]","[3965.023, 4287.814, 3703.766, 4147.502, 4337.7]",4088.361,4337.7,3703.766,231.76482488936924,9.39911319556027,5,4062.9893333333334,4178.27997343,4269.873600000006,4294.035939184377,4049.716870050925,4244.777400000004,"{""MAE"": 226.65350000000012, ""MSE"": 55556.06609627776, ""RMSE"": 235.70334341344793, ""MAPE"": 5.310816626693724, ""R2"": -5.142986848337594}","{""MAE"": 299.8255707500002, ""MSE"": 93888.06106655812, ""RMSE"": 306.4115876832306, ""MAPE"": 7.338006384833015, ""R2"": -0.5048614912256952}","{""MAE"": 155.31511999999958, ""MSE"": 46393.41762071999, ""RMSE"": 215.3913127791369, ""MAPE"": 3.899340778515374, ""R2"": 0.13630318204704528}","{""MAE"": 1102.5973962441094, ""MSE"": 3270599.1020863852, ""RMSE"": 1808.4797765212597, ""MAPE"": 27.62856835276567, ""R2"": -59.88807813999461}","{""MAE"": 155.43628827109114, ""MSE"": 37995.67182838726, ""RMSE"": 194.92478505410045, ""MAPE"": 3.9040656949927617, ""R2"": 0.2926423070951696}","{""MAE"": 108.97608999999848, ""MSE"": 13444.702615983126, ""RMSE"": 115.95129415398142, ""MAPE"": 2.7038560364352695, ""R2"": 0.7497027064770017}"
