ref_article,designation,marque,famille,frequency,next_period,avg_forecast,historical_periods,historical_values,avg_sales,max_sales,min_sales,std_sales,trend_pct,data_points,sma_forecast,es_forecast,lr_forecast,arima_forecast,prophet_forecast,xgb_forecast,sma_metrics,es_metrics,lr_metrics,arima_metrics,prophet_metrics,xgb_metrics
HZTT7.3,TEINT HZ TRESOR SA 7.3,H. ZONE,TRESOR,yearly,2026,8948.78441158607,"[""2021"", ""2022"", ""2023"", ""2024"", ""2025""]","[6566.92, 9919.479, 10020.497, 9252.501, 7946.369]",8741.153199999999,10020.497,6566.92,1314.9616537877291,21.006027178646907,5,9073.122333333333,8262.07729507,9368.729200000002,7269.210055434066,11262.014425679026,8457.553159999992,"{""MAE"": 1100.6628333333333, ""MSE"": 1679032.6791860545, ""RMSE"": 1295.774933846945, ""MAPE"": 13.480862975272116, ""R2"": -2.936814946063982}","{""MAE"": 1847.5353632499998, ""MSE"": 4635115.649675982, ""RMSE"": 2152.931872976008, ""MAPE"": 19.138108632868345, ""R2"": -5.775226288730471}","{""MAE"": 1187.6069599999996, ""MSE"": 1641601.5652041507, ""RMSE"": 1281.2500010552783, ""MAPE"": 14.405096682642066, ""R2"": 0.05061671579847293}","{""MAE"": 2188.2271219819463, ""MSE"": 9663916.825163363, ""RMSE"": 3108.68409864421, ""MAPE"": 29.359968193211238, ""R2"": -4.588908592800354}","{""MAE"": 786.3224641452895, ""MSE"": 829066.4601128174, ""RMSE"": 910.5308671938681, ""MAPE"": 9.176158311471347, ""R2"": 0.5205280895152191}","{""MAE"": 508.52675799999963, ""MSE"": 396852.8589570023, ""RMSE"": 629.9625853628153, ""MAPE"": 6.396767116592436, ""R2"": 0.7704890890899526}"
