ref_article,designation,marque,famille,frequency,next_period,avg_forecast,historical_periods,historical_values,avg_sales,max_sales,min_sales,std_sales,trend_pct,data_points,sma_forecast,es_forecast,lr_forecast,arima_forecast,prophet_forecast,xgb_forecast,sma_metrics,es_metrics,lr_metrics,arima_metrics,prophet_metrics,xgb_metrics
HZTT4.5,TEINT HZ TRESOR SA 4.5,H. ZONE,TRESOR,yearly,2026,9606.334469781299,"[""2021"", ""2022"", ""2023"", ""2024"", ""2025""]","[5261.406, 8595.498, 8990.732, 11370.198, 7495.462]",8342.6592,11370.198,5261.406,1993.077087148854,42.46119763424455,5,9285.464,7922.66927616,10515.502800000133,6646.085278696062,14677.46984383159,8590.815620000008,"{""MAE"": 2955.5, ""MSE"": 9373092.577307113, ""RMSE"": 3061.5506818125864, ""MAPE"": 30.896048049913187, ""R2"": -1.4972306826494512}","{""MAE"": 2806.2192160000004, ""MSE"": 9431739.005883625, ""RMSE"": 3071.1136426195017, ""MAPE"": 29.625969587954913, ""R2"": -3.719332446769635}","{""MAE"": 1571.3801599999776, ""MSE"": 2923189.761970818, ""RMSE"": 1709.7338278137968, ""MAPE"": 20.09862557572866, ""R2"": 0.26411692220708893}","{""MAE"": 2925.0205837236163, ""MSE"": 11570068.771939954, ""RMSE"": 3401.480379473025, ""MAPE"": 41.95248096966404, ""R2"": -1.912646291026459}","{""MAE"": 394.4080623420252, ""MSE"": 274760.43392580777, ""RMSE"": 524.1759570276071, ""MAPE"": 5.167423058616778, ""R2"": 0.9308318753700336}","{""MAE"": 796.1984760000026, ""MSE"": 774964.7835704675, ""RMSE"": 880.3208412678116, ""MAPE"": 10.572796497688453, ""R2"": 0.804910554376577}"
