ref_article,designation,marque,famille,frequency,next_period,avg_forecast,historical_periods,historical_values,avg_sales,max_sales,min_sales,std_sales,trend_pct,data_points,sma_forecast,es_forecast,lr_forecast,arima_forecast,prophet_forecast,xgb_forecast,sma_metrics,es_metrics,lr_metrics,arima_metrics,prophet_metrics,xgb_metrics
HZTT6.13,TEINT HZ TRESOR SA 6.13,H. ZONE,TRESOR,yearly,2026,11153.001264736282,"[""2021"", ""2022"", ""2023"", ""2024"", ""2025""]","[6845.548, 14379.22, 11648.048, 9985.008, 10678.634]",10707.2916,14379.22,6845.548,2441.461007998088,55.99385177052299,5,10770.563333333334,10298.750124159998,11688.879599999986,10882.481108671433,12630.23522225295,10647.09819999999,"{""MAE"": 1149.027666666666, ""MSE"": 1351392.2412855537, ""RMSE"": 1162.4939747308601, ""MAPE"": 11.076409697305898, ""R2"": -10.235455516937987}","{""MAE"": 2741.9956240000006, ""MSE"": 15958664.1539203, ""RMSE"": 3994.829677710966, ""MAPE"": 20.66194322652571, ""R2"": -4.718757479209502}","{""MAE"": 1975.9523199999978, ""MSE"": 5746617.40874304, ""RMSE"": 2397.210338861202, ""MAPE"": 19.929683191591092, ""R2"": 0.035920831550840804}","{""MAE"": 3894.4108597531413, ""MSE"": 21049603.255730204, ""RMSE"": 4587.984661671201, ""MAPE"": 40.27149361023753, ""R2"": -2.531378993857169}","{""MAE"": 1816.1894175458074, ""MSE"": 5377419.840569071, ""RMSE"": 2318.9264413881415, ""MAPE"": 18.202894724947058, ""R2"": 0.09785912658629636}","{""MAE"": 1063.4400639999976, ""MSE"": 1851128.0518485536, ""RMSE"": 1360.561667785975, ""MAPE"": 10.97415870344461, ""R2"": 0.6894461792072879}"
