ref_article,designation,marque,famille,frequency,next_period,avg_forecast,historical_periods,historical_values,avg_sales,max_sales,min_sales,std_sales,trend_pct,data_points,sma_forecast,es_forecast,lr_forecast,arima_forecast,prophet_forecast,xgb_forecast,sma_metrics,es_metrics,lr_metrics,arima_metrics,prophet_metrics,xgb_metrics
HZTT5.2,TEINT HZ TRESOR SA 5.2,H. ZONE,TRESOR,yearly,2026,3676.31529692591,"[""2021"", ""2022"", ""2023"", ""2024"", ""2025""]","[5802.905, 7656.9400000000005, 4774.838, 5306.1939999999995, 2843.473]",5276.87,7656.9400000000005,2843.473,1556.6478735882436,-50.99914611733261,5,4308.168333333333,4248.336209749999,2795.9870000001974,2798.8404469809357,4215.9416514909935,3690.618139999999,"{""MAE"": 1920.6090000000004, ""MSE"": 5007964.227222779, ""RMSE"": 2237.8481242530243, ""MAPE"": 61.24377204629335, ""R2"": -2.3028646884304}","{""MAE"": 1720.75463125, ""MSE"": 3625281.138134441, ""RMSE"": 1904.0171055256938, ""MAPE"": 42.277349234800035, ""R2"": -0.232054568713133}","{""MAE"": 963.7575999999759, ""MSE"": 1055423.611304688, ""RMSE"": 1027.3381192697407, ""MAPE"": 18.75692540232231, ""R2"": 0.5644419545502333}","{""MAE"": 2708.483103848969, ""MSE"": 10350696.318042876, ""RMSE"": 3217.2498065961363, ""MAPE"": 56.41977856167888, ""R2"": -3.271582527661826}","{""MAE"": 652.9815533402689, ""MSE"": 745457.0461040727, ""RMSE"": 863.3985441869083, ""MAPE"": 10.678449546728086, ""R2"": 0.6923606687494198}","{""MAE"": 582.5480260000012, ""MSE"": 390321.9510640499, ""RMSE"": 624.7575138115986, ""MAPE"": 13.166731238227165, ""R2"": 0.838919781327009}"
