ref_article,designation,marque,famille,frequency,next_period,avg_forecast,historical_periods,historical_values,avg_sales,max_sales,min_sales,std_sales,trend_pct,data_points,sma_forecast,es_forecast,lr_forecast,arima_forecast,prophet_forecast,xgb_forecast,sma_metrics,es_metrics,lr_metrics,arima_metrics,prophet_metrics,xgb_metrics
HZTT9.21,TEINT HZ TRESOR SA 9.21,H. ZONE,TRESOR,yearly,2026,6779.381326084953,"[""2021"", ""2022"", ""2023"", ""2024"", ""2025""]","[4628.473, 5898.954, 2673.053, 5146.988, 8851.661]",5439.8258000000005,8851.661,2673.053,2012.485885962473,91.24365638516203,5,5557.234,6748.82061343,7748.14879999985,9090.846090691857,4097.302402388016,7433.936049999998,"{""MAE"": 2512.7453333333337, ""MSE"": 9432353.138355557, ""RMSE"": 3071.213626297519, ""MAPE"": 31.42369973624948, ""R2"": -1.7490350869120368}","{""MAE"": 2184.22407075, ""MSE"": 6548383.810317134, ""RMSE"": 2558.9810101517232, ""MAPE"": 43.429934554737635, ""R2"": -0.34826196346577953}","{""MAE"": 1531.6206399999983, ""MSE"": 2866020.536236168, ""RMSE"": 1692.9325256005236, ""MAPE"": 36.36994759302983, ""R2"": 0.29235798334168817}","{""MAE"": 3033.699633709122, ""MSE"": 10627190.669025846, ""RMSE"": 3259.9372185712173, ""MAPE"": 66.58948363369441, ""R2"": -1.6239332696191662}","{""MAE"": 816.545072556211, ""MSE"": 1108503.9984475258, ""RMSE"": 1052.8551649906676, ""MAPE"": 21.90778534093499, ""R2"": 0.7263020292362027}","{""MAE"": 685.5900279999988, ""MSE"": 678030.6656997964, ""RMSE"": 823.4261750149775, ""MAPE"": 14.347331600043391, ""R2"": 0.8325891313179186}"
