ref_article,designation,marque,famille,frequency,next_period,avg_forecast,historical_periods,historical_values,avg_sales,max_sales,min_sales,std_sales,trend_pct,data_points,sma_forecast,es_forecast,lr_forecast,arima_forecast,prophet_forecast,xgb_forecast,sma_metrics,es_metrics,lr_metrics,arima_metrics,prophet_metrics,xgb_metrics
HZTT5.14,TEINT HZ TRESOR SA 5.14,H. ZONE,TRESOR,yearly,2026,16977.010612628437,"[""2021"", ""2022"", ""2023"", ""2024"", ""2025""]","[6653.64, 14354.532000000001, 15935.248, 18555.067, 13894.934]",13878.684199999998,18555.067,6653.64,3962.977911427839,108.83206786059961,5,16128.416333333334,13605.982422959998,19483.621100000106,11605.361996054888,25826.70063342231,15211.981189999986,"{""MAE"": 4313.637666666666, ""MSE"": 22320629.345221434, ""RMSE"": 4724.471329706789, ""MAPE"": 25.404729675838716, ""R2"": -3.111211351057314}","{""MAE"": 5690.421694000001, ""MSE"": 41124356.62307002, ""RMSE"": 6412.827506106025, ""MAPE"": 35.51465617466336, ""R2"": -11.392089299536291}","{""MAE"": 2883.517759999996, ""MSE"": 8724012.22580255, ""RMSE"": 2953.6438894698445, ""MAPE"": 24.714740677545205, ""R2"": 0.4445141991464593}","{""MAE"": 4244.724930712209, ""MSE"": 21767391.00292676, ""RMSE"": 4665.5536652070305, ""MAPE"": 39.68844869941769, ""R2"": -0.3859995046763698}","{""MAE"": 938.6541180548154, ""MSE"": 1613119.7342712183, ""RMSE"": 1270.08650660938, ""MAPE"": 8.744114689211981, ""R2"": 0.8972874998026649}","{""MAE"": 1380.4607480000036, ""MSE"": 2434303.5261226664, ""RMSE"": 1560.2254728476478, ""MAPE"": 13.1113882896185, ""R2"": 0.845000097577872}"
