ref_article,designation,marque,famille,frequency,next_period,avg_forecast,historical_periods,historical_values,avg_sales,max_sales,min_sales,std_sales,trend_pct,data_points,sma_forecast,es_forecast,lr_forecast,arima_forecast,prophet_forecast,xgb_forecast,sma_metrics,es_metrics,lr_metrics,arima_metrics,prophet_metrics,xgb_metrics
HZTT7.0,TEINT HZ TRESOR SA 7.0,H. ZONE,TRESOR,yearly,2026,75844.85509566689,"[""2021"", ""2022"", ""2023"", ""2024"", ""2025""]","[22278.829, 56714.561, 63920.769, 77052.741, 65328.09]",57058.998,77052.741,22278.829,18574.123588619103,193.22946013006336,5,68767.2,59051.07857595998,88990.00860000029,59447.41530053463,110824.9583975065,67988.46969999999,"{""MAE"": 14991.310833333333, ""MSE"": 432773209.3935388, ""RMSE"": 20803.20190243653, ""MAPE"": 19.522050891737884, ""R2"": -11.59274795600497}","{""MAE"": 28401.751519, ""MSE"": 889701102.377152, ""RMSE"": 29827.857824140705, ""MAPE"": 43.69980175969865, ""R2"": -15.714661040333777}","{""MAE"": 10604.430800000066, ""MSE"": 118422636.43255524, ""RMSE"": 10882.216522039766, ""MAPE"": 24.304032096296723, ""R2"": 0.656744058211559}","{""MAE"": 16693.154744045452, ""MSE"": 313218323.5425532, ""RMSE"": 17697.975125492554, ""MAPE"": 39.4396891546725, ""R2"": 0.0921157147668491}","{""MAE"": 3971.089470988643, ""MSE"": 30618925.49144932, ""RMSE"": 5533.437041428168, ""MAPE"": 10.309476903333232, ""R2"": 0.9112489940881925}","{""MAE"": 5448.278931999949, ""MSE"": 42503081.1473297, ""RMSE"": 6519.438714132506, ""MAPE"": 14.7945392448387, ""R2"": 0.876801973105486}"
