ref_article,designation,marque,famille,frequency,next_period,avg_forecast,historical_periods,historical_values,avg_sales,max_sales,min_sales,std_sales,trend_pct,data_points,sma_forecast,es_forecast,lr_forecast,arima_forecast,prophet_forecast,xgb_forecast,sma_metrics,es_metrics,lr_metrics,arima_metrics,prophet_metrics,xgb_metrics
HZTT7.13,TEINT HZ TRESOR SA 7.13,H. ZONE,TRESOR,yearly,2026,20072.719625539157,"[""2021"", ""2022"", ""2023"", ""2024"", ""2025""]","[8929.732, 18343.931, 21501.298, 18729.264, 17492.787]",16999.4024,21501.298,8929.732,4252.7697100319265,95.89375134662497,5,19241.116333333335,16709.140149369996,22252.83529999992,16760.402416290613,27373.298654241076,18099.524899999997,"{""MAE"": 2251.493833333335, ""MSE"": 5117382.710888062, ""RMSE"": 2262.163281217353, ""MAPE"": 12.404712276480156, ""R2"": -12.388619651241477}","{""MAE"": 6202.966249250002, ""MSE"": 50651517.410933435, ""RMSE"": 7116.98794511649, ""MAPE"": 31.856567936873137, ""R2"": -21.43506860685005}","{""MAE"": 3039.0274000000218, ""MSE"": 11953037.487720344, ""RMSE"": 3457.3165154090743, ""MAPE"": 21.255201333041388, ""R2"": 0.33910182979689385}","{""MAE"": 4158.120742506917, ""MSE"": 25323216.382630285, ""RMSE"": 5032.217839345817, ""MAPE"": 32.46177866078057, ""R2"": -0.4001518348897559}","{""MAE"": 2375.4464138639614, ""MSE"": 7048874.208385368, ""RMSE"": 2654.97160218059, ""MAPE"": 15.85675412813842, ""R2"": 0.6102590600004691}","{""MAE"": 1476.407099999993, ""MSE"": 3068189.1952871783, ""RMSE"": 1751.62473015403, ""MAPE"": 11.269705770402867, ""R2"": 0.8303560390331406}"
