ref_article,designation,marque,famille,frequency,next_period,avg_forecast,historical_periods,historical_values,avg_sales,max_sales,min_sales,std_sales,trend_pct,data_points,sma_forecast,es_forecast,lr_forecast,arima_forecast,prophet_forecast,xgb_forecast,sma_metrics,es_metrics,lr_metrics,arima_metrics,prophet_metrics,xgb_metrics
HZTT6.0,TEINT HZ TRESOR SA 6.0,H. ZONE,TRESOR,yearly,2026,58638.671324016344,"[""2021"", ""2022"", ""2023"", ""2024"", ""2025""]","[16739.113, 41433.536, 50179.908, 61779.996, 49332.937]",43893.098000000005,61779.996,16739.113,15049.553448501345,194.71655397750166,5,53764.280333333336,45202.77013518999,69553.33040000126,42696.9025898022,88268.74278577132,52346.00169999994,"{""MAE"": 13730.343333333334, ""MSE"": 330898141.8904112, ""RMSE"": 18190.605869250514, ""MAPE"": 22.59176906640318, ""R2"": -7.543204917677857}","{""MAE"": 22244.654684750007, ""MSE"": 561987703.5370991, ""RMSE"": 23706.279833350047, ""MAPE"": 44.209183478913275, ""R2"": -9.66533672474339}","{""MAE"": 8685.658399999767, ""MSE"": 80167386.37218794, ""RMSE"": 8953.6242032033, ""MAPE"": 25.203048999997446, ""R2"": 0.6460430065523114}","{""MAE"": 12510.964700659006, ""MSE"": 189101338.14680153, ""RMSE"": 13751.41222372457, ""MAPE"": 39.20060551235512, ""R2"": 0.16507517412844652}","{""MAE"": 2288.2186164515247, ""MSE"": 10077420.339159023, ""RMSE"": 3174.4952888859393, ""MAPE"": 7.924146843517612, ""R2"": 0.9555059287027625}","{""MAE"": 4477.6601980000105, ""MSE"": 25028335.043995712, ""RMSE"": 5002.832701979521, ""MAPE"": 15.374113774266055, ""R2"": 0.8894942865912423}"
