ref_article,designation,marque,famille,frequency,next_period,avg_forecast,historical_periods,historical_values,avg_sales,max_sales,min_sales,std_sales,trend_pct,data_points,sma_forecast,es_forecast,lr_forecast,arima_forecast,prophet_forecast,xgb_forecast,sma_metrics,es_metrics,lr_metrics,arima_metrics,prophet_metrics,xgb_metrics
HZTT9.00,TEINT HZ TRESOR SA 9.00,H. ZONE,TRESOR,yearly,2026,9181.929934029647,"[""2021"", ""2022"", ""2023"", ""2024"", ""2025""]","[6102.005, 11393.412, 10480.915, 8755.292, 8289.437]",9004.2122,11393.412,6102.005,1837.6396996192047,35.84775823684182,5,9175.214666666667,8439.358394209998,9525.235400000005,8085.121024534936,11245.266408766278,8621.38371000001,"{""MAE"": 1245.2940000000008, ""MSE"": 2006573.8666000005, ""RMSE"": 1416.5358684480957, ""MAPE"": 14.839675658661514, ""R2"": -35.983977894161335}","{""MAE"": 2154.31886475, ""MSE"": 8984295.130883144, ""RMSE"": 2997.381378951158, ""MAPE"": 19.844151461918138, ""R2"": -4.653975998816584}","{""MAE"": 1615.830799999986, ""MSE"": 3316594.071185806, ""RMSE"": 1821.151852862854, ""MAPE"": 19.218534924198995, ""R2"": 0.01786408928971084}","{""MAE"": 2780.871964566747, ""MSE"": 11649653.576428385, ""RMSE"": 3413.158885318465, ""MAPE"": 35.0827047268449, ""R2"": -2.4497870041280305}","{""MAE"": 1377.3750980106197, ""MSE"": 2655511.328293995, ""RMSE"": 1629.5739714090905, ""MAPE"": 16.02947132310979, ""R2"": 0.21362910840547067}","{""MAE"": 762.7414360000063, ""MSE"": 914400.4787861861, ""RMSE"": 956.2428973781641, ""MAPE"": 9.387031201530524, ""R2"": 0.7292205414015278}"
