ref_article,designation,marque,famille,frequency,next_period,avg_forecast,historical_periods,historical_values,avg_sales,max_sales,min_sales,std_sales,trend_pct,data_points,sma_forecast,es_forecast,lr_forecast,arima_forecast,prophet_forecast,xgb_forecast,sma_metrics,es_metrics,lr_metrics,arima_metrics,prophet_metrics,xgb_metrics
HZTT10.00,TEINT HZ TRESOR SA 10.00,H. ZONE,TRESOR,yearly,2026,4511.546931836773,"[""2021"", ""2022"", ""2023"", ""2024"", ""2025""]","[5165.852, 7853.862, 6003.816, 4897.7519999999995, 4092.371]",5602.7306,7853.862,4092.371,1280.430079080244,-20.78032820142737,5,4997.979666666666,4858.809845899999,4071.8090000000084,3838.3549022551515,4799.580956198817,4502.747219999996,"{""MAE"": 1801.4318333333335, ""MSE"": 3373325.78153139, ""RMSE"": 1836.6615860118025, ""MAPE"": 41.119298420282966, ""R2"": -19.80249935617283}","{""MAE"": 1341.9258025000001, ""MSE"": 2711996.74710418, ""RMSE"": 1646.8141203864448, ""MAPE"": 23.77610317083433, ""R2"": -0.36299611518570063}","{""MAE"": 856.7638399999863, ""MSE"": 1118674.3106697733, ""RMSE"": 1057.6740096408596, ""MAPE"": 14.60033604577688, ""R2"": 0.3176739856866768}","{""MAE"": 2062.1211158990254, ""MSE"": 7320072.137367062, ""RMSE"": 2705.563183029933, ""MAPE"": 37.08993060826466, ""R2"": -3.46481661224996}","{""MAE"": 740.7999145971804, ""MSE"": 964589.1882064408, ""RMSE"": 982.1350152634009, ""MAPE"": 12.132877964714444, ""R2"": 0.4116569139372046}","{""MAE"": 511.22741999999835, ""MSE"": 301863.0191950621, ""RMSE"": 549.4206213777038, ""MAPE"": 9.0524644464098, ""R2"": 0.8158811829399791}"
