ref_article,designation,marque,famille,frequency,next_period,avg_forecast,historical_periods,historical_values,avg_sales,max_sales,min_sales,std_sales,trend_pct,data_points,sma_forecast,es_forecast,lr_forecast,arima_forecast,prophet_forecast,xgb_forecast,sma_metrics,es_metrics,lr_metrics,arima_metrics,prophet_metrics,xgb_metrics
HZTT8.3,TEINT HZ TRESOR SA 8.3,H. ZONE,TRESOR,yearly,2026,5881.707967673264,"[""2021"", ""2022"", ""2023"", ""2024"", ""2025""]","[5470.879, 9653.397, 6178.532, 6534.678, 5353.108]",6638.118799999999,9653.397,5353.108,1570.1926095899703,-2.1526888092388763,5,6022.106,5941.278508239999,5631.840500000049,5260.566185387071,6642.170652412458,5792.285960000005,"{""MAE"": 1334.3428333333336, ""MSE"": 2370425.1080647223, ""RMSE"": 1539.618494324072, ""MAPE"": 23.970164024150932, ""R2"": -5.791525231643253}","{""MAE"": 1489.1985139999997, ""MSE"": 4808583.184251131, ""RMSE"": 2192.848189969185, ""MAPE"": 18.753923352862913, ""R2"": -0.8103816016800238}","{""MAE"": 1164.7349600000111, ""MSE"": 2240483.494088559, ""RMSE"": 1496.8244700326618, ""MAPE"": 16.763981489202195, ""R2"": 0.09126785487249689}","{""MAE"": 2982.740518959804, ""MSE"": 12141308.234124046, ""RMSE"": 3484.438008362905, ""MAPE"": 46.6285712221908, ""R2"": -3.9244714836598815}","{""MAE"": 1066.566659702938, ""MSE"": 2022982.8726917293, ""RMSE"": 1422.3160241984654, ""MAPE"": 14.739864024818491, ""R2"": 0.17948533416658596}","{""MAE"": 751.5917020000018, ""MSE"": 743109.0914649207, ""RMSE"": 862.0377552433076, ""MAPE"": 11.222888840637442, ""R2"": 0.69859759264802}"
