ref_article,designation,marque,famille,frequency,next_period,avg_forecast,historical_periods,historical_values,avg_sales,max_sales,min_sales,std_sales,trend_pct,data_points,sma_forecast,es_forecast,arima_forecast,xgb_forecast,sma_metrics,es_metrics,arima_metrics,xgb_metrics
HZTT5.1,TEINT HZ TRESOR SA 5.1,H. ZONE,TRESOR,yearly,2026,8271.03048758742,"['2021', '2022', '2023', '2024', '2025']","[8897.31, 18093.709, 15239.352, 11764.525, 6419.45]",12082.8692,18093.709,6419.45,4205.164116875031,-27.849541041056224,5,11141.108999999999,9370.094746769999,3966.3211335796923,8606.597069999994,"{""MAE"": 5462.6720000000005, ""MSE"": 39765847.54496179, ""RMSE"": 6306.016773285794, ""MAPE"": 76.9130779079412, ""R2"": -4.567530791852975}","{""MAE"": 4941.971665749999, ""MSE"": 33652018.791955575, ""RMSE"": 5801.036010227447, ""MAPE"": 44.08993470016153, ""R2"": -0.7774197987595499}","{""MAE"": 5437.928079334627, ""MSE"": 35216521.22477721, ""RMSE"": 5934.350952275843, ""MAPE"": 50.51044083096639, ""R2"": -0.9915011123250281}","{""MAE"": 1663.590115999995, ""MSE"": 3635642.835029538, ""RMSE"": 1906.736173420313, ""MAPE"": 16.82553113460245, ""R2"": 0.7944036918421192}"
