ref_article,designation,marque,famille,frequency,next_period,avg_forecast,historical_periods,historical_values,avg_sales,max_sales,min_sales,std_sales,trend_pct,data_points,sma_forecast,es_forecast,arima_forecast,xgb_forecast,sma_metrics,es_metrics,arima_metrics,xgb_metrics
HZTT7.34,TEINT HZ TRESOR SA 7.34,H. ZONE,TRESOR,yearly,2026,3666.217012366691,"['2021', '2022', '2023', '2024', '2025']","[3480.538, 5582.287, 3751.3, 2902.557, 3762.121]",3895.7606,5582.287,2902.557,899.1065458710888,8.090214788633254,5,3471.9926666666665,3718.4325132699996,3891.5670195300986,3582.875849999998,"{""MAE"": 842.7058333333334, ""MSE"": 986947.1334487225, ""RMSE"": 993.4521294197937, ""MAPE"": 27.787168359559704, ""R2"": -4.343150965190748}","{""MAE"": 912.8121917500002, ""MSE"": 1441499.271819259, ""RMSE"": 1200.6245340735209, ""MAPE"": 21.882026924850887, ""R2"": -0.5068787298378847}","{""MAE"": 1784.2965500620132, ""MSE"": 4206529.808372441, ""RMSE"": 2050.982644580992, ""MAPE"": 46.85584300051396, ""R2"": -4.203573001700031}","{""MAE"": 415.31494799999837, ""MSE"": 199739.94558881095, ""RMSE"": 446.92275125440966, ""MAPE"": 10.604806896323538, ""R2"": 0.7529171465376798}"
