ref_article,designation,marque,famille,frequency,next_period,avg_forecast,historical_periods,historical_values,avg_sales,max_sales,min_sales,std_sales,trend_pct,data_points,sma_forecast,es_forecast,lr_forecast,arima_forecast,prophet_forecast,xgb_forecast,sma_metrics,es_metrics,lr_metrics,arima_metrics,prophet_metrics,xgb_metrics
HZTT8.4,TEINT HZ TRESOR SA 8.4,H. ZONE,TRESOR,yearly,2026,6361.943626959338,"[""2021"", ""2022"", ""2023"", ""2024"", ""2025""]","[3755.755, 7503.772, 6975.298, 7350.677, 4941.408]",6105.382,7503.772,3755.755,1492.5542260156576,31.568965494288104,5,6422.460999999999,5490.152203209999,6770.845299999986,4045.8723849016146,9704.986043644421,5737.344830000003,"{""MAE"": 1803.7881666666658, ""MSE"": 3536023.0083313854, ""RMSE"": 1880.4316016094244, ""MAPE"": 32.28363182398548, ""R2"": -1.4367136062904402}","{""MAE"": 2201.25413975, ""MSE"": 5771063.261837699, ""RMSE"": 2402.30374054525, ""MAPE"": 31.92671474572481, ""R2"": -4.4474097824215315}","{""MAE"": 1405.4404000000031, ""MSE"": 2129308.9167867796, ""RMSE"": 1459.2151715174768, ""MAPE"": 26.25376276161206, ""R2"": 0.044174889108754556}","{""MAE"": 2275.0870635153424, ""MSE"": 6252977.324502581, ""RMSE"": 2500.5953940017125, ""MAPE"": 44.251422737097826, ""R2"": -1.806897908271715}","{""MAE"": 656.2591285857831, ""MSE"": 805548.2729158248, ""RMSE"": 897.5234107898383, ""MAPE"": 11.665236105835904, ""R2"": 0.6383975752799984}","{""MAE"": 660.6038739999991, ""MSE"": 573378.7317076301, ""RMSE"": 757.2177571264623, ""MAPE"": 12.7542530885094, ""R2"": 0.7426161204245749}"
