ref_article,designation,marque,famille,frequency,next_period,avg_forecast,historical_periods,historical_values,avg_sales,max_sales,min_sales,std_sales,trend_pct,data_points,sma_forecast,es_forecast,arima_forecast,xgb_forecast,sma_metrics,es_metrics,arima_metrics,xgb_metrics
HZTT8.1,TEINT HZ TRESOR SA 8.1,H. ZONE,TRESOR,yearly,2026,32906.40477685107,"['2021', '2022', '2023', '2024', '2025']","[22299.403000000002, 47896.863, 41682.359000000004, 42751.574, 30079.941]",36942.028,47896.863,22299.403000000002,9356.545061924257,34.89123901657814,5,38171.291333333334,33112.23773319999,25925.733090870915,34416.35695000005,"{""MAE"": 9744.511666666669, ""MSE"": 113323697.83556329, ""RMSE"": 10645.36039012129, ""MAPE"": 29.705936695531744, ""R2"": -1.8230304088218703}","{""MAE"": 13187.83907, ""MSE"": 229071011.65914094, ""RMSE"": 15135.092059817176, ""MAPE"": 30.939635709322122, ""R2"": -4.398906646459199}","{""MAE"": 14271.381039026071, ""MSE"": 245109759.46820068, ""RMSE"": 15655.981587501969, ""MAPE"": 44.77086361639498, ""R2"": -1.7998165522653933}","{""MAE"": 4246.462152000014, ""MSE"": 24395301.0650178, ""RMSE"": 4939.159955399075, ""MAPE"": 13.454241716987205, ""R2"": 0.7213396648606494}"
