ref_article,designation,marque,famille,frequency,next_period,avg_forecast,historical_periods,historical_values,avg_sales,max_sales,min_sales,std_sales,trend_pct,data_points,sma_forecast,es_forecast,lr_forecast,arima_forecast,prophet_forecast,xgb_forecast,sma_metrics,es_metrics,lr_metrics,arima_metrics,prophet_metrics,xgb_metrics
HZTT11.7,TEINT HZ TRESOR SA 11.7,H. ZONE,TRESOR,yearly,2026,986.257993495111,"[""2021"", ""2022"", ""2023"", ""2024"", ""2025""]","[2995.447, 4210.427000000001, 1384.98, 1218.925, 1262.1490000000001]",2214.3856,4210.427000000001,1218.925,1198.3195048840023,-57.86441889975018,5,1288.6846666666668,1772.1142410999996,276.9561999998987,1260.8861232040997,0.0,1318.9067300000015,"{""MAE"": 1326.9940000000004, ""MSE"": 1861845.730637001, ""RMSE"": 1364.4946795927792, ""MAPE"": 107.44809267604154, ""R2"": -3985.151268462007}","{""MAE"": 1444.8035224999999, ""MSE"": 2214434.089098635, ""RMSE"": 1488.0974729830823, ""MAPE"": 95.23840543292117, ""R2"": -0.3802951470220417}","{""MAE"": 675.8458399999565, ""MSE"": 601829.0402333594, ""RMSE"": 775.7764112380315, ""MAPE"": 32.914690422822986, ""R2"": 0.58089013497547}","{""MAE"": 1469.7693785142753, ""MSE"": 3689835.3989297925, ""RMSE"": 1920.8944268048133, ""MAPE"": 71.03919300514863, ""R2"": -1.569577592016103}","{""MAE"": 538.27605998751, ""MSE"": 541304.7305698323, ""RMSE"": 735.7341439472768, ""MAPE"": 20.617497196498828, ""R2"": 0.6230388741655031}","{""MAE"": 305.2393779999999, ""MSE"": 157233.477327106, ""RMSE"": 396.52676747869873, ""MAPE"": 16.147470910210526, ""R2"": 0.8905036197084327}"
