ref_article,designation,marque,famille,frequency,next_period,avg_forecast,historical_periods,historical_values,avg_sales,max_sales,min_sales,std_sales,trend_pct,data_points,sma_forecast,es_forecast,lr_forecast,arima_forecast,prophet_forecast,xgb_forecast,sma_metrics,es_metrics,lr_metrics,arima_metrics,prophet_metrics,xgb_metrics
HZTT10.13E,TEINT HZ TRESOR SA 10.13 EXTRA,H. ZONE,TRESOR,yearly,2026,847.3913034641195,"[""2021"", ""2022"", ""2023"", ""2024"", ""2025""]","[4271.554, 3955.387, 1576.821, 1092.081, 965.345]",2372.2376,4271.554,965.345,1439.7638755048135,-77.40061345355811,5,1211.4156666666668,1817.9433442899995,0.0,955.3556498280491,0.0,1099.6331600000008,"{""MAE"": 1709.2955000000002, ""MSE"": 3139354.5657709446, ""RMSE"": 1771.822385503396, ""MAPE"": 163.98721735664205, ""R2"": -780.8084644150837}","{""MAE"": 1740.1761377499995, ""MSE"": 3799597.385484075, ""RMSE"": 1949.2555977819006, ""MAPE"": 141.03858236493616, ""R2"": -1.5956430208565968}","{""MAE"": 451.2003200000462, ""MSE"": 277133.1107251656, ""RMSE"": 526.434336575005, ""MAPE"": 29.528558169142862, ""R2"": 0.866307861169507}","{""MAE"": 1508.4184751192622, ""MSE"": 4832818.6592814205, ""RMSE"": 2198.367271245053, ""MAPE"": 59.816589174397606, ""R2"": -1.3314062381380323}","{""MAE"": 319.0520590847885, ""MSE"": 157727.25155054848, ""RMSE"": 397.1489034991139, ""MAPE"": 14.495267748204258, ""R2"": 0.9239105946002966}","{""MAE"": 244.06731000000073, ""MSE"": 87909.43357857325, ""RMSE"": 296.49525051604667, ""MAPE"": 14.747580074922206, ""R2"": 0.9575914975740595}"
