ref_article,designation,marque,famille,frequency,next_period,avg_forecast,historical_periods,historical_values,avg_sales,max_sales,min_sales,std_sales,trend_pct,data_points,sma_forecast,es_forecast,lr_forecast,arima_forecast,prophet_forecast,xgb_forecast,sma_metrics,es_metrics,lr_metrics,arima_metrics,prophet_metrics,xgb_metrics
HZTT6.00,TEINT HZ TRESOR SA 6.00,H. ZONE,TRESOR,yearly,2026,29107.31328243016,"[""2021"", ""2022"", ""2023"", ""2024"", ""2025""]","[7320.598, 18434.564000000002, 22589.266, 30072.310999999998, 25097.014]",20702.7506,30072.310999999998,7320.598,7679.633219553798,242.82737557778748,5,25919.530333333332,22102.756879179997,34859.92430000007,22685.876886792237,43043.74440527534,26032.046889999987,"{""MAE"": 7677.900999999999, ""MSE"": 98383548.29860143, ""RMSE"": 9918.848133659545, ""MAPE"": 25.992356684065427, ""R2"": -14.898071689320986}","{""MAE"": 11249.088189500002, ""MSE"": 138527319.73990834, ""RMSE"": 11769.762943233323, ""MAPE"": 47.5333367375839, ""R2"": -6.800914665734139}","{""MAE"": 3595.155679999459, ""MSE"": 14437751.459765662, ""RMSE"": 3799.7041279243917, ""MAPE"": 22.21681229936488, ""R2"": 0.7551959467384617}","{""MAE"": 6050.890662551233, ""MSE"": 43449671.719119005, ""RMSE"": 6591.636497799238, ""MAPE"": 39.86182561224454, ""R2"": 0.26327477104968766}","{""MAE"": 911.9329758591736, ""MSE"": 1493490.7001465703, ""RMSE"": 1222.0845716015608, ""MAPE"": 6.758149700764052, ""R2"": 0.974676626209894}","{""MAE"": 2027.789387999992, ""MSE"": 5405264.839038045, ""RMSE"": 2324.9225447395115, ""MAPE"": 15.457152295188633, ""R2"": 0.9083492505577412}"
