ref_article,designation,marque,famille,frequency,next_period,avg_forecast,historical_periods,historical_values,avg_sales,max_sales,min_sales,std_sales,trend_pct,data_points,sma_forecast,es_forecast,lr_forecast,arima_forecast,prophet_forecast,xgb_forecast,sma_metrics,es_metrics,lr_metrics,arima_metrics,prophet_metrics,xgb_metrics
HZTT10.3,TEINT HZ TRESOR SA 10.3,H. ZONE,TRESOR,yearly,2026,2381.7431296145182,"[""2021"", ""2022"", ""2023"", ""2024"", ""2025""]","[4612.41, 6030.334, 2620.541, 3281.052, 2397.127]",3788.2928,6030.334,2397.127,1361.0435467324914,-48.028752864554534,5,2766.2400000000002,3184.07578962,1634.338399999775,2492.3554538037542,1507.0377642635808,2706.4113700000003,"{""MAE"": 1360.1125, ""MSE"": 1898336.5974865, ""RMSE"": 1377.8013635813038, ""MAPE"": 50.333046251122646, ""R2"": -8.718570230046916}","{""MAE"": 1618.1873694999995, ""MSE"": 2874250.019137701, ""RMSE"": 1695.3613240656698, ""MAPE"": 53.548255763784226, ""R2"": -0.36653717551899523}","{""MAE"": 711.8416800000869, ""MSE"": 821435.1900401036, ""RMSE"": 906.330618505247, ""MAPE"": 18.2784242118188, ""R2"": 0.5565657210229169}","{""MAE"": 2152.699595348481, ""MSE"": 7165305.564101723, ""RMSE"": 2676.8088396637, ""MAPE"": 59.356328866239636, ""R2"": -2.868037484871822}","{""MAE"": 708.2711671913584, ""MSE"": 819424.1082755473, ""RMSE"": 905.2204749537801, ""MAPE"": 17.99532186471937, ""R2"": 0.5576513606485901}","{""MAE"": 435.0575620000007, ""MSE"": 266280.7830363048, ""RMSE"": 516.0240140112714, ""MAPE"": 13.350988170635617, ""R2"": 0.8562539948825516}"
