ref_article,designation,marque,famille,frequency,next_period,avg_forecast,historical_periods,historical_values,avg_sales,max_sales,min_sales,std_sales,trend_pct,data_points,sma_forecast,es_forecast,lr_forecast,arima_forecast,prophet_forecast,xgb_forecast,sma_metrics,es_metrics,lr_metrics,arima_metrics,prophet_metrics,xgb_metrics
HZTT4.2,TEINT HZ TRESOR SA 4.2,H. ZONE,TRESOR,yearly,2026,3922.8177075513863,"[""2021"", ""2022"", ""2023"", ""2024"", ""2025""]","[5742.281, 7615.99, 4410.472, 5399.155, 3273.202]",5288.22,7615.99,3273.202,1446.9091354106517,-42.99822666288884,5,4360.943,4430.53130117,3141.72210000013,3409.2328073870044,4223.322126751183,3971.1549099999993,"{""MAE"": 1529.548166666667, ""MSE"": 3351128.771411388, ""RMSE"": 1830.6088526529604, ""MAPE"": 43.57907991687298, ""R2"": -1.9658131725431698}","{""MAE"": 1616.6473557499996, ""MSE"": 3197472.7437342256, ""RMSE"": 1788.1478528729735, ""MAPE"": 36.486310288686106, ""R2"": -0.25268079757980133}","{""MAE"": 975.4820000000409, ""MSE"": 1069667.5495338743, ""RMSE"": 1034.2473347966018, ""MAPE"": 18.246648500557686, ""R2"": 0.489064235530552}","{""MAE"": 2770.2673085599795, ""MSE"": 10420721.015931586, ""RMSE"": 3228.1141578221154, ""MAPE"": 55.21571324091321, ""R2"": -3.977545650438784}","{""MAE"": 741.6546193091292, ""MSE"": 896483.688903424, ""RMSE"": 946.8282256583947, ""MAPE"": 12.834407721865219, ""R2"": 0.5717869733228209}","{""MAE"": 596.3754579999998, ""MSE"": 398417.15037856216, ""RMSE"": 631.2029391396734, ""MAPE"": 12.618519111750679, ""R2"": 0.8096926737703534}"
