ref_article,designation,marque,famille,frequency,next_period,avg_forecast,historical_periods,historical_values,avg_sales,max_sales,min_sales,std_sales,trend_pct,data_points,sma_forecast,es_forecast,arima_forecast,xgb_forecast,sma_metrics,es_metrics,arima_metrics,xgb_metrics
HZTT7.00,TEINT HZ TRESOR SA 7.00,H. ZONE,TRESOR,yearly,2026,41442.21437618213,"['2021', '2022', '2023', '2024', '2025']","[9053.786, 28483.513, 38154.459, 44651.748999999996, 44005.686]",32869.8386,44651.748999999996,9053.786,13245.315673678699,386.04733975377815,5,42270.63133333333,36506.138048509994,43544.91572288514,43447.17240000003,"{""MAE"": 13165.137666666664, ""MSE"": 212458702.7535938, ""RMSE"": 14575.963184420913, ""MAPE"": 29.59762051965581, ""R2"": -2035.0328336436842}","{""MAE"": 20198.55005775, ""MSE"": 418152251.9068408, ""RMSE"": 20448.771403359195, ""MAPE"": 53.75535205694406, ""R2"": -8.944966808205958}","{""MAE"": 6390.254767818787, ""MSE"": 59469622.934732735, ""RMSE"": 7711.655006205396, ""MAPE"": 33.92326212871101, ""R2"": 0.6610227450700438}","{""MAE"": 3054.4269620000214, ""MSE"": 13532268.685146699, ""RMSE"": 3678.6232051063207, ""MAPE"": 19.31953321663493, ""R2"": 0.9228659765188025}"
