ref_article,designation,marque,famille,frequency,next_period,avg_forecast,historical_periods,historical_values,avg_sales,max_sales,min_sales,std_sales,trend_pct,data_points,sma_forecast,es_forecast,lr_forecast,arima_forecast,prophet_forecast,xgb_forecast,sma_metrics,es_metrics,lr_metrics,arima_metrics,prophet_metrics,xgb_metrics
HZTT11.1,TEINT HZ TRESOR SA 11.1,H. ZONE,TRESOR,yearly,2026,2682.0145099158676,"[""2021"", ""2022"", ""2023"", ""2024"", ""2025""]","[5959.078, 9847.816, 4866.842, 2942.6259999999997, 2937.021]",5310.676600000001,9847.816,2937.021,2547.3496820924765,-50.713499638702494,5,3582.163,4142.1251997399995,1425.8854000000283,2936.159544274025,794.0282954811528,3211.72562,"{""MAE"": 3448.679833333333, ""MSE"": 12143332.096500278, ""RMSE"": 3484.7284107230334, ""MAPE"": 117.29297287183287, ""R2"": -1546131.2171092199}","{""MAE"": 3028.1019765, ""MSE"": 9640323.217381712, ""RMSE"": 3104.886989470263, ""MAPE"": 72.19119007820005, ""R2"": -0.2080824464599773}","{""MAE"": 1383.3656799999596, ""MSE"": 3135300.9211680787, ""RMSE"": 1770.6780964274897, ""MAPE"": 23.690408249010666, ""R2"": 0.5168276224005773}","{""MAE"": 3210.2211245214535, ""MSE"": 15490049.160756975, ""RMSE"": 3935.7399762632917, ""MAPE"": 58.99978111678116, ""R2"": -1.3871277655053715}","{""MAE"": 1289.2843362834697, ""MSE"": 3065573.9718189524, ""RMSE"": 1750.8780573811964, ""MAPE"": 20.5351152162892, ""R2"": 0.5275730458054926}","{""MAE"": 832.4020919999984, ""MSE"": 838937.3026482541, ""RMSE"": 915.9352065775472, ""MAPE"": 16.121024334071972, ""R2"": 0.8707137396475529}"
