ref_article,designation,marque,famille,frequency,next_period,avg_forecast,historical_periods,historical_values,avg_sales,max_sales,min_sales,std_sales,trend_pct,data_points,sma_forecast,es_forecast,lr_forecast,arima_forecast,prophet_forecast,xgb_forecast,sma_metrics,es_metrics,lr_metrics,arima_metrics,prophet_metrics,xgb_metrics
IATCRM500,IALO THERAPY COLOR RESIST MASQUE 500 ML,H. ZONE,IALO,yearly,2026,1543.0060297388893,"[""2022"", ""2023"", ""2024"", ""2025""]","[10468.077, 10121.966, 1980.008, 150.585]",5680.159,10468.077,150.585,4661.57468684805,-98.56148364212454,4,4084.186333333333,3922.7951150999993,0.0,0.0,0.0,1251.0547300000026,"{""MAE"": 7372.765333333333, ""MSE"": 54357668.66040177, ""RMSE"": 7372.765333333333, ""MAPE"": 4896.0821684320035, ""R2"": NaN}","{""MAE"": 5476.244896666666, ""MSE"": 43226792.91401724, ""RMSE"": 6574.708580159066, ""MAPE"": 1846.3948503655217, ""R2"": -1.3011102639361583}","{""MAE"": 1410.8382000001113, ""MSE"": 2625593.9388080505, ""RMSE"": 1620.3684577305405, ""MAPE"": 86.29980334294034, ""R2"": 0.8791734799243331}","{""MAE"": 5231.135585164064, ""MSE"": 44537525.634106435, ""RMSE"": 6673.644104543367, ""MAPE"": 321.5622565891237, ""R2"": -1.049560731996837}","{""MAE"": 1295.758820301448, ""MSE"": 2512955.213231157, ""RMSE"": 1585.2303344407578, ""MAPE"": 26.765247077288123, ""R2"": 0.8843569719472438}","{""MAE"": 1138.3877999999918, ""MSE"": 1644401.0944266086, ""RMSE"": 1282.342034882507, ""MAPE"": 212.5622826479543, ""R2"": 0.9243267365484612}"
