ref_article,designation,marque,famille,frequency,next_period,avg_forecast,historical_periods,historical_values,avg_sales,max_sales,min_sales,std_sales,trend_pct,data_points,sma_forecast,es_forecast,lr_forecast,arima_forecast,prophet_forecast,xgb_forecast,sma_metrics,es_metrics,lr_metrics,arima_metrics,prophet_metrics,xgb_metrics
IATMRM800,IALO THERAPY MAX REPAIR MASQUE 800 ML,H. ZONE,IALO,yearly,2026,484.0053663944445,"[""2022"", ""2023"", ""2024"", ""2025""]","[7799.410000000001, 1809.083, 568.5, -181.908]",2498.7712500000002,7799.410000000001,-181.908,3141.8318454425103,-102.3323302660073,4,731.8916666666668,2049.5894017,0.0,0.0,0.0,122.55113000000004,"{""MAE"": 3574.239, ""MSE"": 12775184.429121, ""RMSE"": 3574.239, ""MAPE"": 1964.8608087604725, ""R2"": NaN}","{""MAE"": 5326.071743333334, ""MSE"": 28716646.850325633, ""RMSE"": 5358.791547571675, ""MAPE"": 1263.481979398891, ""R2"": -41.60487161263239}","{""MAE"": 1309.9797500000004, ""MSE"": 1942846.0462322743, ""RMSE"": 1393.8601243425662, ""MAPE"": 212.0866371718645, ""R2"": 0.8031785109490112}","{""MAE"": 6707.257660499479, ""MSE"": 68446833.63812776, ""RMSE"": 8273.26015776899, ""MAPE"": 491.79881484084433, ""R2"": -5.934058281976201}","{""MAE"": 789.4198293074297, ""MSE"": 933370.0976013419, ""RMSE"": 966.110810208302, ""MAPE"": 59.02123532188831, ""R2"": 0.9054442358920702}","{""MAE"": 1049.0230850000016, ""MSE"": 1673958.600892796, ""RMSE"": 1293.8155204250704, ""MAPE"": 83.74827856217635, ""R2"": 0.8304183570919749}"
