ref_article,designation,marque,famille,frequency,next_period,avg_forecast,historical_periods,historical_values,avg_sales,max_sales,min_sales,std_sales,trend_pct,data_points,sma_forecast,es_forecast,arima_forecast,prophet_forecast,xgb_forecast,sma_metrics,es_metrics,arima_metrics,prophet_metrics,xgb_metrics
IATPVM800,IALO THERAPY PRO VITALITY MASQUE 800 ML,H. ZONE,IALO,yearly,2026,467.5556664933333,"['2022', '2023', '2024', '2025']","[5979.493, 2039.945, 620.4780000000001, -363.816]",2069.025,5979.493,-363.816,2414.001313582596,-106.08439544958075,4,765.5356666666667,1551.2507157999996,0.0,0.0,20.991950000000077,"{""MAE"": 3243.788, ""MSE"": 10522160.588944, ""RMSE"": 3243.788, ""MAPE"": 891.6012489830024, ""R2"": NaN}","{""MAE"": 4008.332673333333, ""MSE"": 16081143.3119189, ""RMSE"": 4010.1300866579004, ""MAPE"": 646.862301877735, ""R2"": -15.518350673135174}","{""MAE"": 4713.41342152924, ""MSE"": 35170051.79037959, ""RMSE"": 5930.434367765955, ""MAPE"": 277.997579681103, ""R2"": -5.0352880625775995}","{""MAE"": 417.31857300857257, ""MSE"": 260784.45336443506, ""RMSE"": 510.67059183434, ""MAPE"": 28.781663606692092, ""R2"": 0.9552485931019662}","{""MAE"": 770.644535, ""MSE"": 776568.1651406668, ""RMSE"": 881.2310509399148, ""MAPE"": 58.01240681345274, ""R2"": 0.8667385363892672}"
