ref_article,designation,marque,famille,frequency,next_period,avg_forecast,historical_periods,historical_values,avg_sales,max_sales,min_sales,std_sales,trend_pct,data_points,sma_forecast,es_forecast,arima_forecast,xgb_forecast,sma_metrics,es_metrics,arima_metrics,xgb_metrics
IATS100,IALO THERAPY SERUM 100ML,H. ZONE,IALO,yearly,2026,4502.465359860707,"['2022', '2023', '2024', '2025']","[7385.648, 12814.065, 6963.621, 2426.784]",7397.5295,12814.065,2426.784,3682.240669923172,-67.14189465839692,4,7401.490000000001,5353.173500299999,1103.2001291428296,4151.997809999999,"{""MAE"": 6627.660666666667, ""MSE"": 43925885.91248044, ""RMSE"": 6627.660666666667, ""MAPE"": 273.10467955395563, ""R2"": NaN}","{""MAE"": 4483.730856666667, ""MSE"": 23113309.40544076, ""RMSE"": 4807.630331612525, ""MAPE"": 105.96860155544829, ""R2"": -0.2784995007682074}","{""MAE"": 5248.414894679831, ""MSE"": 32251145.338451847, ""RMSE"": 5679.009186332757, ""MAPE"": 87.36700445090912, ""R2"": -1.3785966426029437}","{""MAE"": 1583.760510000005, ""MSE"": 2633035.23147781, ""RMSE"": 1622.6630061346102, ""MAPE"": 30.66055115188451, ""R2"": 0.805807555182193}"
