ref_article,designation,marque,famille,frequency,next_period,avg_forecast,historical_periods,historical_values,avg_sales,max_sales,min_sales,std_sales,trend_pct,data_points,sma_forecast,es_forecast,arima_forecast,xgb_forecast,sma_metrics,es_metrics,arima_metrics,xgb_metrics
IATUBS500,IALO THERAPY UNLIMITED BLOND SHAMPOO 500 ML,H. ZONE,IALO,yearly,2026,2537.744027374335,"['2022', '2023', '2024', '2025']","[8047.865, 12422.424, 2359.047, 167.644]",5749.245,12422.424,167.644,4807.8759362333285,-97.91691336770684,4,4983.038333333334,3642.8381651,17.512351064005173,1507.5872600000005,"{""MAE"": 7442.134666666666, ""MSE"": 55385368.39680177, ""RMSE"": 7442.134666666666, ""MAPE"": 4439.24904360828, ""R2"": NaN}","{""MAE"": 6155.992563333333, ""MSE"": 39484378.81160328, ""RMSE"": 6283.659667073263, ""MAPE"": 1520.84240958422, ""R2"": -0.38674982867772667}","{""MAE"": 5936.664996448453, ""MSE"": 47278755.92612874, ""RMSE"": 6875.954910129119, ""MAPE"": 366.51974679460693, ""R2"": -1.0453118531095433}","{""MAE"": 1643.0550750000007, ""MSE"": 3316566.178354962, ""RMSE"": 1821.1441948277907, ""MAPE"": 233.3142479413389, ""R2"": 0.8565230411982403}"
