ref_article,designation,marque,famille,frequency,next_period,avg_forecast,historical_periods,historical_values,avg_sales,max_sales,min_sales,std_sales,trend_pct,data_points,sma_forecast,es_forecast,arima_forecast,xgb_forecast,sma_metrics,es_metrics,arima_metrics,xgb_metrics
KP0073,CADIVEU ESSENTIALS -BB KIT HOME CARE,CADIVEU,SOINS CAPILLAIRES,yearly,2026,2904.3748840333337,"['2022', '2023', '2024', '2025']","[8387.316, 9283.358, 7251.899, -112.39500000000008]",6202.5445,9283.358,-112.39500000000008,3716.32358939332,-101.34005920368327,4,5474.287333333334,3977.7598128,0.0,2165.452390000003,"{""MAE"": 8419.919333333333, ""MSE"": 70895041.57984044, ""RMSE"": 8419.919333333333, ""MAPE"": 7491.364681109771, ""R2"": NaN}","{""MAE"": 3549.1754400000004, ""MSE"": 24150471.131947484, ""RMSE"": 4914.312885027518, ""MAPE"": 2485.243105739134, ""R2"": -0.48223198147630497}","{""MAE"": 4720.529120025809, ""MSE"": 30876180.05919572, ""RMSE"": 5556.633878455168, ""MAPE"": 1542.961117504133, ""R2"": -1.235612456716121}","{""MAE"": 748.9379549999968, ""MSE"": 1367212.1875124723, ""RMSE"": 1169.2784901435896, ""MAPE"": 508.74247442484784, ""R2"": 0.9010059990738181}"
