ref_article,designation,marque,famille,frequency,next_period,avg_forecast,historical_periods,historical_values,avg_sales,max_sales,min_sales,std_sales,trend_pct,data_points,sma_forecast,es_forecast,lr_forecast,arima_forecast,prophet_forecast,xgb_forecast,sma_metrics,es_metrics,lr_metrics,arima_metrics,prophet_metrics,xgb_metrics
KP0016,BRASIL CACAU - EXTREME REPAIR KIT HOME,CADIVEU,SOINS CAPILLAIRES,yearly,2025,4123.278429362223,"[""2020"", ""2021"", ""2022"", ""2023"", ""2024""]","[24764.398, 61363.216, 20831.825, 6163.6900000000005, -77.86099999999999]",22609.0536,61363.216,-77.86099999999999,21423.5162021025,-100.31440699668937,5,8972.551333333333,11592.092932839998,0.0,0.0,0.0,4175.026310000006,"{""MAE"": 29510.11383333333, ""MSE"": 870847245.1885974, ""RMSE"": 29510.121063604558, ""MAPE"": 19202.995217086504, ""R2"": -88.41634769242461}","{""MAE"": 25108.489198999996, ""MSE"": 689851611.0415841, ""RMSE"": 26265.026385701272, ""MAPE"": 7781.674981000249, ""R2"": -0.20549247441375074}","{""MAE"": 11306.303199998129, ""MSE"": 238953792.7458581, ""RMSE"": 15458.130312099782, ""MAPE"": 484.7199598414729, ""R2"": 0.47936612314981686}","{""MAE"": 24316.35092282034, ""MSE"": 769324764.7391264, ""RMSE"": 27736.704287624485, ""MAPE"": 1612.4172308777602, ""R2"": -0.6762091541647193}","{""MAE"": 6716.983474345347, ""MSE"": 59318679.777655065, ""RMSE"": 7701.8620980679125, ""MAPE"": 1950.2818910855967, ""R2"": 0.8707561245737522}","{""MAE"": 7581.339410000003, ""MSE"": 66996522.610612646, ""RMSE"": 8185.140353751586, ""MAPE"": 1125.7458230346267, ""R2"": 0.8540275971290319}"
