ref_article,designation,marque,famille,frequency,next_period,avg_forecast,historical_periods,historical_values,avg_sales,max_sales,min_sales,std_sales,trend_pct,data_points,sma_forecast,es_forecast,lr_forecast,arima_forecast,prophet_forecast,xgb_forecast,sma_metrics,es_metrics,lr_metrics,arima_metrics,prophet_metrics,xgb_metrics
MASK_RB_SIL_500ML,MASQUE RB SILVER 500ML-6192488204699,RENEE BLANCHE,0%SSP,yearly,2026,13614.749395168265,"[""2021"", ""2022"", ""2023"", ""2024"", ""2025""]","[5824.5560000000005, 16838.598, 22838.896, 18024.174, 6475.211]",14000.287,22838.896,5824.5560000000005,6720.684952689093,11.170894399504437,5,15779.427000000001,10493.850927259999,14746.352800000052,0.0,29953.68820374953,10715.177440000005,"{""MAE"": 7807.751166666668, ""MSE"": 85472658.09022276, ""RMSE"": 9245.142405080776, ""MAPE"": 106.44438114886485, ""R2"": -1.5633105297062078}","{""MAE"": 9426.9606385, ""MSE"": 99852292.506376, ""RMSE"": 9992.61189611485, ""MAPE"": 69.65731650235598, ""R2"": -1.8071104119164585}","{""MAE"": 6280.322799999998, ""MSE"": 45043914.19376168, ""RMSE"": 6711.476305088298, ""MAPE"": 66.74000319954561, ""R2"": 0.0027385121739907925}","{""MAE"": 6383.2966225783, ""MSE"": 46691225.776074916, ""RMSE"": 6833.09781695498, ""MAPE"": 64.867017237343, ""R2"": -0.033732572297576535}","{""MAE"": 3117.083583726221, ""MSE"": 12437167.154181816, ""RMSE"": 3526.6368049718158, ""MAPE"": 24.868792778734143, ""R2"": 0.7246440936023741}","{""MAE"": 2487.7987480000033, ""MSE"": 8073946.214712821, ""RMSE"": 2841.4690240635778, ""MAPE"": 30.246417550966314, ""R2"": 0.821244761721289}"
