ref_article,designation,marque,famille,frequency,next_period,avg_forecast,historical_periods,historical_values,avg_sales,max_sales,min_sales,std_sales,trend_pct,data_points,sma_forecast,es_forecast,lr_forecast,arima_forecast,prophet_forecast,xgb_forecast,sma_metrics,es_metrics,lr_metrics,arima_metrics,prophet_metrics,xgb_metrics
OXY-30V_1L,ACTIVATEUR RB SANS AMONIAQUE 30V 1L,RENEE BLANCHE,COLORATION SANS AMMONIAQUE,yearly,2026,1719.9167781477597,"[""2022"", ""2023"", ""2024"", ""2025""]","[6.61, 1126.464, 1185.665, 1618.05]",984.1972499999999,1618.05,6.61,595.4568041618867,24378.819969742814,4,1310.0596666666668,1116.9984616,2207.5774999998976,1673.6656710476825,2522.6850895723096,1488.5142800000003,"{""MAE"": 845.1370000000001, ""MSE"": 714256.5487690001, ""RMSE"": 845.1370000000001, ""MAPE"": 52.231822255183715, ""R2"": NaN}","{""MAE"": 995.1689866666667, ""MSE"": 1003501.8593369153, ""RMSE"": 1001.7493994692062, ""MAPE"": 77.90585968937035, ""R2"": -19.90056323869822}","{""MAE"": 193.47139999998873, ""MSE"": 55236.95840467499, ""RMSE"": 235.0254420369739, ""MAPE"": 932.2230159202068, ""R2"": 0.8442137110520233}","{""MAE"": 408.94949920686474, ""MSE"": 360281.0875042456, ""RMSE"": 600.2341938812264, ""MAPE"": 58.19903624254701, ""R2"": -0.016110503211150595}","{""MAE"": 176.44964047441624, ""MSE"": 46526.54479564164, ""RMSE"": 215.7001270181398, ""MAPE"": 681.2069661393596, ""R2"": 0.8687799263278885}","{""MAE"": 201.77077499999942, ""MSE"": 60841.300901470095, ""RMSE"": 246.66029453779157, ""MAPE"": 1356.3833137638533, ""R2"": 0.8284076322094334}"
