ref_article,designation,marque,famille,frequency,next_period,avg_forecast,historical_periods,historical_values,avg_sales,max_sales,min_sales,std_sales,trend_pct,data_points,sma_forecast,es_forecast,arima_forecast,xgb_forecast,sma_metrics,es_metrics,arima_metrics,xgb_metrics
OXY-30V_1L,ACTIVATEUR RB SANS AMONIAQUE 30V 1L,RENEE BLANCHE,COLORATION SANS AMMONIAQUE,yearly,2026,1397.3095198285873,"['2022', '2023', '2024', '2025']","[6.61, 1126.464, 1185.665, 1618.05]",984.1972499999999,1618.05,6.61,595.4568041618867,24378.819969742814,4,1310.0596666666668,1116.9984616,1673.6656710476825,1488.5142800000003,"{""MAE"": 845.1370000000001, ""MSE"": 714256.5487690001, ""RMSE"": 845.1370000000001, ""MAPE"": 52.231822255183715, ""R2"": NaN}","{""MAE"": 995.1689866666667, ""MSE"": 1003501.8593369153, ""RMSE"": 1001.7493994692062, ""MAPE"": 77.90585968937035, ""R2"": -19.90056323869822}","{""MAE"": 408.94949920686474, ""MSE"": 360281.0875042456, ""RMSE"": 600.2341938812264, ""MAPE"": 58.19903624254701, ""R2"": -0.016110503211150595}","{""MAE"": 201.77077499999942, ""MSE"": 60841.300901470095, ""RMSE"": 246.66029453779157, ""MAPE"": 1356.3833137638533, ""R2"": 0.8284076322094334}"
