ref_article,designation,marque,famille,frequency,next_period,avg_forecast,historical_periods,historical_values,avg_sales,max_sales,min_sales,std_sales,trend_pct,data_points,sma_forecast,es_forecast,arima_forecast,xgb_forecast,sma_metrics,es_metrics,arima_metrics,xgb_metrics
PA0018,BRASIL CACAU - ANTI FRIZZ CONDITIONER -B- 300ML ,CADIVEU,SOINS CAPILLAIRES,yearly,2026,22142.5596112818,"['2020', '2021', '2022', '2023', '2024', '2025']","[39557.788, 76721.454, 73031.849, 55198.958, 26895.479, 13635.863]",47506.8985,76721.454,13635.863,23092.015747981026,-65.529258107152,6,31910.100000000002,30370.689037215994,6223.046567911203,20066.40283999999,"{""MAE"": 29133.193111111108, ""MSE"": 1075935920.2481434, ""RMSE"": 32801.462166314224, ""MAPE"": 149.18091864332146, ""R2"": -2.5806243336509604}","{""MAE"": 25138.804654079995, ""MSE"": 788334560.3451407, ""RMSE"": 28077.29617226596, ""MAPE"": 88.88827136856015, ""R2"": -0.26189209642920686}","{""MAE"": 19299.691964612266, ""MSE"": 497170266.31484485, ""RMSE"": 22297.315226610688, ""MAPE"": 44.787948515289514, ""R2"": 0.06764467107629524}","{""MAE"": 5830.924044999993, ""MSE"": 49509934.69229647, ""RMSE"": 7036.329632151727, ""MAPE"": 18.88394698776251, ""R2"": 0.9071528315899029}"
