ref_article,designation,marque,famille,frequency,next_period,avg_forecast,historical_periods,historical_values,avg_sales,max_sales,min_sales,std_sales,trend_pct,data_points,sma_forecast,es_forecast,lr_forecast,arima_forecast,prophet_forecast,xgb_forecast,sma_metrics,es_metrics,lr_metrics,arima_metrics,prophet_metrics,xgb_metrics
PA0035,BRASIL CACAU - HYDRATING HAIR COMPLEX MASK 200 ML,CADIVEU,SOINS CAPILLAIRES,yearly,2026,29936.286106866683,"[""2020"", ""2021"", ""2022"", ""2023"", ""2024"", ""2025""]","[32573.145999999997, 82314.595, 96462.898, 71235.068, 41809.372, 25004.392]",58233.24516666667,96462.898,25004.392,26591.997995486592,-23.236177432784654,6,46016.27733333333,41159.110892389,39774.51826666668,14720.27309378919,5127.40329502189,32820.13375999999,"{""MAE"": 29048.130222222226, ""MSE"": 1245018797.1992407, ""RMSE"": 35284.823893555724, ""MAPE"": 93.24106655135279, ""R2"": -2.410434894938761}","{""MAE"": 32763.612799820003, ""MSE"": 1314809085.349506, ""RMSE"": 36260.29626670894, ""MAPE"": 62.19530740332922, ""R2"": -0.9040428116128301}","{""MAE"": 22467.31418095241, ""MSE"": 626009452.9231985, ""RMSE"": 25020.180913078915, ""MAPE"": 49.71237044376457, ""R2"": 0.11472346608637074}","{""MAE"": 21297.42287905212, ""MSE"": 593739224.8886796, ""RMSE"": 24366.764760400172, ""MAPE"": 39.8297299985926, ""R2"": 0.16035868052219182}","{""MAE"": 19532.000055921842, ""MSE"": 516050248.92292434, ""RMSE"": 22716.73939901861, ""MAPE"": 47.214386847627864, ""R2"": 0.2702231994126132}","{""MAE"": 8525.741985000017, ""MSE"": 91557922.11476201, ""RMSE"": 9568.590393300468, ""MAPE"": 20.150321654292032, ""R2"": 0.8705225942458179}"
