ref_article,designation,marque,famille,frequency,next_period,avg_forecast,historical_periods,historical_values,avg_sales,max_sales,min_sales,std_sales,trend_pct,data_points,sma_forecast,es_forecast,lr_forecast,arima_forecast,prophet_forecast,xgb_forecast,sma_metrics,es_metrics,lr_metrics,arima_metrics,prophet_metrics,xgb_metrics
PA0081,BRASIL CACAU - EXTREME REPAIR - HAIR MASK 200ML,CADIVEU,SOINS CAPILLAIRES,yearly,2026,6863.725591863414,"[""2021"", ""2022"", ""2023"", ""2024"", ""2025""]","[1543.4840000000002, 6625.131, 10985.443000000001, 11567.088, 234.21]",6191.0712,11567.088,234.21,4672.4774507355905,-84.82588740796795,5,7595.580333333334,3686.8326625099994,6888.093900000036,0.0,19064.01242533711,3947.8342300000036,"{""MAE"": 7337.0396666666675, ""MSE"": 58474614.5448589, ""RMSE"": 7646.869591202592, ""MAPE"": 2048.719190212259, ""R2"": -0.8211550896805326}","{""MAE"": 6542.28775725, ""MSE"": 43914917.263384186, ""RMSE"": 6626.833124757571, ""MAPE"": 802.5501001437271, ""R2"": -1.1380155895172046}","{""MAE"": 4241.7793600000105, ""MSE"": 21724080.94000704, ""RMSE"": 4660.90988327462, ""MAPE"": 622.1925061289907, ""R2"": 0.004945234631765438}","{""MAE"": 4168.9774307404095, ""MSE"": 32392219.634040564, ""RMSE"": 5691.416311783963, ""MAPE"": 1033.3838175499202, ""R2"": -0.48370062681676407}","{""MAE"": 857.1431366658426, ""MSE"": 1005621.0960125498, ""RMSE"": 1002.8066094778942, ""MAPE"": 19.82526339173689, ""R2"": 0.9539383016245662}","{""MAE"": 1742.9180020000028, ""MSE"": 4087162.0114517286, ""RMSE"": 2021.6730723466958, ""MAPE"": 347.2050067404504, ""R2"": 0.8127906976797636}"
