ref_article,designation,marque,famille,frequency,next_period,avg_forecast,historical_periods,historical_values,avg_sales,max_sales,min_sales,std_sales,trend_pct,data_points,sma_forecast,es_forecast,lr_forecast,arima_forecast,prophet_forecast,xgb_forecast,sma_metrics,es_metrics,lr_metrics,arima_metrics,prophet_metrics,xgb_metrics
PA0038,BRASIL CACAU - KERATINE THERMAL RECONSTRUCTION 1L,CADIVEU,LISSAGE,yearly,2026,277658.0463244571,"[""2020"", ""2021"", ""2022"", ""2023"", ""2024"", ""2025""]","[1112599.489, 1642449.049, 895106.779, 705497.173, 515716.384, 251600.33800000002]",853828.202,1642449.049,251600.33800000002,445269.4757169051,-77.3862615894119,6,490937.965,554906.8220020599,66347.86640006304,199817.95190461975,0.0,353937.6726399998,"{""MAE"": 510120.7743333334, ""MSE"": 262294421278.82007, ""RMSE"": 512146.87471351423, ""MAPE"": 120.81951351970292, ""R2"": -6.571126591671475}","{""MAE"": 497075.93990279996, ""MSE"": 253588237438.0602, ""RMSE"": 503575.4535698302, ""MAPE"": 96.5738042268503, ""R2"": -0.1430778330839202}","{""MAE"": 150376.42486669996, ""MSE"": 50616030063.14033, ""RMSE"": 224980.06592393987, ""MAPE"": 13.952701382105893, ""R2"": 0.7447050459761605}","{""MAE"": 449689.86481739715, ""MSE"": 356043146806.11206, ""RMSE"": 596693.511617239, ""MAPE"": 56.66004991337677, ""R2"": -0.7957951005043744}","{""MAE"": 160133.5045598092, ""MSE"": 30207166040.158916, ""RMSE"": 173802.08871057598, ""MAPE"": 26.143127864194476, ""R2"": 0.8476423959802271}","{""MAE"": 116636.00943499997, ""MSE"": 18232620228.840496, ""RMSE"": 135028.2201202419, ""MAPE"": 16.582100755813478, ""R2"": 0.9080390947838162}"
