ref_article,designation,marque,famille,frequency,next_period,avg_forecast,historical_periods,historical_values,avg_sales,max_sales,min_sales,std_sales,trend_pct,data_points,sma_forecast,es_forecast,arima_forecast,xgb_forecast,sma_metrics,es_metrics,arima_metrics,xgb_metrics
PA0080,BRASIL CACAU - EXTREME REPAIR - CONDITIONNER 300ML,CADIVEU,SOINS CAPILLAIRES,yearly,2026,935.2853361833334,"['2021', '2022', '2023', '2024', '2025']","[1609.584, 3831.9840000000004, 3732.4900000000002, 2654.0699999999997, -472.221]",2271.1814000000004,3831.9840000000004,-472.221,1592.6141471570068,-129.33807741627652,5,1971.4463333333333,1079.9293913999998,0.0,689.7656200000004,"{""MAE"": 2141.1758333333337, ""MSE"": 7602589.861552945, ""RMSE"": 2757.2794311699613, ""MAPE"": 418.2654253055156, ""R2"": -2.1114494722548542}","{""MAE"": 1726.3324150000003, ""MSE"": 4274265.501958235, ""RMSE"": 2067.4296848885174, ""MAPE"": 192.5088176097147, ""R2"": -0.40890960607616744}","{""MAE"": 1571.862329994731, ""MSE"": 2689342.3817287674, ""RMSE"": 1639.9214559632933, ""MAPE"": 140.4582583863698, ""R2"": -0.0602907131912207}","{""MAE"": 497.75334400000173, ""MSE"": 420638.6172640271, ""RMSE"": 648.5665866077493, ""MAPE"": 60.78676675349758, ""R2"": 0.8341604912320809}"
