ref_article,designation,marque,famille,frequency,next_period,avg_forecast,historical_periods,historical_values,avg_sales,max_sales,min_sales,std_sales,trend_pct,data_points,sma_forecast,es_forecast,lr_forecast,arima_forecast,prophet_forecast,xgb_forecast,sma_metrics,es_metrics,lr_metrics,arima_metrics,prophet_metrics,xgb_metrics
PA0037,BRASIL CACAU - PRIMER 110 ML,CADIVEU,SOINS CAPILLAIRES,yearly,2026,24479.480712516335,"[""2020"", ""2021"", ""2022"", ""2023"", ""2024"", ""2025""]","[29427.707, 57281.24, 59115.417, 40642.733, 37139.452, 21526.924]",40855.57883333333,59115.417,21526.924,13670.357767388648,-26.848109504420442,6,33103.03633333333,31228.769099092995,29015.382533333264,14050.787897514361,12220.199631824009,27258.70878000005,"{""MAE"": 15759.336555555557, ""MSE"": 291927012.821677, ""RMSE"": 17085.871731394833, ""MAPE"": 57.507716570727126, ""R2"": -3.2278432125399856}","{""MAE"": 15701.409431339998, ""MSE"": 334240314.98826605, ""RMSE"": 18282.240425841304, ""MAPE"": 40.30086308239718, ""R2"": -0.7326112368791062}","{""MAE"": 10252.175555555594, ""MSE"": 153500050.9116094, ""RMSE"": 12389.51374798904, ""MAPE"": 28.868889203974206, ""R2"": 0.17861122687161657}","{""MAE"": 15565.94112103064, ""MSE"": 297823577.34192395, ""RMSE"": 17257.56580001722, ""MAPE"": 45.057323434547115, ""R2"": -0.593673365896503}","{""MAE"": 10202.889222478168, ""MSE"": 128492893.33767162, ""RMSE"": 11335.470582982942, ""MAPE"": 31.00405771341271, ""R2"": 0.312426156294102}","{""MAE"": 4634.535819999987, ""MSE"": 30045425.79078721, ""RMSE"": 5481.370794863928, ""MAPE"": 13.807571419158391, ""R2"": 0.8392249691003322}"
