ref_article,designation,marque,famille,frequency,next_period,avg_forecast,historical_periods,historical_values,avg_sales,max_sales,min_sales,std_sales,trend_pct,data_points,sma_forecast,es_forecast,arima_forecast,xgb_forecast,sma_metrics,es_metrics,arima_metrics,xgb_metrics
PA0029,BRASIL CACAU - DEEP CONDITIONING MASK 1L,CADIVEU,LISSAGE,yearly,2026,57731.136166028504,"['2020', '2021', '2022', '2023', '2024', '2025']","[97544.525, 128074.02500000001, 112539.172, 128818.91100000001, 103704.33, 33881.168]",100760.35516666666,128818.91100000001,33881.168,32051.765080787725,-65.26594598722994,6,88801.46966666666,71819.23092730998,12199.752530137404,58104.09153999997,"{""MAE"": 38893.004222222226, ""MSE"": 2406914046.171345, ""RMSE"": 49060.31029428315, ""MAPE"": 90.24207433352785, ""R2"": -0.4919719805553635}","{""MAE"": 29002.787057800007, ""MSE"": 1498665216.7734463, ""RMSE"": 38712.59764951774, ""MAPE"": 56.76425851916681, ""R2"": -0.21813307051767628}","{""MAE"": 39352.696210050366, ""MSE"": 2557228600.4714475, ""RMSE"": 50569.04785015679, ""MAPE"": 58.4948982160398, ""R2"": -1.489233580185787}","{""MAE"": 8972.927871666672, ""MSE"": 134432944.29186383, ""RMSE"": 11594.522167466144, ""MAPE"": 16.212672849197215, ""R2"": 0.8691415389485087}"
