ref_article,designation,marque,famille,frequency,next_period,avg_forecast,historical_periods,historical_values,avg_sales,max_sales,min_sales,std_sales,trend_pct,data_points,sma_forecast,es_forecast,arima_forecast,xgb_forecast,sma_metrics,es_metrics,arima_metrics,xgb_metrics
PA0104,CADIVEU-HAIR REMEDY-MASK 200 ML  ,CADIVEU,SOINS CAPILLAIRES,yearly,2026,2275.7160602452495,"['2020', '2021', '2022', '2023', '2024', '2025']","[1961.04, 9561.951000000001, 11209.275, 13430.466, 1243.325, 19.489]",6237.591,13430.466,19.489,5313.549281284623,-99.0061905927467,6,4897.76,3094.944720980999,0.0,1110.1595200000002,"{""MAE"": 8206.16088888889, ""MSE"": 70509576.55675237, ""RMSE"": 8396.998068164145, ""MAPE"": 15010.017252551648, ""R2"": -0.9236968126570291}","{""MAE"": 7032.41664078, ""MSE"": 49642421.01279385, ""RMSE"": 7045.737790522285, ""MAPE"": 6596.0179878580775, ""R2"": -0.6832941318635124}","{""MAE"": 4172.569331642674, ""MSE"": 36284546.09262538, ""RMSE"": 6023.665503049234, ""MAPE"": 355.275353929697, ""R2"": -0.28514540824101764}","{""MAE"": 1787.0072066666644, ""MSE"": 3739374.3981479704, ""RMSE"": 1933.7462083086214, ""MAPE"": 996.1689334965162, ""R2"": 0.8675568429268404}"
