ref_article,designation,marque,famille,frequency,next_period,avg_forecast,historical_periods,historical_values,avg_sales,max_sales,min_sales,std_sales,trend_pct,data_points,sma_forecast,es_forecast,arima_forecast,xgb_forecast,sma_metrics,es_metrics,arima_metrics,xgb_metrics
PA0218,CADIVEU - HAIR REMEDY REPAIR DOSE,CADIVEU,SOINS CAPILLAIRES,yearly,2024,9059.708803453184,"['2020', '2021', '2022', '2023']","[2484.702, 15361.599, 10649.746, 7901.771999999999]",9099.454749999999,15361.599,2484.702,4658.520459354953,218.01688894684347,4,11304.372333333333,7772.701869299999,8133.246841179405,9028.514170000002,"{""MAE"": 1596.9103333333333, ""MSE"": 2550122.6127067776, ""RMSE"": 1596.9103333333333, ""MAPE"": 20.20952177984044, ""R2"": NaN}","{""MAE"": 5814.093443333332, ""MSE"": 61463616.129944704, ""RMSE"": 7839.8734766541165, ""MAPE"": 42.51795621153551, ""R2"": -5.477283230285603}","{""MAE"": 5584.945144934722, ""MSE"": 50096519.76313988, ""RMSE"": 7077.889499217961, ""MAPE"": 64.7563761639669, ""R2"": -1.3084025312864096}","{""MAE"": 2496.9204950000008, ""MSE"": 8138976.033513197, ""RMSE"": 2852.8890678596663, ""MAPE"": 49.05924044949359, ""R2"": 0.6249633114900492}"
