ref_article,designation,marque,famille,frequency,next_period,avg_forecast,historical_periods,historical_values,avg_sales,max_sales,min_sales,std_sales,trend_pct,data_points,sma_forecast,es_forecast,arima_forecast,xgb_forecast,sma_metrics,es_metrics,arima_metrics,xgb_metrics
PA0217,BRASIL CACAU - EXTREME REPAIR - CACAU DOSE 15ml*10 ,CADIVEU,SOINS CAPILLAIRES,yearly,2026,6931.265024286917,"['2020', '2021', '2022', '2023', '2024', '2025']","[6043.181, 21873.162, 21806.707, 21401.564, 13599.671, 2318.011]",14507.049333333334,21873.162,2318.011,7917.407071896595,-61.642535611625725,6,12439.748666666666,8768.136190480996,0.0,6517.175240000003,"{""MAE"": 9846.441222222222, ""MSE"": 121658004.3945498, ""RMSE"": 11029.868738772451, ""MAPE"": 266.32634034497937, ""R2"": -0.9823787042708367}","{""MAE"": 10000.28705078, ""MSE"": 121155457.06536695, ""RMSE"": 11007.06396208212, ""MAPE"": 148.93252391237758, ""R2"": -1.0878250792048036}","{""MAE"": 7045.239372145171, ""MSE"": 62848664.857704036, ""RMSE"": 7927.714983379766, ""MAPE"": 93.50376522075572, ""R2"": -0.0026055554502140144}","{""MAE"": 2535.5267149999995, ""MSE"": 9861787.618282082, ""RMSE"": 3140.34832753981, ""MAPE"": 48.85416430616829, ""R2"": 0.8426779140790652}"
