ref_article,designation,marque,famille,frequency,next_period,avg_forecast,historical_periods,historical_values,avg_sales,max_sales,min_sales,std_sales,trend_pct,data_points,sma_forecast,es_forecast,lr_forecast,arima_forecast,prophet_forecast,xgb_forecast,sma_metrics,es_metrics,lr_metrics,arima_metrics,prophet_metrics,xgb_metrics
PA0295,BRASIL CACAU - GRADUAL SMOOTH SERUM 215 ML,CADIVEU,SOINS CAPILLAIRES,yearly,2026,7307.395926392994,"[""2020"", ""2021"", ""2022"", ""2023"", ""2024"", ""2025""]","[22982.899999999998, 43709.062, 42688.003, 26671.426, 14082.099, 3990.315]",25687.30083333333,43709.062,3990.315,14303.437464256338,-82.63789600093983,6,14914.613333333335,14832.205611691996,5701.261733332649,0.0,0.0,8396.29487999999,"{""MAE"": 19073.162666666667, ""MSE"": 406895221.1227961, ""RMSE"": 20171.643986616364, ""MAPE"": 267.12516861883984, ""R2"": -3.72664943704174}","{""MAE"": 16021.479786959997, ""MSE"": 287972282.08387214, ""RMSE"": 16969.746081891506, ""MAPE"": 156.0505442689939, ""R2"": -0.18142145199840987}","{""MAE"": 9147.047723809386, ""MSE"": 109483142.60180892, ""RMSE"": 10463.419259582832, ""MAPE"": 58.43590932186393, ""R2"": 0.46486123528889756}","{""MAE"": 10819.491539538796, ""MSE"": 168484216.33173022, ""RMSE"": 12980.147007323538, ""MAPE"": 49.564190876860934, ""R2"": 0.1764719822758305}","{""MAE"": 8081.365281197581, ""MSE"": 81710122.70574908, ""RMSE"": 9039.365171611837, ""MAPE"": 73.72422751718037, ""R2"": 0.6006119929514637}","{""MAE"": 3682.4863716666623, ""MSE"": 17049007.04095842, ""RMSE"": 4129.044325380683, ""MAPE"": 30.045198579908654, ""R2"": 0.9166667639361438}"
