ref_article,designation,marque,famille,frequency,next_period,avg_forecast,historical_periods,historical_values,avg_sales,max_sales,min_sales,std_sales,trend_pct,data_points,sma_forecast,es_forecast,lr_forecast,arima_forecast,prophet_forecast,xgb_forecast,sma_metrics,es_metrics,lr_metrics,arima_metrics,prophet_metrics,xgb_metrics
PA0333,CADIVEU-BLONDE RECONSTRUCTOR-BLONDE LOCK 200ML -4-,CADIVEU,SOINS CAPILLAIRES,yearly,2025,207.35714372222222,"[""2022"", ""2023"", ""2024""]","[722.832, 512.509, 215.736]",483.69233333333324,722.832,215.736,208.02145484273706,-70.15406069460124,3,483.69233333333324,433.2955589999999,0.0,0.0,0.0,327.15497000000033,,"{""MAE"": 327.16105, ""MSE"": 120685.482564905, ""RMSE"": 347.3981614299434, ""MAPE"": 123.42229693384179, ""R2"": -4.481081362147714}","{""MAE"": 19.211111111103566, ""MSE"": 415.20013888888934, ""RMSE"": 20.376460411192355, ""MAPE"": 4.764890015637905, ""R2"": 0.9904050827991547}",,"{""MAE"": 0.005207437892181588, ""MSE"": 2.712951909900589e-05, ""RMSE"": 0.005208600493319284, ""MAPE"": 0.0013966463982512214, ""R2"": 0.9999999993730602}","{""MAE"": 77.1010266666665, ""MSE"": 6611.4671708243295, ""RMSE"": 81.310928975288, ""MAPE"": 23.67339976943566, ""R2"": 0.847214694460538}"
