ref_article,designation,marque,famille,frequency,next_period,avg_forecast,historical_periods,historical_values,avg_sales,max_sales,min_sales,std_sales,trend_pct,data_points,sma_forecast,es_forecast,lr_forecast,arima_forecast,prophet_forecast,xgb_forecast,sma_metrics,es_metrics,lr_metrics,arima_metrics,prophet_metrics,xgb_metrics
PA0338,BRASIL CACAU-ECO KERATINE 300 ML ,CADIVEU,LISSAGE,yearly,2024,173.919633389792,"[""2020"", ""2021"", ""2022"", ""2023""]","[1183.714, 152.0, 374.221, -182.97]",381.74125,1183.714,-182.97,503.7104038360608,-115.45728106620349,4,114.41699999999999,261.5463183999999,0.0,217.5926848642947,449.96179707445754,0.0,"{""MAE"": 752.9483333333334, ""MSE"": 566931.1926694445, ""RMSE"": 752.9483333333334, ""MAPE"": 411.51463810096374, ""R2"": NaN}","{""MAE"": 812.9563199999999, ""MSE"": 712460.3878392618, ""RMSE"": 844.0736862616094, ""MAPE"": 436.0567967898156, ""R2"": -12.58364293376401}","{""MAE"": 211.81639999998964, ""MSE"": 65754.50512567499, ""RMSE"": 256.42641269119486, ""MAPE"": 89.09753760781476, ""R2"": 0.7408425658305943}","{""MAE"": 701.6649883022037, ""MSE"": 581868.3258510219, ""RMSE"": 762.8029403791138, ""MAPE"": 230.13137135285498, ""R2"": -1.293310580982805}","{""MAE"": 129.95415364398573, ""MSE"": 25102.96504949008, ""RMSE"": 158.4391525144277, ""MAPE"": 56.43487100199398, ""R2"": 0.9010619880746409}","{""MAE"": 213.22938499999958, ""MSE"": 55162.29848101192, ""RMSE"": 234.8665546241353, ""MAPE"": 83.53680019729208, ""R2"": 0.7825895015116775}"
