ref_article,designation,marque,famille,frequency,next_period,avg_forecast,historical_periods,historical_values,avg_sales,max_sales,min_sales,std_sales,trend_pct,data_points,sma_forecast,es_forecast,lr_forecast,arima_forecast,prophet_forecast,xgb_forecast,sma_metrics,es_metrics,lr_metrics,arima_metrics,prophet_metrics,xgb_metrics
PA0310,BRASIL CACAU - ANTI FRIZZ SHAMPOO -A- 300 ML SULFATE FREE ,CADIVEU,SOINS CAPILLAIRES,yearly,2024,33318.9580530387,"[""2020"", ""2021"", ""2022"", ""2023""]","[97766.327, 198377.17799999999, 104563.288, -239.97]",100116.70575000001,198377.17799999999,-239.97,70270.68938817614,-100.24545260864714,4,100900.16533333335,59135.12536489999,3158.510499998927,0.0,0.0,36719.94711999994,"{""MAE"": 133808.901, ""MSE"": 17904821986.827805, ""RMSE"": 133808.901, ""MAPE"": 55760.67883485436, ""R2"": NaN}","{""MAE"": 81723.60310333333, ""MSE"": 8450839649.879593, ""RMSE"": 91928.44853406149, ""MAPE"": 16856.140406764298, ""R2"": -0.2840285492457546}","{""MAE"": 51353.52724999999, ""MSE"": 3057791461.8621063, ""RMSE"": 55297.300674283426, ""MAPE"": 4425.598252372026, ""R2"": 0.3807593821540194}","{""MAE"": 91081.30241660411, ""MSE"": 8947961088.980467, ""RMSE"": 94593.66304875008, ""MAPE"": 7472.481322513234, ""R2"": -0.8120728709955207}","{""MAE"": 9.33954358270028, ""MSE"": 87.23510127424521, ""RMSE"": 9.339973301580963, ""MAPE"": 0.9767527389384165, ""R2"": 0.9999999823338123}","{""MAE"": 29354.003780000006, ""MSE"": 926400069.7906795, ""RMSE"": 30436.820954079278, ""MAPE"": 3865.819103795253, ""R2"": 0.8123925196519468}"
