ref_article,designation,marque,famille,frequency,next_period,avg_forecast,historical_periods,historical_values,avg_sales,max_sales,min_sales,std_sales,trend_pct,data_points,sma_forecast,es_forecast,arima_forecast,xgb_forecast,sma_metrics,es_metrics,arima_metrics,xgb_metrics
PA0311,BRASIL CACAU - ANTI FRIZZ SHAMPOO -A- 1L SULFATE FREE ,CADIVEU,SOINS CAPILLAIRES,yearly,2023,16567.54441068042,"['2020', '2021', '2022']","[23001.615, 31825.936, 10162.354]",21663.30166666667,31825.936,10162.354,8894.605413819261,-55.81895445167655,3,21663.30166666667,17750.767077,9769.353069054981,17086.755830000024,,"{""MAE"": 12155.43915, ""MSE"": 158851049.05861214, ""RMSE"": 12603.612540006621, ""MAPE"": 90.05913012119898, ""R2"": -0.35390921420801047}",,"{""MAE"": 3984.7549333333322, ""MSE"": 20751907.50578006, ""RMSE"": 4555.426160720867, ""MAPE"": 28.625297877231016, ""R2"": 0.7376961590663782}"
