ref_article,designation,marque,famille,frequency,next_period,avg_forecast,historical_periods,historical_values,avg_sales,max_sales,min_sales,std_sales,trend_pct,data_points,sma_forecast,es_forecast,arima_forecast,xgb_forecast,sma_metrics,es_metrics,arima_metrics,xgb_metrics
PA0313,BRASIL CACAU - EXTREME REPAIR- SHAMPOO 1L SULFATE FREE ,CADIVEU,SOINS CAPILLAIRES,yearly,2026,264.7643355910957,"['2023', '2024', '2025']","[179.435, 544.0229999999999, 0.0]",241.15266666666662,544.0229999999999,0.0,226.3434836943376,-100.0,3,241.15266666666662,141.51758599999994,509.6486696977162,166.7384199999999,,"{""MAE"": 326.6996999999999, ""MSE"": 108168.21725697996, ""RMSE"": 328.8893693280158, ""MAPE"": 67.01701950101373, ""R2"": -0.46192516300579345}",,"{""MAE"": 124.85119333333326, ""MSE"": 16835.889324002772, ""RMSE"": 129.75318618054345, ""MAPE"": 34.09986813973776, ""R2"": 0.6713754001503285}"
