ref_article,designation,marque,famille,frequency,next_period,avg_forecast,historical_periods,historical_values,avg_sales,max_sales,min_sales,std_sales,trend_pct,data_points,sma_forecast,es_forecast,lr_forecast,xgb_forecast,sma_metrics,es_metrics,lr_metrics,xgb_metrics
PA0329,CADIVEU-BLONDE RECON CLARIFYING SHAMP1L -1-,CADIVEU,SOINS CAPILLAIRES,yearly,2025,609.6458750000222,"[""2023"", ""2024""]","[140.984, 640.89]",390.937,640.89,140.984,249.95299999999997,354.58349883674737,2,390.937,395.93606,1140.7960000000894,510.91443999999944,,"{""MAE"": 499.90599999999995, ""MSE"": 249906.00883599994, ""RMSE"": 499.90599999999995, ""MAPE"": 78.00184118959571, ""R2"": NaN}","{""MAE"": 9.266898359783227e-11, ""MSE"": 1.0011079783116245e-20, ""RMSE"": 1.0005538357887718e-10, ""MAPE"": 2.9657443422818264e-11, ""R2"": 1.0}","{""MAE"": 119.97744000000036, ""MSE"": 14494.54851248809, ""RMSE"": 120.3933075901152, ""MAPE"": 49.14442422668976, ""R2"": 0.7679999999999985}"
