ref_article,designation,marque,famille,frequency,next_period,avg_forecast,historical_periods,historical_values,avg_sales,max_sales,min_sales,std_sales,trend_pct,data_points,sma_forecast,es_forecast,lr_forecast,arima_forecast,prophet_forecast,xgb_forecast,sma_metrics,es_metrics,lr_metrics,arima_metrics,prophet_metrics,xgb_metrics
PA0487,CADIVEU ESSENTIALS -QS BALM LEAVE-IN 120ML,CADIVEU,SOINS CAPILLAIRES,yearly,2026,1923.550832923547,"[""2022"", ""2023"", ""2024"", ""2025""]","[4857.214, 3152.577, 3337.248, 1330.1019999999999]",3169.28525,4857.214,1330.1019999999999,1251.0184993798803,-72.61594815464174,4,2606.6423333333337,2659.5447306999995,570.1190000004135,2240.1939067876187,1565.5576567199141,1899.2473700000023,"{""MAE"": 2452.2443333333335, ""MSE"": 6013502.270365446, ""RMSE"": 2452.2443333333335, ""MAPE"": 184.36513390201156, ""R2"": NaN}","{""MAE"": 1808.7867766666666, ""MSE"": 3761395.011296824, ""RMSE"": 1939.4316206808694, ""MAPE"": 96.091152805997, ""R2"": -3.584486872396062}","{""MAE"": 408.11250000009125, ""MSE"": 213914.24676297, ""RMSE"": 462.5086450683598, ""MAPE"": 15.325031481490093, ""R2"": 0.8633177101387726}","{""MAE"": 1910.090731523117, ""MSE"": 6927946.563994169, ""RMSE"": 2632.099269403449, ""MAPE"": 67.71117599966678, ""R2"": -3.426669166416948}","{""MAE"": 312.4734237309707, ""MSE"": 146207.02095978978, ""RMSE"": 382.37026683541933, ""MAPE"": 8.908938621852695, ""R2"": 0.9065798060625858}","{""MAE"": 435.5365100000005, ""MSE"": 217633.06932961158, ""RMSE"": 466.5115961362714, ""MAPE"": 18.447996583889577, ""R2"": 0.8609415374822622}"
