ref_article,designation,marque,famille,frequency,next_period,avg_forecast,historical_periods,historical_values,avg_sales,max_sales,min_sales,std_sales,trend_pct,data_points,sma_forecast,es_forecast,arima_forecast,xgb_forecast,sma_metrics,es_metrics,arima_metrics,xgb_metrics
PA0425,BRASIL CACAU -ANTI FRIZZ SHAMPO A-300ML  SULFATE FREE ,CADIVEU,SOINS CAPILLAIRES,yearly,2026,65620.99123634423,"['2022', '2023', '2024', '2025']","[96506.018, 163851.756, 99222.652, 41413.665]",100248.52274999999,163851.756,41413.665,43364.6472339973,-57.086961146816776,4,101496.02433333332,75738.13960819998,22547.492493843638,62702.308509999995,"{""MAE"": 78446.47699999998, ""MSE"": 6153849753.711527, ""RMSE"": 78446.47699999998, ""MAPE"": 189.42172106718877, ""R2"": NaN}","{""MAE"": 51627.59119333333, ""MSE"": 3249413964.1735215, ""RMSE"": 57003.63114901999, ""MAPE"": 75.957552594054, ""R2"": -0.29919473742874914}","{""MAE"": 63922.21718803079, ""MSE"": 4862060805.607424, ""RMSE"": 69728.4791574248, ""MAPE"": 74.45748002795376, ""R2"": -1.5855250527134612}","{""MAE"": 19063.873760000042, ""MSE"": 383268474.0816958, ""RMSE"": 19577.243781536148, ""MAPE"": 24.295655062824505, ""R2"": 0.7961871968958883}"
