ref_article,designation,marque,famille,frequency,next_period,avg_forecast,historical_periods,historical_values,avg_sales,max_sales,min_sales,std_sales,trend_pct,data_points,sma_forecast,es_forecast,lr_forecast,arima_forecast,prophet_forecast,xgb_forecast,sma_metrics,es_metrics,lr_metrics,arima_metrics,prophet_metrics,xgb_metrics
PA0425,BRASIL CACAU -ANTI FRIZZ SHAMPO A-300ML  SULFATE FREE ,CADIVEU,SOINS CAPILLAIRES,yearly,2026,71153.3097936965,"[""2022"", ""2023"", ""2024"", ""2025""]","[96506.018, 163851.756, 99222.652, 41413.665]",100248.52274999999,163851.756,41413.665,43364.6472339973,-57.086961146816776,4,101496.02433333332,75738.13960819998,42771.982000000775,22547.492493843638,121663.9118168013,62702.308509999995,"{""MAE"": 78446.47699999998, ""MSE"": 6153849753.711527, ""RMSE"": 78446.47699999998, ""MAPE"": 189.42172106718877, ""R2"": NaN}","{""MAE"": 51627.59119333333, ""MSE"": 3249413964.1735215, ""RMSE"": 57003.63114901999, ""MAPE"": 75.957552594054, ""R2"": -0.29919473742874914}","{""MAE"": 31288.681250001864, ""MSE"": 1219782082.411838, ""RMSE"": 34925.37877263234, ""MAPE"": 35.190063725806894, ""R2"": 0.35134971383131497}","{""MAE"": 63922.21718803079, ""MSE"": 4862060805.607424, ""RMSE"": 69728.4791574248, ""MAPE"": 74.45748002795376, ""R2"": -1.5855250527134612}","{""MAE"": 21976.090541417398, ""MSE"": 721204527.2255439, ""RMSE"": 26855.251390101414, ""MAPE"": 18.02558485325368, ""R2"": 0.616481066809889}","{""MAE"": 19063.873760000042, ""MSE"": 383268474.0816958, ""RMSE"": 19577.243781536148, ""MAPE"": 24.295655062824505, ""R2"": 0.7961871968958883}"
