ref_article,designation,marque,famille,frequency,next_period,avg_forecast,historical_periods,historical_values,avg_sales,max_sales,min_sales,std_sales,trend_pct,data_points,sma_forecast,es_forecast,lr_forecast,arima_forecast,prophet_forecast,xgb_forecast,sma_metrics,es_metrics,lr_metrics,arima_metrics,prophet_metrics,xgb_metrics
PA0480,CADIVEU ESSENTIALS -BB GRADUAL SMOOTHING 200ML,CADIVEU,SOINS CAPILLAIRES,yearly,2026,1618.6005974037387,"[""2022"", ""2023"", ""2024"", ""2025""]","[5594.193, 4611.693, 3738.079, 391.956]",3583.98025,5594.193,391.956,1956.394262036333,-92.99352024501121,4,2913.9093333333335,2567.1041219999993,0.0,491.0118032470138,2316.093675842083,1423.4846500000017,"{""MAE"": 4256.032333333334, ""MSE"": 18113811.22237878, ""RMSE"": 4256.032333333334, ""MAPE"": 1085.8444145091116, ""R2"": NaN}","{""MAE"": 2327.6472666666664, ""MSE"": 7702858.501649611, ""RMSE"": 2775.4024035533316, ""MAPE"": 398.53954121351313, ""R2"": -1.3290301262553155}","{""MAE"": 590.9057500001164, ""MSE"": 432464.60720854264, ""RMSE"": 657.6204127067093, ""MAPE"": 55.631668531812736, ""R2"": 0.8870105720398191}","{""MAE"": 2679.2256032609903, ""MSE"": 11049822.351459535, ""RMSE"": 3324.12730674677, ""MAPE"": 250.70852240783762, ""R2"": -1.8869717561672665}","{""MAE"": 0.0008889468962536284, ""MSE"": 3.0068514679569755e-06, ""RMSE"": 0.0017340275280274462, ""MAPE"": 0.00022170786756711556, ""R2"": 0.9999999999992144}","{""MAE"": 422.3995700000021, ""MSE"": 317031.39865610056, ""RMSE"": 563.0554134861866, ""MAPE"": 69.05954197844683, ""R2"": 0.9171696462959449}"
