ref_article,designation,marque,famille,frequency,next_period,avg_forecast,historical_periods,historical_values,avg_sales,max_sales,min_sales,std_sales,trend_pct,data_points,sma_forecast,es_forecast,lr_forecast,arima_forecast,prophet_forecast,xgb_forecast,sma_metrics,es_metrics,lr_metrics,arima_metrics,prophet_metrics,xgb_metrics
PA0476,CADIVEU ESSENTIALS -BB SHAMPO 250ML,CADIVEU,SOINS CAPILLAIRES,yearly,2026,4028.5800475037595,"[""2022"", ""2023"", ""2024"", ""2025""]","[3461.996, 10743.608, 4027.4880000000003, 2201.4210000000003]",5108.62825,10743.608,2201.4210000000003,3319.8310493258823,-36.41179828052949,4,5657.505666666667,3651.5079487999997,2484.167000000365,2405.48384001423,6771.706999541293,3201.10883,"{""MAE"": 3876.2763333333332, ""MSE"": 15025518.21236011, ""RMSE"": 3876.2763333333332, ""MAPE"": 176.0806466974437, ""R2"": NaN}","{""MAE"": 3953.3215733333327, ""MSE"": 21466941.78599407, ""RMSE"": 4633.243117514347, ""MAPE"": 80.80145216310814, ""R2"": -0.591325905810951}","{""MAE"": 2555.0437500002495, ""MSE"": 9643718.825518316, ""RMSE"": 3105.433758030964, ""MAPE"": 53.73836954895081, ""R2"": 0.12499088998963048}","{""MAE"": 4899.584567499331, ""MSE"": 28024392.791255042, ""RMSE"": 5293.8070224796675, ""MAPE"": 108.71717281830908, ""R2"": -1.5427534168634516}","{""MAE"": 2335.8256176467776, ""MSE"": 8143350.259095819, ""RMSE"": 2853.6555957395803, ""MAPE"": 42.42308311213456, ""R2"": 0.2611246976779029}","{""MAE"": 1772.6760199999992, ""MSE"": 3493707.6011365876, ""RMSE"": 1869.146222513527, ""MAPE"": 40.537416276159874, ""R2"": 0.6830034104045247}"
