ref_article,designation,marque,famille,frequency,next_period,avg_forecast,historical_periods,historical_values,avg_sales,max_sales,min_sales,std_sales,trend_pct,data_points,sma_forecast,es_forecast,arima_forecast,xgb_forecast,sma_metrics,es_metrics,arima_metrics,xgb_metrics
PA0503,CADIVEU ESSENTIALS -QS CONDITIONNER 250 ML,CADIVEU,SOINS CAPILLAIRES,yearly,2026,634.6472044833332,"['2022', '2023', '2024', '2025']","[3052.998, 2241.862, 1191.5549999999998, -105.46799999999999]",1595.2367500000003,3052.998,-105.46799999999999,1183.0625171450947,-103.45457153918869,4,1109.3163333333334,1085.0823245999998,0.0,344.19015999999965,"{""MAE"": 2267.6063333333336, ""MSE"": 5142038.482973446, ""RMSE"": 2267.6063333333336, ""MAPE"": 2150.0420348668163, ""R2"": NaN}","{""MAE"": 1619.6442466666665, ""MSE"": 3059870.6326155495, ""RMSE"": 1749.2485908570998, ""MAPE"": 825.235212876099, ""R2"": -2.3197832561335625}","{""MAE"": 1529.8240600222694, ""MSE"": 3128312.353176878, ""RMSE"": 1768.703579794217, ""MAPE"": 300.7858356095151, ""R2"": -1.2350884787700744}","{""MAE"": 288.76787499999887, ""MSE"": 97640.03259073436, ""RMSE"": 312.47405106781963, ""MAPE"": 115.5704375911871, ""R2"": 0.9302390275419068}"
