ref_article,designation,marque,famille,frequency,next_period,avg_forecast,historical_periods,historical_values,avg_sales,max_sales,min_sales,std_sales,trend_pct,data_points,sma_forecast,es_forecast,lr_forecast,arima_forecast,prophet_forecast,xgb_forecast,sma_metrics,es_metrics,lr_metrics,arima_metrics,prophet_metrics,xgb_metrics
PA0507,CADIVEU ESSENTIALS -QS QUARTZ MIST 200ML,CADIVEU,SOINS CAPILLAIRES,yearly,2026,1385.6488033550352,"[""2022"", ""2023"", ""2024"", ""2025""]","[5304.112999999999, 4989.957, 2381.238, 1173.275]",3462.1457499999997,5304.112999999999,1173.275,1741.719081820799,-77.87990187991848,4,2848.1566666666663,2735.3963425999996,0.0,1024.1452108635472,0.0,1706.194599999998,"{""MAE"": 3051.8276666666666, ""MSE"": 9313652.10703211, ""RMSE"": 3051.8276666666666, ""MAPE"": 260.1118805622438, ""R2"": NaN}","{""MAE"": 2110.2623133333327, ""MSE"": 6087730.985472914, ""RMSE"": 2467.3327674784596, ""MAPE"": 132.26739598309106, ""R2"": -1.3997204171763182}","{""MAE"": 388.87480000004757, ""MSE"": 220622.96597507526, ""RMSE"": 469.705190491946, ""MAPE"": 10.118416364897161, ""R2"": 0.9272731966320455}","{""MAE"": 2387.3064265570015, ""MSE"": 9036489.500205379, ""RMSE"": 3006.0754315561308, ""MAPE"": 74.81209238547221, ""R2"": -1.978814975646133}","{""MAE"": 378.79444746226545, ""MSE"": 215057.5513225358, ""RMSE"": 463.74297980943686, ""MAPE"": 9.578120123863258, ""R2"": 0.9291077962862905}","{""MAE"": 406.17824999999914, ""MSE"": 204181.67505963205, ""RMSE"": 451.86466453976243, ""MAPE"": 20.26539375351257, ""R2"": 0.9326929521241273}"
