ref_article,designation,marque,famille,frequency,next_period,avg_forecast,historical_periods,historical_values,avg_sales,max_sales,min_sales,std_sales,trend_pct,data_points,sma_forecast,es_forecast,lr_forecast,arima_forecast,prophet_forecast,xgb_forecast,sma_metrics,es_metrics,lr_metrics,arima_metrics,prophet_metrics,xgb_metrics
PA0508,CADIVEU ESSENTIALS -QS QUARTZ POWER DROPS 65ML,CADIVEU,SOINS CAPILLAIRES,yearly,2026,3277.673845789086,"[""2022"", ""2023"", ""2024"", ""2025""]","[7180.112, 4513.536, 5630.88, 2018.792]",4835.830000000001,7180.112,2018.792,1881.9762959389261,-71.88355836232081,4,4054.402666666667,4045.7110255999996,1244.1759999999776,3824.7094634528057,3508.9604790150734,2988.0834399999967,"{""MAE"": 3756.0506666666674, ""MSE"": 14107916.610567117, ""RMSE"": 3756.0506666666674, ""MAPE"": 186.05436650564633, ""R2"": NaN}","{""MAE"": 2517.468213333333, ""MSE"": 8261074.5481675165, ""RMSE"": 2874.208508123152, ""MAPE"": 92.42966293723468, ""R2"": -2.6233869133911423}","{""MAE"": 851.3352000001204, ""MSE"": 961839.0873329983, ""RMSE"": 980.7339533905198, ""MAPE"": 21.34063684108012, ""R2"": 0.7284347951016328}","{""MAE"": 2707.2869295970686, ""MSE"": 15267095.744636945, ""RMSE"": 3907.313110647385, ""MAPE"": 65.87451781173834, ""R2"": -3.3105047805776397}","{""MAE"": 629.3561337717408, ""MSE"": 591730.3137183023, ""RMSE"": 769.2400884758297, ""MAPE"": 11.983005499001226, ""R2"": 0.8329311357733872}","{""MAE"": 762.8810799999998, ""MSE"": 613363.7728050753, ""RMSE"": 783.1754419062662, ""MAPE"": 21.41568174631533, ""R2"": 0.8268231548991123}"
