ref_article,designation,marque,famille,frequency,next_period,avg_forecast,historical_periods,historical_values,avg_sales,max_sales,min_sales,std_sales,trend_pct,data_points,sma_forecast,es_forecast,xgb_forecast,sma_metrics,es_metrics,xgb_metrics
PA0567,CADIVEU PROF NUTRI GLOW NOURISHING CONDIT 980ML,CADIVEU,SOINS CAPILLAIRES,yearly,2026,594.5845000000004,"['2024', '2025']","[835.3530000000001, 422.60699999999997]",628.98,835.3530000000001,422.60699999999997,206.37300000000005,-49.40977048026404,2,628.98,624.85254,529.9209600000012,,"{""MAE"": 412.7460000000001, ""MSE"": 170359.26051600007, ""RMSE"": 412.7460000000001, ""MAPE"": 97.66662644016785, ""R2"": NaN}","{""MAE"": 99.05903999999992, ""MSE"": 9880.837109928007, ""RMSE"": 99.40239992036413, ""MAPE"": 18.13173619005092, ""R2"": 0.7679999999999999}"
