ref_article,designation,marque,famille,frequency,next_period,avg_forecast,historical_periods,historical_values,avg_sales,max_sales,min_sales,std_sales,trend_pct,data_points,sma_forecast,es_forecast,lr_forecast,arima_forecast,prophet_forecast,xgb_forecast,sma_metrics,es_metrics,lr_metrics,arima_metrics,prophet_metrics,xgb_metrics
PA0607,BRASIL CACAU - BOTOX VEGAN 1L,CADIVEU,LISSAGE,yearly,2026,143940.10330955885,"[""2023"", ""2024"", ""2025""]","[486417.97500000003, 266749.913, 105633.345]",286267.07766666665,486417.97500000003,105633.345,156066.0616502481,-78.28342075557548,3,286267.07766666665,259926.60858599996,0.0,146050.5523846862,0.0,171396.38122000024,,"{""MAE"": 267276.13670000003, ""MSE"": 73703062025.91788, ""RMSE"": 271483.0787101065, ""MAPE"": 190.22074726026287, ""R2"": -10.357039022588804}","{""MAE"": 13011.443111119917, ""MSE"": 190459858.31289113, ""RMSE"": 13800.719485334492, ""MAPE"": 6.187010225508124, ""R2"": 0.992180364404956}",,"{""MAE"": 5.6523402154077, ""MSE"": 31.950789543392688, ""RMSE"": 5.652502945014066, ""MAPE"": 0.002864095345006783, ""R2"": 0.999999998688209}","{""MAE"": 63657.943853333185, ""MSE"": 4073604964.7779975, ""RMSE"": 63824.79897953457, ""MAPE"": 32.563739102512486, ""R2"": 0.8327516009678265}"
