ref_article,designation,marque,famille,frequency,next_period,avg_forecast,historical_periods,historical_values,avg_sales,max_sales,min_sales,std_sales,trend_pct,data_points,sma_forecast,es_forecast,lr_forecast,arima_forecast,prophet_forecast,xgb_forecast,sma_metrics,es_metrics,lr_metrics,arima_metrics,prophet_metrics,xgb_metrics
RBGDEX550,RB GEL DOUCHE EXOTIQUE 550ML-6192488206464,RENEE BLANCHE,MASS MARKET,yearly,2025,5019.885121995868,"[""2022"", ""2023"", ""2024""]","[18621.233, 21584.206, -258.562]",13315.625666666667,21584.206,-258.562,9674.321004842193,-101.3885331868196,3,13315.625666666667,9428.094580999998,0.0,355.7600143085384,0.0,7019.83047,,"{""MAE"": 11365.82995, ""MSE"": 199790095.3744803, ""RMSE"": 14134.712426309929, ""MAPE"": 3829.677410443704, ""R2"": -0.6750146103902652}","{""MAE"": 5512.386888888924, ""MSE"": 34184710.36439338, ""RMSE"": 5846.7692244857235, ""MAPE"": 553.1551837833691, ""R2"": 0.6347494174485342}",,"{""MAE"": 5502.525092210285, ""MSE"": 34081515.65503507, ""RMSE"": 5837.937620002039, ""MAPE"": 557.4202118251687, ""R2"": 0.6358520135304544}","{""MAE"": 3018.4812133333276, ""MSE"": 18660044.959865127, ""RMSE"": 4319.727417310625, ""MAPE"": 941.0720547859818, ""R2"": 0.8006245418090081}"
