ref_article,designation,marque,famille,frequency,next_period,avg_forecast,historical_periods,historical_values,avg_sales,max_sales,min_sales,std_sales,trend_pct,data_points,sma_forecast,es_forecast,lr_forecast,arima_forecast,prophet_forecast,xgb_forecast,sma_metrics,es_metrics,lr_metrics,arima_metrics,prophet_metrics,xgb_metrics
RBGDS250,RB GEL DOUCHE SENSUEL 250ML-6192488205849,RENEE BLANCHE,MASS MARKET,yearly,2026,12582.160967818658,"[""2022"", ""2023"", ""2024"", ""2025""]","[10770.749, 16527.445, 15890.663999999999, 9021.74]",13052.6495,16527.445,9021.74,3224.276328035525,-16.238508575401767,4,13813.282999999998,11223.745933399998,11581.69750000001,6084.239825639321,21731.696917872625,11058.302629999993,"{""MAE"": 5374.546, ""MSE"": 28885744.706116002, ""RMSE"": 5374.546, ""MAPE"": 59.573275221852995, ""R2"": NaN}","{""MAE"": 4547.83062, ""MSE"": 21615468.531556446, ""RMSE"": 4649.243866647183, ""MAPE"": 35.33149492948542, ""R2"": -0.8719514952200591}","{""MAE"": 3156.4049999999415, ""MSE"": 9963217.882269083, ""RMSE"": 3156.456538948237, ""MAPE"": 25.8082097066368, ""R2"": 0.041625789940748725}","{""MAE"": 5452.804224662505, ""MSE"": 42733850.87103103, ""RMSE"": 6537.113343902723, ""MAPE"": 50.18951553397897, ""R2"": -3.1106217946110872}","{""MAE"": 1064.5198254912298, ""MSE"": 1662620.8039235624, ""RMSE"": 1289.4265407240393, ""MAPE"": 7.416851386881701, ""R2"": 0.8400704553070129}","{""MAE"": 1415.5238899999895, ""MSE"": 2537456.928440011, ""RMSE"": 1592.939712744965, ""MAPE"": 12.484042921454424, ""R2"": 0.7559188900524948}"
