ref_article,designation,marque,famille,frequency,next_period,avg_forecast,historical_periods,historical_values,avg_sales,max_sales,min_sales,std_sales,trend_pct,data_points,sma_forecast,es_forecast,arima_forecast,xgb_forecast,sma_metrics,es_metrics,arima_metrics,xgb_metrics
RBGDEX550,RB GEL DOUCHE EXOTIQUE 550ML-6192488206464,RENEE BLANCHE,MASS MARKET,yearly,2025,7529.827682993801,"['2022', '2023', '2024']","[18621.233, 21584.206, -258.562]",13315.625666666667,21584.206,-258.562,9674.321004842193,-101.3885331868196,3,13315.625666666667,9428.094580999998,355.7600143085384,7019.83047,,"{""MAE"": 11365.82995, ""MSE"": 199790095.3744803, ""RMSE"": 14134.712426309929, ""MAPE"": 3829.677410443704, ""R2"": -0.6750146103902652}",,"{""MAE"": 3018.4812133333276, ""MSE"": 18660044.959865127, ""RMSE"": 4319.727417310625, ""MAPE"": 941.0720547859818, ""R2"": 0.8006245418090081}"
