ref_article,designation,marque,famille,frequency,next_period,avg_forecast,historical_periods,historical_values,avg_sales,max_sales,min_sales,std_sales,trend_pct,data_points,sma_forecast,es_forecast,lr_forecast,arima_forecast,prophet_forecast,xgb_forecast,sma_metrics,es_metrics,lr_metrics,arima_metrics,prophet_metrics,xgb_metrics
RBKTPS,KERA/THER RB SHAMP PROTECTEUR 250ML-6192488205795,RENEE BLANCHE,MASS MARKET,yearly,2026,2597.8755457714037,"[""2022"", ""2023"", ""2024"", ""2025""]","[12142.369999999999, 5334.679, 1866.62, 3611.574]",5738.81075,12142.369999999999,1866.62,3895.1216583874093,-70.25643264041534,4,3604.2909999999997,5580.6173861,0.0,3054.043418528421,0.0,3348.30147,"{""MAE"": 2836.315666666666, ""MSE"": 8044686.560978774, ""RMSE"": 2836.315666666666, ""MAPE"": 78.53405929566073, ""R2"": NaN}","{""MAE"": 6353.19653, ""MSE"": 43427407.72851332, ""RMSE"": 6589.9474753986715, ""MAPE"": 226.65545907017523, ""R2"": -20.663890719565636}","{""MAE"": 2138.1612499999997, ""MSE"": 4615602.985641162, ""RMSE"": 2148.395444428507, ""MAPE"": 60.7621707309414, ""R2"": 0.6957809596238178}","{""MAE"": 5394.187388612601, ""MSE"": 47409509.22579167, ""RMSE"": 6885.456355666752, ""MAPE"": 119.77097561582339, ""R2"": -2.1248084911645817}","{""MAE"": 546.7013759351263, ""MSE"": 448027.218615919, ""RMSE"": 669.3483537112189, ""MAPE"": 13.537914586958145, ""R2"": 0.9704700748886418}","{""MAE"": 1342.8776900000003, ""MSE"": 2418604.642171875, ""RMSE"": 1555.1863689512827, ""MAPE"": 28.445849413092798, ""R2"": 0.8405873326670669}"
