ref_article,designation,marque,famille,frequency,next_period,avg_forecast,historical_periods,historical_values,avg_sales,max_sales,min_sales,std_sales,trend_pct,data_points,sma_forecast,es_forecast,arima_forecast,xgb_forecast,sma_metrics,es_metrics,arima_metrics,xgb_metrics
RBKTPUC,KERA/THER RB CONDIT PURIFIANT 250ML-6192488205979,RENEE BLANCHE,MASS MARKET,yearly,2026,3085.2394580151913,"['2022', '2023', '2024', '2025']","[12339.89, 4945.059, 2003.984, 2163.226]",5363.03975,12339.89,2003.984,4194.437116127525,-82.46964924322664,4,3037.4230000000002,4869.4850681,2111.128693960768,2322.921069999997,"{""MAE"": 4266.418333333333, ""MSE"": 18202325.395002775, ""RMSE"": 4266.418333333333, ""MAPE"": 197.22480838032334, ""R2"": NaN}","{""MAE"": 7011.755129999999, ""MSE"": 50359970.45305786, ""RMSE"": 7096.475917880499, ""MAPE"": 269.9726116742619, ""R2"": -26.613207350441918}","{""MAE"": 5523.4572104074405, ""MSE"": 48635910.399372056, ""RMSE"": 6973.945110149065, ""MAPE"": 119.30342653749051, ""R2"": -1.7644559506674566}","{""MAE"": 1349.661504999998, ""MSE"": 2675278.03645733, ""RMSE"": 1635.6277193962353, ""MAPE"": 26.629208669474036, ""R2"": 0.8479377022688589}"
