ref_article,designation,marque,famille,frequency,next_period,avg_forecast,historical_periods,historical_values,avg_sales,max_sales,min_sales,std_sales,trend_pct,data_points,sma_forecast,es_forecast,lr_forecast,arima_forecast,prophet_forecast,xgb_forecast,sma_metrics,es_metrics,lr_metrics,arima_metrics,prophet_metrics,xgb_metrics
RBO1203,R.B OXY 30V 120ML 6192488202831,RENEE BLANCHE,COLORATION 60ML,yearly,2026,6346.752070578943,"[""2021"", ""2022"", ""2023"", ""2024"", ""2025""]","[27499.519, 32491.107, 9218.353000000001, 13513.203, 6117.725]",17767.9814,32491.107,6117.725,10376.90715666786,-77.75333815838744,5,9616.427000000001,13017.227710239997,0.0,6735.751613233668,0.0,8711.10609999999,"{""MAE"": 10923.143000000002, ""MSE"": 121182884.53216915, ""RMSE"": 11008.309794522007, ""MAPE"": 135.80414297391505, ""R2"": -7.862755700176155}","{""MAE"": 12100.261964, ""MSE"": 176395189.2076252, ""RMSE"": 13281.385063600303, ""MAPE"": 132.6885687123393, ""R2"": -0.6798642677338465}","{""MAE"": 4466.5556799999085, ""MSE"": 31439965.450383358, ""RMSE"": 5607.135226689594, ""MAPE"": 30.837391081758582, ""R2"": 0.7080246430995718}","{""MAE"": 13403.601659061493, ""MSE"": 277316650.92492783, ""RMSE"": 16652.82711508553, ""MAPE"": 100.54808674186444, ""R2"": -1.5753726815005131}","{""MAE"": 4467.707823997645, ""MSE"": 31192662.02188333, ""RMSE"": 5585.039124472033, ""MAPE"": 29.179450719237472, ""R2"": 0.7103212902416606}","{""MAE"": 2612.6982360000006, ""MSE"": 10853529.810590018, ""RMSE"": 3294.4695795514667, ""MAPE"": 25.59617113922763, ""R2"": 0.8992058930510747}"
