ref_article,designation,marque,famille,frequency,next_period,avg_forecast,historical_periods,historical_values,avg_sales,max_sales,min_sales,std_sales,trend_pct,data_points,sma_forecast,es_forecast,lr_forecast,arima_forecast,prophet_forecast,xgb_forecast,sma_metrics,es_metrics,lr_metrics,arima_metrics,prophet_metrics,xgb_metrics
RBPM400G,RB P.MECHE BLANC 400G,RENEE BLANCHE,COLORATION 60ML,yearly,2026,1047.33558804055,"[""2021"", ""2022"", ""2023"", ""2024"", ""2025""]","[2824.682, 4276.05, 3879.9449999999997, 1665.038, 223.12800000000001]",2573.7686000000003,4276.05,223.12800000000001,1484.4607654463084,-92.10077452966387,5,1922.7036666666665,1540.5503917399992,229.53260000003502,0.0,1670.5857398366006,920.6411299999993,"{""MAE"": 2522.8686666666663, ""MSE"": 6643313.547009444, ""RMSE"": 2577.4626179654756, ""MAPE"": 743.5015510030624, ""R2"": -11.781105928719395}","{""MAE"": 1635.2119764999998, ""MSE"": 3222836.4071587217, ""RMSE"": 1795.226004479303, ""MAPE"": 340.4622505872485, ""R2"": -0.1784302445862842}","{""MAE"": 890.8183200000092, ""MSE"": 982414.33666144, ""RMSE"": 991.1681676998309, ""MAPE"": 92.47395700751146, ""R2"": 0.5541823642292065}","{""MAE"": 1323.2802533710696, ""MSE"": 2718848.815014857, ""RMSE"": 1648.893209099624, ""MAPE"": 71.02738687779946, ""R2"": -0.23380808432345268}","{""MAE"": 726.404709795306, ""MSE"": 655741.513476805, ""RMSE"": 809.7786817870701, ""MAPE"": 27.10286312002031, ""R2"": 0.7024258296062125}","{""MAE"": 412.90520600000053, ""MSE"": 214550.2957315092, ""RMSE"": 463.19574235036873, ""MAPE"": 73.59427905268052, ""R2"": 0.9026375104398451}"
