ref_article,designation,marque,famille,frequency,next_period,avg_forecast,historical_periods,historical_values,avg_sales,max_sales,min_sales,std_sales,trend_pct,data_points,sma_forecast,es_forecast,lr_forecast,arima_forecast,prophet_forecast,xgb_forecast,sma_metrics,es_metrics,lr_metrics,arima_metrics,prophet_metrics,xgb_metrics
RBT/1.1,TEINT RENEE BLANCHE 1.1  60ML,RENEE BLANCHE,COLORATION 60ML,yearly,2026,5428.189857800919,"[""2021"", ""2022"", ""2023"", ""2024"", ""2025""]","[30193.478, 14663.256, 9620.203, 8825.045, 5486.105]",13757.6174,30193.478,5486.105,8727.24562182554,-81.83016544168909,5,7977.117666666666,11215.926230839998,0.0,6582.325369298855,0.0,6793.7698799999935,"{""MAE"": 7441.9985, ""MSE"": 58962761.61016249, ""RMSE"": 7678.7213525535935, ""MAPE"": 103.46611809786468, ""R2"": -20.15536767165264}","{""MAE"": 13768.261748999998, ""MSE"": 193408692.15838978, ""RMSE"": 13907.145363387475, ""MAPE"": 154.93161735019206, ""R2"": -16.928054011033336}","{""MAE"": 3502.8286000002654, ""MSE"": 15107030.998798002, ""RMSE"": 3886.7764276837433, ""MAPE"": 29.944295797223504, ""R2"": 0.8016534173692359}","{""MAE"": 10444.40669805571, ""MSE"": 213505387.7955197, ""RMSE"": 14611.823561606529, ""MAPE"": 67.72269689816233, ""R2"": -1.8032023000328015}","{""MAE"": 2862.202950739412, ""MSE"": 10624235.323232878, ""RMSE"": 3259.483904429178, ""MAPE"": 21.607106259532078, ""R2"": 0.8605099327858691}","{""MAE"": 2222.1558540000033, ""MSE"": 8070114.254815197, ""RMSE"": 2840.7946519970774, ""MAPE"": 15.637823016107438, ""R2"": 0.8940440657062417}"
