ref_article,designation,marque,famille,frequency,next_period,avg_forecast,historical_periods,historical_values,avg_sales,max_sales,min_sales,std_sales,trend_pct,data_points,sma_forecast,es_forecast,arima_forecast,xgb_forecast,sma_metrics,es_metrics,arima_metrics,xgb_metrics
RBT/6.58,TEINT RENEE BLANCHE 6.58  60ML,RENEE BLANCHE,COLORATION 60ML,yearly,2026,7571.508202622586,"['2021', '2022', '2023', '2024', '2025']","[19797.674, 12617.360999999999, 9724.144, 7651.561, 5932.036]",11144.555199999999,19797.674,5932.036,4866.92006838236,-70.0367022913904,5,7769.247,9386.95582661,6368.75867388035,6761.071309999994,"{""MAE"": 5230.242333333333, ""MSE"": 28711703.95709888, ""RMSE"": 5358.330332958101, ""MAPE"": 76.05637156058717, ""R2"": -37.84203452848874}","{""MAE"": 7441.698539749999, ""MSE"": 55498817.0357563, ""RMSE"": 7449.752817091067, ""MAPE"": 89.18687955561482, ""R2"": -7.937376888098523}","{""MAE"": 6423.610758712576, ""MSE"": 86725170.01385757, ""RMSE"": 9312.63496620895, ""MAPE"": 48.653980952790285, ""R2"": -2.661311945213814}","{""MAE"": 1171.4112959999916, ""MSE"": 1857862.313778514, ""RMSE"": 1363.0342305967647, ""MAPE"": 10.227374358668124, ""R2"": 0.9215658674302634}"
