ref_article,designation,marque,famille,frequency,next_period,avg_forecast,historical_periods,historical_values,avg_sales,max_sales,min_sales,std_sales,trend_pct,data_points,sma_forecast,es_forecast,lr_forecast,arima_forecast,prophet_forecast,xgb_forecast,sma_metrics,es_metrics,lr_metrics,arima_metrics,prophet_metrics,xgb_metrics
RBT/9.1,TEINT RENEE BLANCHE 9.1 60ML,RENEE BLANCHE,COLORATION 60ML,yearly,2026,14605.17092049543,"[""2022"", ""2023"", ""2024"", ""2025""]","[36815.551, 25480.763, 21611.024, 14183.679]",24522.75425,36815.551,14183.679,8176.265693698663,-61.47367453498116,4,20425.155333333332,21871.881125799995,6581.415499998257,15914.971057488581,6229.111726352412,16608.490779999996,"{""MAE"": 13785.433666666668, ""MSE"": 190038181.3780668, ""RMSE"": 13785.433666666668, ""MAPE"": 97.19222824111196, ""R2"": NaN}","{""MAE"": 12943.029006666666, ""MSE"": 171332204.72033042, ""RMSE"": 13089.392832378835, ""MAPE"": 69.90865605873843, ""R2"": -6.797103655030595}","{""MAE"": 1315.1295000001755, ""MSE"": 2472993.4655019534, ""RMSE"": 1572.5754244238822, ""MAPE"": 5.151246369380034, ""R2"": 0.9630075600626747}","{""MAE"": 13651.388893183415, ""MSE"": 368965669.37839776, ""RMSE"": 19208.47910112609, ""MAPE"": 50.10742333408924, ""R2"": -4.519197908856999}","{""MAE"": 1202.0210221138477, ""MSE"": 2166310.9442138015, ""RMSE"": 1471.8393065188202, ""MAPE"": 4.566048200165818, ""R2"": 0.9675950912902498}","{""MAE"": 2474.7867149999993, ""MSE"": 7488403.901714982, ""RMSE"": 2736.4948203340314, ""MAPE"": 10.548211040578192, ""R2"": 0.8879842039920647}"
