ref_article,designation,marque,famille,frequency,next_period,avg_forecast,historical_periods,historical_values,avg_sales,max_sales,min_sales,std_sales,trend_pct,data_points,sma_forecast,es_forecast,lr_forecast,arima_forecast,prophet_forecast,xgb_forecast,sma_metrics,es_metrics,lr_metrics,arima_metrics,prophet_metrics,xgb_metrics
RBT/9.31,TEINT RENEE BLANCHE 9.31  60ML,RENEE BLANCHE,COLORATION 60ML,yearly,2026,5385.706366296315,"[""2021"", ""2022"", ""2023"", ""2024"", ""2025""]","[26526.206, 14930.485999999999, 9792.405, 7133.933, 6106.834]",12897.9728,26526.206,6106.834,7467.90629880963,-76.97810987368491,5,7677.723999999999,10704.514314499995,0.0,7133.928123277889,0.0,6798.0717600000025,"{""MAE"": 7230.603333333333, ""MSE"": 59671845.0660271, ""RMSE"": 7724.755340205093, ""MAPE"": 106.67391357634763, ""R2"": -225.25846951378725}","{""MAE"": 11542.714387499997, ""MSE"": 135172951.43308997, ""RMSE"": 11626.390301081845, ""MAPE"": 133.50024273030525, ""R2"": -10.581157953678916}","{""MAE"": 2734.837759999927, ""MSE"": 8461782.202236377, ""RMSE"": 2908.9142651918046, ""MAPE"": 25.21622499366753, ""R2"": 0.8482725627086234}","{""MAE"": 13934.479399309334, ""MSE"": 256188529.8050754, ""RMSE"": 16005.890472106681, ""MAPE"": 108.10468154460146, ""R2"": -3.593692931554809}","{""MAE"": 1673.4240226056877, ""MSE"": 3643768.4176820526, ""RMSE"": 1908.8657411358329, ""MAPE"": 13.695870991905654, ""R2"": 0.9346639241137599}","{""MAE"": 1786.455366000007, ""MSE"": 4646865.225815064, ""RMSE"": 2155.6588843820036, ""MAPE"": 12.99964046130794, ""R2"": 0.9166774876378887}"
