ref_article,designation,marque,famille,frequency,next_period,avg_forecast,historical_periods,historical_values,avg_sales,max_sales,min_sales,std_sales,trend_pct,data_points,sma_forecast,es_forecast,arima_forecast,xgb_forecast,sma_metrics,es_metrics,arima_metrics,xgb_metrics
RBT/1.0,TEINT RENEE BLANCHE 1.0  60ML,RENEE BLANCHE,COLORATION 60ML,yearly,2026,29685.739223710676,"['2021', '2022', '2023', '2024', '2025']","[53320.639, 36463.133, 35706.443, 36537.195999999996, 23070.876]",37019.6574,53320.639,23070.876,9618.290119758058,-56.731808859229915,5,31771.505,32399.346823419997,26982.314241422686,27589.79083000002,"{""MAE"": 9228.795166666665, ""MSE"": 100662122.53877023, ""RMSE"": 10033.051506833313, ""MAPE"": 35.77415807703089, ""R2"": -1.2203846389791106}","{""MAE"": 14102.8134245, ""MSE"": 216908401.88540336, ""RMSE"": 14727.81049190284, ""MAPE"": 46.425172709486766, ""R2"": -5.653375685585324}","{""MAE"": 14881.847071927836, ""MSE"": 610576241.6919328, ""RMSE"": 24709.84098880308, ""MAPE"": 35.842884833202696, ""R2"": -5.600003349077711}","{""MAE"": 3066.5301959999874, ""MSE"": 13063361.810262458, ""RMSE"": 3614.3272970585354, ""MAPE"": 8.994690708819238, ""R2"": 0.8587920298715985}"
