ref_article,designation,marque,famille,frequency,next_period,avg_forecast,historical_periods,historical_values,avg_sales,max_sales,min_sales,std_sales,trend_pct,data_points,sma_forecast,es_forecast,lr_forecast,arima_forecast,prophet_forecast,xgb_forecast,sma_metrics,es_metrics,lr_metrics,arima_metrics,prophet_metrics,xgb_metrics
RBT/8.31,TEINT RENEE BLANCHE 8.31  60ML,RENEE BLANCHE,COLORATION 60ML,yearly,2026,7112.9890830032955,"[""2021"", ""2022"", ""2023"", ""2024"", ""2025""]","[27584.171, 11974.797, 11684.967, 9494.24, 8754.904]",13898.6158,27584.171,8754.904,6953.445738427916,-68.26113063176705,5,9978.037000000002,12561.653672179997,1856.8884999994189,9072.115055840364,0.0,9209.240269999988,"{""MAE"": 4941.751166666666, ""MSE"": 31418625.1409716, ""RMSE"": 5605.231943548063, ""MAPE"": 53.07129269953321, ""R2"": -228.91296432520448}","{""MAE"": 11159.210985499996, ""MSE"": 132665313.95925064, ""RMSE"": 11518.042974362035, ""MAPE"": 105.21269075440371, ""R2"": -68.51276363667812}","{""MAE"": 3416.7373599999582, ""MSE"": 16127475.111135736, ""RMSE"": 4015.9027766040026, ""MAPE"": 25.219171247533616, ""R2"": 0.6664459329458257}","{""MAE"": 8562.257475421171, ""MSE"": 167182164.6658324, ""RMSE"": 12929.89422485089, ""MAPE"": 47.76311301163993, ""R2"": -2.4577198587461977}","{""MAE"": 2625.16578446769, ""MSE"": 11576203.957202107, ""RMSE"": 3402.382100411726, ""MAPE"": 19.07987301118743, ""R2"": 0.7605769108701189}","{""MAE"": 1936.087727999995, ""MSE"": 7506359.4415056305, ""RMSE"": 2739.773611360185, ""MAPE"": 12.376664822769525, ""R2"": 0.8447508550947389}"
