ref_article,designation,marque,famille,frequency,next_period,avg_forecast,historical_periods,historical_values,avg_sales,max_sales,min_sales,std_sales,trend_pct,data_points,sma_forecast,es_forecast,lr_forecast,arima_forecast,prophet_forecast,xgb_forecast,sma_metrics,es_metrics,lr_metrics,arima_metrics,prophet_metrics,xgb_metrics
RBT/11.1,TEINT RENEE BLANCHE 11.1  60ML,RENEE BLANCHE,COLORATION 60ML,yearly,2026,4937.26808387917,"[""2021"", ""2022"", ""2023"", ""2024"", ""2025""]","[30802.374, 13461.593, 10530.509, 7302.206, 4613.693]",13342.075,30802.374,4613.693,9224.379642763692,-85.02163177422624,5,7482.1359999999995,10656.590630069997,0.0,5607.9255032050205,0.0,5876.956370000007,"{""MAE"": 8390.181166666667, ""MSE"": 77012578.1308114, ""RMSE"": 8775.681063644655, ""MAPE"": 138.11240769209374, ""R2"": -41.6184226620849}","{""MAE"": 14629.97508325, ""MSE"": 217423147.13599944, ""RMSE"": 14745.275417434543, ""MAPE"": 181.9729356933066, ""R2"": -18.601644807678635}","{""MAE"": 3492.7667999994783, ""MSE"": 16558160.124050971, ""RMSE"": 4069.171921171551, ""MAPE"": 31.018086162758486, ""R2"": 0.8054022830614825}","{""MAE"": 10905.670326439835, ""MSE"": 221609460.68785924, ""RMSE"": 14886.553015653397, ""MAPE"": 75.579627776628, ""R2"": -1.6044376173892831}","{""MAE"": 2746.2794563250513, ""MSE"": 11580606.404243872, ""RMSE"": 3403.029004320103, ""MAPE"": 20.791806622450498, ""R2"": 0.8639003639204996}","{""MAE"": 2410.9896380000077, ""MSE"": 9677561.828271268, ""RMSE"": 3110.8779835074324, ""MAPE"": 18.250973975265055, ""R2"": 0.886265658551187}"
