ref_article,designation,marque,famille,frequency,next_period,avg_forecast,historical_periods,historical_values,avg_sales,max_sales,min_sales,std_sales,trend_pct,data_points,sma_forecast,es_forecast,lr_forecast,arima_forecast,prophet_forecast,xgb_forecast,sma_metrics,es_metrics,lr_metrics,arima_metrics,prophet_metrics,xgb_metrics
RBT/6.3,TEINT RENEE BLANCHE 6.3  60ML,RENEE BLANCHE,COLORATION 60ML,yearly,2026,5631.688811437423,"[""2021"", ""2022"", ""2023"", ""2024"", ""2025""]","[26131.061, 14188.195, 10273.958999999999, 9261.945, 6041.442]",13179.3204,26131.061,6041.442,6978.562537808703,-76.88022694524345,5,8525.782,10913.654824219999,0.0,7044.917044404533,0.0,7305.779000000002,"{""MAE"": 6401.192166666666, ""MSE"": 42418305.56199605, ""RMSE"": 6512.933713926163, ""MAPE"": 84.07683641457882, ""R2"": -15.35934425349096}","{""MAE"": 10941.0958045, ""MSE"": 121098653.7828188, ""RMSE"": 11004.483349199943, ""MAPE"": 117.98044989318316, ""R2"": -13.323914759683012}","{""MAE"": 2562.8142400000725, ""MSE"": 8010234.13974308, ""RMSE"": 2830.235703919919, ""MAPE"": 21.115443209120215, ""R2"": 0.8355199379169702}","{""MAE"": 8726.65894701762, ""MSE"": 155083900.06393868, ""RMSE"": 12453.268649793863, ""MAPE"": 57.16642661934653, ""R2"": -2.1844524224373254}","{""MAE"": 2100.9475209511174, ""MSE"": 5767803.386558943, ""RMSE"": 2401.6251552977506, ""MAPE"": 15.734906116582781, ""R2"": 0.8815654271081828}","{""MAE"": 1768.9279440000005, ""MSE"": 4887126.822353885, ""RMSE"": 2210.684695372428, ""MAPE"": 13.022022983480088, ""R2"": 0.899649010362862}"
