ref_article,designation,marque,famille,frequency,next_period,avg_forecast,historical_periods,historical_values,avg_sales,max_sales,min_sales,std_sales,trend_pct,data_points,sma_forecast,es_forecast,lr_forecast,arima_forecast,prophet_forecast,xgb_forecast,sma_metrics,es_metrics,lr_metrics,arima_metrics,prophet_metrics,xgb_metrics
RBT/6.1,TEINT RENEE BLANCHE 6.1  60ML,RENEE BLANCHE,COLORATION 60ML,yearly,2026,24116.078262327315,"[""2021"", ""2022"", ""2023"", ""2024"", ""2025""]","[54447.104, 35886.036, 34764.859, 33365.275, 20680.514]",35828.7576,54447.104,20680.514,10801.074154009177,-62.01723786815181,5,29603.54933333333,30764.857498459995,14812.575300000608,24444.35731216474,19929.411290005257,25141.718839999976,"{""MAE"": 11162.80033333333, ""MSE"": 132609894.47025883, ""RMSE"": 11515.636954604763, ""MAPE"": 46.316960008547866, ""R2"": -2.296638627339607}","{""MAE"": 16133.654168499997, ""MSE"": 273621969.91049474, ""RMSE"": 16541.52259952193, ""MAPE"": 56.410372859403054, ""R2"": -6.295978543911259}","{""MAE"": 3659.787880000339, ""MSE"": 18512109.887777172, ""RMSE"": 4302.570149082659, ""MAPE"": 9.999430778129698, ""R2"": 0.8413200612471227}","{""MAE"": 15717.191370585593, ""MSE"": 638041843.1737055, ""RMSE"": 25259.49016060509, ""MAPE"": 39.01320184628884, ""R2"": -4.4690924594945445}","{""MAE"": 3227.0588319588232, ""MSE"": 16140945.815384815, ""RMSE"": 4017.579596645823, ""MAPE"": 8.21788311663569, ""R2"": 0.8616449281618697}","{""MAE"": 3090.5178859999987, ""MSE"": 14535782.537055591, ""RMSE"": 3812.582135122546, ""MAPE"": 9.428445792596033, ""R2"": 0.8754038790452491}"
