ref_article,designation,marque,famille,frequency,next_period,avg_forecast,historical_periods,historical_values,avg_sales,max_sales,min_sales,std_sales,trend_pct,data_points,sma_forecast,es_forecast,lr_forecast,arima_forecast,prophet_forecast,xgb_forecast,sma_metrics,es_metrics,lr_metrics,arima_metrics,prophet_metrics,xgb_metrics
RBT/10.3,TEINT RENEE BLANCHE 10.3  60ML,RENEE BLANCHE,COLORATION 60ML,yearly,2026,3662.239865715624,"[""2021"", ""2022"", ""2023"", ""2024"", ""2025""]","[23923.624, 9909.938, 6849.333, 5212.818, 3674.729]",9914.088399999999,23923.624,3674.729,7303.30582286681,-84.63974772383983,5,5245.626666666666,8079.848721519999,0.0,4241.786096107078,0.0,4406.17771,"{""MAE"": 5998.723833333332, ""MSE"": 41504476.84467137, ""RMSE"": 6442.396824526673, ""MAPE"": 129.727274403322, ""R2"": -69.17654825489865}","{""MAE"": 11629.889022, ""MSE"": 139043908.9626789, ""RMSE"": 11791.68813031785, ""MAPE"": 194.54504009800786, ""R2"": -25.0412086467029}","{""MAE"": 3108.0704800005137, ""MSE"": 12486678.144161943, ""RMSE"": 3533.649408778684, ""MAPE"": 38.1685163406592, ""R2"": 0.7658964800874896}","{""MAE"": 8502.795465433197, ""MSE"": 136406704.15922529, ""RMSE"": 11679.328069680434, ""MAPE"": 77.2990911779049, ""R2"": -1.557388699753529}","{""MAE"": 2418.3255602702884, ""MSE"": 8211443.492280555, ""RMSE"": 2865.5616364476537, ""MAPE"": 26.32973877650837, ""R2"": 0.8460497016971382}","{""MAE"": 1897.1920779999964, ""MSE"": 6241407.216684481, ""RMSE"": 2498.280852243094, ""MAPE"": 17.87969964561054, ""R2"": 0.8829844589758786}"
