ref_article,designation,marque,famille,frequency,next_period,avg_forecast,historical_periods,historical_values,avg_sales,max_sales,min_sales,std_sales,trend_pct,data_points,sma_forecast,es_forecast,lr_forecast,arima_forecast,prophet_forecast,xgb_forecast,sma_metrics,es_metrics,lr_metrics,arima_metrics,prophet_metrics,xgb_metrics
RBT/7.2,TEINT RENEE BLANCHE 7.2  60ML,RENEE BLANCHE,COLORATION 60ML,yearly,2026,1908.9030476785872,"[""2021"", ""2022"", ""2023"", ""2024"", ""2025""]","[16372.406, 4924.419, 2666.342, 2083.736, 2129.585]",5635.2976,16372.406,2083.736,5468.256635609803,-86.99284027039154,5,2293.221,4773.180310789999,0.0,2175.4245552815246,0.0,2211.5924199999995,"{""MAE"": 3499.6168333333335, ""MSE"": 18028310.672680285, ""RMSE"": 4245.975821019272, ""MAPE"": 167.3833318593626, ""R2"": -34303.83139127965}","{""MAE"": 8721.880225249999, ""MSE"": 81521649.72984222, ""RMSE"": 9028.934030650695, ""MAPE"": 311.01735697216316, ""R2"": -59.36089720809067}","{""MAE"": 2892.558320000033, ""MSE"": 10275057.872778779, ""RMSE"": 3205.473112159698, ""MAPE"": 73.27982734512686, ""R2"": 0.6563736180929107}","{""MAE"": 11136.056488742284, ""MSE"": 225890365.1537083, ""RMSE"": 15029.649535292176, ""MAPE"": 223.86868477210683, ""R2"": -6.554399191373898}","{""MAE"": 2142.150636805975, ""MSE"": 6298795.470827654, ""RMSE"": 2509.7401201773173, ""MAPE"": 52.815916148121, ""R2"": 0.7893508411522047}","{""MAE"": 1422.8192480000027, ""MSE"": 4074700.690158808, ""RMSE"": 2018.5887867911106, ""MAPE"": 22.411811502347916, ""R2"": 0.8637307280552642}"
