ref_article,designation,marque,famille,frequency,next_period,avg_forecast,historical_periods,historical_values,avg_sales,max_sales,min_sales,std_sales,trend_pct,data_points,sma_forecast,es_forecast,lr_forecast,arima_forecast,prophet_forecast,xgb_forecast,sma_metrics,es_metrics,lr_metrics,arima_metrics,prophet_metrics,xgb_metrics
RBT/8.0,TEINT RENEE BLANCHE 8.0  60ML,RENEE BLANCHE,COLORATION 60ML,yearly,2026,29230.554826059335,"[""2021"", ""2022"", ""2023"", ""2024"", ""2025""]","[65618.386, 39216.452, 39990.278, 40997.391, 25176.606]",42199.8226,65618.386,25176.606,13064.818746231018,-61.63178106819025,5,35388.09166666667,36834.928315779995,18469.036299999803,30809.159475693923,23432.55698821562,30449.556210000006,"{""MAE"": 11084.540999999994, ""MSE"": 137359486.03205866, ""RMSE"": 11720.046332334128, ""MAPE"": 38.44969605954791, ""R2"": -1.1951418580680393}","{""MAE"": 19822.528195499995, ""MSE"": 426597890.71624196, ""RMSE"": 20654.246311987325, ""MAPE"": 58.47083707299833, ""R2"": -9.162473017732077}","{""MAE"": 5722.347879999948, ""MSE"": 45544995.89047664, ""RMSE"": 6748.703274739277, ""MAPE"": 13.204236758902182, ""R2"": 0.7331704711784235}","{""MAE"": 18854.315071478, ""MSE"": 926335669.5823376, ""RMSE"": 30435.7630031241, ""MAPE"": 38.896732551377255, ""R2"": -4.427022341590729}","{""MAE"": 5299.7919154191095, ""MSE"": 42318191.25574415, ""RMSE"": 6505.243366373325, ""MAPE"": 11.73737442329422, ""R2"": 0.7520750015983062}","{""MAE"": 4296.0206920000255, ""MSE"": 27182663.181532722, ""RMSE"": 5213.699567632635, ""MAPE"": 10.860488393649684, ""R2"": 0.8407478787288549}"
