ref_article,designation,marque,famille,frequency,next_period,avg_forecast,historical_periods,historical_values,avg_sales,max_sales,min_sales,std_sales,trend_pct,data_points,sma_forecast,es_forecast,lr_forecast,arima_forecast,prophet_forecast,xgb_forecast,sma_metrics,es_metrics,lr_metrics,arima_metrics,prophet_metrics,xgb_metrics
RBT/8.3,TEINT RENEE BLANCHE 8.3  60ML,RENEE BLANCHE,COLORATION 60ML,yearly,2026,5686.637915638224,"[""2021"", ""2022"", ""2023"", ""2024"", ""2025""]","[28413.415, 11975.009, 11427.487, 7892.2699999999995, 6421.8009999999995]",13225.996399999998,28413.415,6421.8009999999995,7876.585575233868,-77.39870057858234,5,8580.519333333332,11249.173169619997,0.0,7039.2545608760165,0.0,7250.880429999996,"{""MAE"": 6694.744000000001, ""MSE"": 52028587.73744279, ""RMSE"": 7213.084481512939, ""MAPE"": 90.64345433131669, ""R2"": -95.24768277068324}","{""MAE"": 12579.4733695, ""MSE"": 163986853.39516488, ""RMSE"": 12805.735175895403, ""MAPE"": 136.9698406516842, ""R2"": -28.97808613231529}","{""MAE"": 3353.2892800004784, ""MSE"": 15833856.651082551, ""RMSE"": 3979.177886333124, ""MAPE"": 27.272521600897125, ""R2"": 0.7447823430399358}","{""MAE"": 9490.55324200981, ""MSE"": 181888558.02775857, ""RMSE"": 13486.606616482835, ""MAPE"": 59.915254012205196, ""R2"": -1.9317665702446178}","{""MAE"": 2520.5898332445477, ""MSE"": 11504858.326884318, ""RMSE"": 3391.8812371432346, ""MAPE"": 19.004222356618726, ""R2"": 0.8145592037020146}","{""MAE"": 2172.792219999999, ""MSE"": 8511135.792140724, ""RMSE"": 2917.385094933599, ""MAPE"": 15.43622896689832, ""R2"": 0.8628134520347206}"
