ref_article,designation,marque,famille,frequency,next_period,avg_forecast,historical_periods,historical_values,avg_sales,max_sales,min_sales,std_sales,trend_pct,data_points,sma_forecast,es_forecast,lr_forecast,arima_forecast,prophet_forecast,xgb_forecast,sma_metrics,es_metrics,lr_metrics,arima_metrics,prophet_metrics,xgb_metrics
RBT/7.83,TEINT RENEE BLANCHE 7.83  60ML,RENEE BLANCHE,COLORATION 60ML,yearly,2026,5372.7459309464075,"[""2021"", ""2022"", ""2023"", ""2024"", ""2025""]","[24581.369, 10619.565, 8854.954, 7567.735, 6692.7699999999995]",11663.2786,24581.369,6692.7699999999995,6592.913132182725,-72.77299730539825,5,7705.152999999999,10333.262466379998,14.570199999958277,7042.089889298483,0.0,7141.400030000005,"{""MAE"": 4719.437833333334, ""MSE"": 28024088.185201395, ""RMSE"": 5293.778252363939, ""MAPE"": 64.36765944292819, ""R2"": -145.42327639133518}","{""MAE"": 10573.246230499997, ""MSE"": 117733140.2592177, ""RMSE"": 10850.490323447033, ""MAPE"": 124.12806243385066, ""R2"": -52.90592233914213}","{""MAE"": 3179.032719999969, ""MSE"": 13312635.26001184, ""RMSE"": 3648.6484155111248, ""MAPE"": 28.728497912510814, ""R2"": 0.6937265671937511}","{""MAE"": 7965.792736228526, ""MSE"": 136900334.86048388, ""RMSE"": 11700.441652368678, ""MAPE"": 54.5176628541005, ""R2"": -2.1495593991063866}","{""MAE"": 2479.132054138396, ""MSE"": 9045468.070647307, ""RMSE"": 3007.568464831234, ""MAPE"": 21.79359620744462, ""R2"": 0.7918979598533669}","{""MAE"": 1760.8771980000033, ""MSE"": 6030648.134382745, ""RMSE"": 2455.737798378065, ""MAPE"": 12.979297246325286, ""R2"": 0.8612575744704688}"
