ref_article,designation,marque,famille,frequency,next_period,avg_forecast,historical_periods,historical_values,avg_sales,max_sales,min_sales,std_sales,trend_pct,data_points,sma_forecast,es_forecast,lr_forecast,arima_forecast,prophet_forecast,xgb_forecast,sma_metrics,es_metrics,lr_metrics,arima_metrics,prophet_metrics,xgb_metrics
RBT/7.36,TEINT RENEE BLANCHE 7.36  60ML,RENEE BLANCHE,COLORATION 60ML,yearly,2026,1237.7553600417284,"[""2021"", ""2022"", ""2023"", ""2024"", ""2025""]","[9916.228, 3564.521, 2888.402, 1721.681, 953.568]",3808.8799999999997,9916.228,953.568,3184.835849629114,-90.38376285821586,5,1854.5503333333336,2959.996240389999,0.0,1278.731896527039,0.0,1333.253689999999,"{""MAE"": 2753.0013333333336, ""MSE"": 8542753.849203557, ""RMSE"": 2922.7989751612336, ""MAPE"": 201.3384238364126, ""R2"": -56.91721273208592}","{""MAE"": 5080.278285249999, ""MSE"": 26483503.463708967, ""RMSE"": 5146.212535808152, ""MAPE"": 265.24399821215445, ""R2"": -24.892681322258255}","{""MAE"": 1300.8143999998842, ""MSE"": 2327576.393370594, ""RMSE"": 1525.6396669497663, ""MAPE"": 47.498397564111215, ""R2"": 0.7705279277742256}","{""MAE"": 3730.412682393378, ""MSE"": 24082434.339821793, ""RMSE"": 4907.385692995997, ""MAPE"": 101.54934779047878, ""R2"": -1.374249080691794}","{""MAE"": 1017.5096102388336, ""MSE"": 1671853.3617969987, ""RMSE"": 1293.0016866953417, ""MAPE"": 29.067035607669116, ""R2"": 0.8351746234916805}","{""MAE"": 847.8478080000016, ""MSE"": 1275830.8022748088, ""RMSE"": 1129.5268045844723, ""MAPE"": 24.575637674252473, ""R2"": 0.8742178607579397}"
