ref_article,designation,marque,famille,frequency,next_period,avg_forecast,historical_periods,historical_values,avg_sales,max_sales,min_sales,std_sales,trend_pct,data_points,sma_forecast,es_forecast,lr_forecast,arima_forecast,prophet_forecast,xgb_forecast,sma_metrics,es_metrics,lr_metrics,arima_metrics,prophet_metrics,xgb_metrics
RBT/7.13,TEINT RENEE BLANCHE 7.13  60ML,RENEE BLANCHE,COLORATION 60ML,yearly,2026,10173.31681222179,"[""2021"", ""2022"", ""2023"", ""2024"", ""2025""]","[32681.271, 16352.198, 15361.565999999999, 14228.985999999999, 11604.953]",18045.794799999996,32681.271,11604.953,7487.629671409649,-64.49050895235989,5,13731.835,16261.482152309994,4763.040400000289,12635.532673674448,1029.1415873460155,12618.869059999997,"{""MAE"": 5472.6613333333335, ""MSE"": 33059475.841433886, ""RMSE"": 5749.737023676291, ""MAPE"": 41.408585482940516, ""R2"": -18.205135249357216}","{""MAE"": 12020.111247249997, ""MSE"": 151950987.32369918, ""RMSE"": 12326.840119174873, ""MAPE"": 82.91743409245368, ""R2"": -47.32840698468811}","{""MAE"": 3522.1641599996956, ""MSE"": 16857583.773792334, ""RMSE"": 4105.798798503445, ""MAPE"": 19.53814548686555, ""R2"": 0.6993185656147121}","{""MAE"": 9730.991557111813, ""MSE"": 230090128.3353215, ""RMSE"": 15168.722040281491, ""MAPE"": 41.9341452891789, ""R2"": -3.104018153142219}","{""MAE"": 2967.395368815981, ""MSE"": 13329493.22655009, ""RMSE"": 3650.957850557863, ""MAPE"": 16.08795154479395, ""R2"": 0.7622475915428049}","{""MAE"": 2058.0592020000076, ""MSE"": 8322727.92456164, ""RMSE"": 2884.913850457521, ""MAPE"": 10.186426672927462, ""R2"": 0.8515510998529823}"
