ref_article,designation,marque,famille,frequency,next_period,avg_forecast,historical_periods,historical_values,avg_sales,max_sales,min_sales,std_sales,trend_pct,data_points,sma_forecast,es_forecast,lr_forecast,arima_forecast,prophet_forecast,xgb_forecast,sma_metrics,es_metrics,lr_metrics,arima_metrics,prophet_metrics,xgb_metrics
RBT/8.44,TEINT RENEE BLANCHE 8.44  60ML,RENEE BLANCHE,COLORATION 60ML,yearly,2026,2526.810745863268,"[""2021"", ""2022"", ""2023"", ""2024"", ""2025""]","[10346.315, 4239.239, 5095.912, 3313.1639999999998, 2945.156]",5187.9572,10346.315,2945.156,2685.5986483524603,-71.53425156686222,5,3784.744,4557.691560019999,469.4393000002019,3135.3970351594066,0.0,3213.592579999999,"{""MAE"": 2259.1368333333335, ""MSE"": 6080214.42567139, ""RMSE"": 2465.809081350661, ""MAPE"": 70.58333645156797, ""R2"": -178.58264641843533}","{""MAE"": 4247.947309499999, ""MSE"": 19311533.849889006, ""RMSE"": 4394.489031717909, ""MAPE"": 112.22686819660228, ""R2"": -26.574300446981788}","{""MAE"": 1166.2226399999195, ""MSE"": 2264793.172783413, ""RMSE"": 1504.9229790203262, ""MAPE"": 24.102168800928126, ""R2"": 0.6859879400907346}","{""MAE"": 3393.0689134399518, ""MSE"": 23729920.528065618, ""RMSE"": 4871.336626436898, ""MAPE"": 53.84321509296607, ""R2"": -2.290137623182269}","{""MAE"": 1006.5490236094096, ""MSE"": 1820552.6203804095, ""RMSE"": 1349.2785555178773, ""MAPE"": 19.964105050112373, ""R2"": 0.7475815958080276}","{""MAE"": 883.7768660000016, ""MSE"": 1207553.193536042, ""RMSE"": 1098.8872524222138, ""MAPE"": 16.91737506386542, ""R2"": 0.8325735566898378}"
