ref_article,designation,marque,famille,frequency,next_period,avg_forecast,historical_periods,historical_values,avg_sales,max_sales,min_sales,std_sales,trend_pct,data_points,sma_forecast,es_forecast,lr_forecast,arima_forecast,prophet_forecast,xgb_forecast,sma_metrics,es_metrics,lr_metrics,arima_metrics,prophet_metrics,xgb_metrics
RBT/6.36,TEINT RENEE BLANCHE 6.36  60ML,RENEE BLANCHE,COLORATION 60ML,yearly,2026,1360.5254702724621,"[""2021"", ""2022"", ""2023"", ""2024"", ""2025""]","[9719.289999999999, 3599.891, 3659.879, 1451.076, 1281.29]",3942.2852,9719.289999999999,1281.29,3061.30005853078,-86.81704116247175,5,2130.7483333333334,3136.18884013,0.0,1359.6058981714405,0.0,1536.6097499999992,"{""MAE"": 2915.468, ""MSE"": 10172171.615377773, ""RMSE"": 3189.384206297161, ""MAPE"": 208.32517366813397, ""R2"": -1410.4643587831956}","{""MAE"": 4823.453761749999, ""MSE"": 24074083.988839258, ""RMSE"": 4906.53482498996, ""MAPE"": 234.20014643254444, ""R2"": -17.732656010012995}","{""MAE"": 1246.4038399998685, ""MSE"": 2132686.332675795, ""RMSE"": 1460.3719843504925, ""MAPE"": 44.044020705497374, ""R2"": 0.7724299074209029}","{""MAE"": 3615.4941201009033, ""MSE"": 22644216.274859626, ""RMSE"": 4758.5939388499655, ""MAPE"": 96.07856187561323, ""R2"": -1.4162701823973616}","{""MAE"": 889.338762144188, ""MSE"": 1446010.5402137542, ""RMSE"": 1202.5017838713397, ""MAPE"": 24.19926873076535, ""R2"": 0.8457022265932913}","{""MAE"": 878.856921999999, ""MSE"": 1229262.7557721392, ""RMSE"": 1108.7212254539638, ""MAPE"": 25.66129499889683, ""R2"": 0.8688304816094925}"
