ref_article,designation,marque,famille,frequency,next_period,avg_forecast,historical_periods,historical_values,avg_sales,max_sales,min_sales,std_sales,trend_pct,data_points,sma_forecast,es_forecast,lr_forecast,arima_forecast,prophet_forecast,xgb_forecast,sma_metrics,es_metrics,lr_metrics,arima_metrics,prophet_metrics,xgb_metrics
RBT/7.26,TEINT RENEE BLANCHE 7.26  60ML,RENEE BLANCHE,COLORATION 60ML,yearly,2026,4320.5288978778235,"[""2021"", ""2022"", ""2023"", ""2024"", ""2025""]","[20272.034, 9095.804, 8388.847, 5530.39, 5315.0]",9720.414999999999,20272.034,5315.0,5485.688044064409,-73.78161461252482,5,6411.412333333334,8449.121202799997,0.0,5403.006981133612,0.0,5659.632870000002,"{""MAE"": 4705.9259999999995, ""MSE"": 27664694.719828106, ""RMSE"": 5259.723825433053, ""MAPE"": 85.95556827124918, ""R2"": -2384.254923340057}","{""MAE"": 8733.098329999997, ""MSE"": 79137154.98759578, ""RMSE"": 8895.906642248208, ""MAPE"": 126.13950488306682, ""R2"": -27.030423953689127}","{""MAE"": 2458.481599999821, ""MSE"": 7675259.017023822, ""RMSE"": 2770.4257826232815, ""MAPE"": 27.37772782152552, ""R2"": 0.7449467705676309}","{""MAE"": 6690.258856858115, ""MSE"": 92395141.41401033, ""RMSE"": 9612.239146734248, ""MAPE"": 56.58118635226103, ""R2"": -2.0703431831075396}","{""MAE"": 1618.4419867982258, ""MSE"": 4860503.220907966, ""RMSE"": 2204.6548983702564, ""MAPE"": 16.575758545152983, ""R2"": 0.8384827091295073}","{""MAE"": 1462.437602000005, ""MSE"": 3953614.091350107, ""RMSE"": 1988.3697069081763, ""MAPE"": 13.728096499189993, ""R2"": 0.8686191515241946}"
