ref_article,designation,marque,famille,frequency,next_period,avg_forecast,historical_periods,historical_values,avg_sales,max_sales,min_sales,std_sales,trend_pct,data_points,sma_forecast,es_forecast,lr_forecast,arima_forecast,prophet_forecast,xgb_forecast,sma_metrics,es_metrics,lr_metrics,arima_metrics,prophet_metrics,xgb_metrics
RBT/10.1,TEINT RENEE BLANCHE 10.1  60ML,RENEE BLANCHE,COLORATION 60ML,yearly,2026,8296.37488744454,"[""2022"", ""2023"", ""2024"", ""2025""]","[29562.105, 15721.354, 14357.123, 8469.962]",17027.636,29562.105,8469.962,7732.79881008374,-71.34858292398326,4,12849.479666666666,15145.766438099996,867.4709999989718,10642.797359901584,0.0,10272.734860000019,"{""MAE"": 11410.232, ""MSE"": 130193394.293824, ""RMSE"": 11410.232, ""MAPE"": 134.71408726509046, ""R2"": NaN}","{""MAE"": 12839.199463333332, ""MSE"": 166448555.34758016, ""RMSE"": 12901.494306768505, ""MAPE"": 108.62474660516332, ""R2"": -15.812518034806661}","{""MAE"": 2269.157500000406, ""MSE"": 7565990.87178856, ""RMSE"": 2750.6346307331623, ""MAPE"": 13.955101255401695, ""R2"": 0.8734703254279003}","{""MAE"": 11475.405891184811, ""MSE"": 242184365.23690534, ""RMSE"": 15562.27378106764, ""MAPE"": 60.66136754186756, ""R2"": -3.0501646696584244}","{""MAE"": 2069.5401766304067, ""MSE"": 6395613.653904733, ""RMSE"": 2528.955051776273, ""MAPE"": 11.954591942075037, ""R2"": 0.8930431019504859}","{""MAE"": 2545.3019450000083, ""MSE"": 9481299.259864599, ""RMSE"": 3079.1718464328355, ""MAPE"": 15.336058336163655, ""R2"": 0.8414397095898475}"
