ref_article,designation,marque,famille,frequency,next_period,avg_forecast,historical_periods,historical_values,avg_sales,max_sales,min_sales,std_sales,trend_pct,data_points,sma_forecast,es_forecast,lr_forecast,arima_forecast,prophet_forecast,xgb_forecast,sma_metrics,es_metrics,lr_metrics,arima_metrics,prophet_metrics,xgb_metrics
SHAMPO_RB_ANTIC_1L,SHAMPOING RB ANTICHUTE 1L-6192488204958,RENEE BLANCHE,0%SSP,yearly,2026,27351.460680662847,"[""2021"", ""2022"", ""2023"", ""2024"", ""2025""]","[9579.12, 30887.494, 31456.021, 26877.702, 21618.645]",24083.796400000003,31456.021,9579.12,8061.122924015503,125.68508380728083,5,26650.789333333334,22048.144596119997,30104.573799999896,19413.55593200171,42084.29787252214,23807.402550000017,"{""MAE"": 5512.6255, ""MSE"": 37196626.22118696, ""RMSE"": 6098.903690105867, ""MAPE"": 24.185456969641102, ""R2"": -4.379572763789815}","{""MAE"": 10982.511437000001, ""MSE"": 183444608.40828565, ""RMSE"": 13544.172488870838, ""MAPE"": 36.39014216522114, ""R2"": -10.849189328375566}","{""MAE"": 6787.931120000025, ""MSE"": 56926200.462676205, ""RMSE"": 7544.945358495063, ""MAPE"": 38.875328208425046, ""R2"": 0.12396570090953296}","{""MAE"": 8685.070301555426, ""MSE"": 99245687.69651839, ""RMSE"": 9962.212991926965, ""MAPE"": 43.21027324038419, ""R2"": -0.5272866580297242}","{""MAE"": 5123.564650526565, ""MSE"": 35148896.73700582, ""RMSE"": 5928.650498807112, ""MAPE"": 27.46888514656226, ""R2"": 0.4590954803492513}","{""MAE"": 3044.1623100000106, ""MSE"": 14919641.543294083, ""RMSE"": 3862.595182425164, ""MAPE"": 19.431960100886865, ""R2"": 0.7704024225078907}"
