ref_article,designation,marque,famille,frequency,next_period,avg_forecast,historical_periods,historical_values,avg_sales,max_sales,min_sales,std_sales,trend_pct,data_points,sma_forecast,es_forecast,arima_forecast,xgb_forecast,sma_metrics,es_metrics,arima_metrics,xgb_metrics
SHAMPO_RB_PURI_1L,SHAMPOING RB PURIFIANT 1L-6192488204873,RENEE BLANCHE,0%SSP,yearly,2026,17437.29208453637,"['2021', '2022', '2023', '2024', '2025']","[9282.282, 23728.708, 22804.304, 14572.568, 17198.013]",17517.175,23728.708,9282.282,5350.194627504162,85.27785516535698,5,18191.628333333334,16528.968980579997,17963.865004232146,17064.70602000001,"{""MAE"": 3601.521833333334, ""MSE"": 13156727.555710059, ""RMSE"": 3627.220362165781, ""MAPE"": 23.05370517362292, ""R2"": -6.634876623010728}","{""MAE"": 6699.996554500001, ""MSE"": 74556214.3861452, ""RMSE"": 8634.594048717358, ""MAPE"": 30.366103083082542, ""R2"": -4.110432970615796}","{""MAE"": 7837.334073892269, ""MSE"": 67985651.76206668, ""RMSE"": 8245.341215623928, ""MAPE"": 51.20622810221713, ""R2"": -1.3750792396063187}","{""MAE"": 2191.4743119999907, ""MSE"": 7626101.923870844, ""RMSE"": 2761.5397740881526, ""MAPE"": 15.934439509151325, ""R2"": 0.7335820737308344}"
