ref_article,designation,marque,famille,frequency,next_period,avg_forecast,historical_periods,historical_values,avg_sales,max_sales,min_sales,std_sales,trend_pct,data_points,sma_forecast,es_forecast,lr_forecast,arima_forecast,prophet_forecast,xgb_forecast,sma_metrics,es_metrics,lr_metrics,arima_metrics,prophet_metrics,xgb_metrics
TRBSA8.14,TEINT RB SANS AMONIAQUE 60ML 8.14,RENEE BLANCHE,COLORATION SANS AMMONIAQUE,yearly,2026,659.0163116578709,"[""2022"", ""2023"", ""2024"", ""2025""]","[2653.69, 1112.123, 1321.968, 517.751]",1401.383,2653.69,517.751,780.8739372488366,-80.48939401361879,4,983.9473333333335,1209.9707316999998,0.0,1023.8950249138929,0.0,736.2847799999988,"{""MAE"": 1178.176, ""MSE"": 1388098.6869759997, ""RMSE"": 1178.176, ""MAPE"": 227.556489509436, ""R2"": NaN}","{""MAE"": 1274.5040766666668, ""MSE"": 1709243.3752563663, ""RMSE"": 1307.3803483517588, ""MAPE"": 159.07368499092868, ""R2"": -13.73375614648642}","{""MAE"": 299.57929999996304, ""MSE"": 129578.39446466244, ""RMSE"": 359.9699910612862, ""MAPE"": 23.091019093046395, ""R2"": 0.787494224051076}","{""MAE"": 1195.176397933124, ""MSE"": 2138585.396348654, ""RMSE"": 1462.3903023299401, ""MAPE"": 87.44671130606415, ""R2"": -2.5072339872836196}","{""MAE"": 291.4567816018846, ""MSE"": 127161.04989324223, ""RMSE"": 356.5964804835323, ""MAPE"": 21.36972820276987, ""R2"": 0.7914586170813174}","{""MAE"": 310.08574500000014, ""MSE"": 121246.6967883559, ""RMSE"": 348.2049637617992, ""MAPE"": 27.049842082907993, ""R2"": 0.8011580287848059}"
