ref_article,designation,marque,famille,frequency,next_period,avg_forecast,historical_periods,historical_values,avg_sales,max_sales,min_sales,std_sales,trend_pct,data_points,sma_forecast,es_forecast,lr_forecast,arima_forecast,prophet_forecast,xgb_forecast,sma_metrics,es_metrics,lr_metrics,arima_metrics,prophet_metrics,xgb_metrics
TRBSA6.6,TEINT RB SANS AMONIAQUE 60ML 6.6,RENEE BLANCHE,COLORATION SANS AMMONIAQUE,yearly,2026,938.489391740356,"[""2022"", ""2023"", ""2024"", ""2025""]","[2142.098, 1770.651, 1494.611, 802.668]",1552.5069999999998,2142.098,802.668,490.1058112168228,-62.52888523307523,4,1355.9766666666667,1325.5862147,478.9244999999646,419.66052979600823,1028.1341692794954,1022.6542700000012,"{""MAE"": 999.7853333333331, ""MSE"": 999570.712748444, ""RMSE"": 999.7853333333331, ""MAPE"": 124.55776651533799, ""R2"": NaN}","{""MAE"": 658.2266433333333, ""MSE"": 521399.60061273695, ""RMSE"": 722.0800513881663, ""MAPE"": 63.265935318284804, ""R2"": -2.1452260620434154}","{""MAE"": 80.12400000002916, ""MSE"": 9687.829327253185, ""RMSE"": 98.42677139504873, ""MAPE"": 6.600052207502988, ""R2"": 0.9596682770595943}","{""MAE"": 827.627996455011, ""MSE"": 1299129.4036173355, ""RMSE"": 1139.7935793894153, ""MAPE"": 50.86071390033033, ""R2"": -4.408448621512289}","{""MAE"": 0.012960778007283125, ""MSE"": 0.0001681500689465569, ""RMSE"": 0.012967269139898227, ""MAPE"": 0.0009658629983316248, ""R2"": 0.9999999992999689}","{""MAE"": 120.69703000000118, ""MSE"": 19241.147485319085, ""RMSE"": 138.71246333808324, ""MAPE"": 10.31345430683039, ""R2"": 0.9198965420199654}"
