ref_article,designation,marque,famille,frequency,next_period,avg_forecast,historical_periods,historical_values,avg_sales,max_sales,min_sales,std_sales,trend_pct,data_points,sma_forecast,es_forecast,lr_forecast,arima_forecast,prophet_forecast,xgb_forecast,sma_metrics,es_metrics,lr_metrics,arima_metrics,prophet_metrics,xgb_metrics
TRBSA8.13,TEINT RB SANS AMONIAQUE 60ML 8.13,RENEE BLANCHE,COLORATION SANS AMMONIAQUE,yearly,2026,2124.1456247915035,"[""2022"", ""2023"", ""2024"", ""2025""]","[3112.919, 2726.4010000000003, 2784.171, 1674.623]",2574.5285,3112.919,1674.623,540.0716326291819,-46.20409332848043,4,2395.065,2291.2893817999993,1510.249000000069,2039.8395807489187,2516.082766200033,1992.34802,"{""MAE"": 1199.8739999999998, ""MSE"": 1439697.6158759994, ""RMSE"": 1199.8739999999998, ""MAPE"": 71.65039534271294, ""R2"": NaN}","{""MAE"": 619.2711399999998, ""MSE"": 592835.4009622372, ""RMSE"": 769.9580514302303, ""MAPE"": 32.3237374545603, ""R2"": -1.27948241515295}","{""MAE"": 211.2492000000194, ""MSE"": 65139.19754669412, ""RMSE"": 255.22381853325155, ""MAPE"": 9.058917419274994, ""R2"": 0.7766738025972041}","{""MAE"": 1084.0148186105885, ""MSE"": 2722084.5498238523, ""RMSE"": 1649.874101204044, ""MAPE"": 42.48301404796441, ""R2"": -8.332518889034342}","{""MAE"": 68.6267884188835, ""MSE"": 7057.727024680813, ""RMSE"": 84.01027927986439, ""MAPE"": 2.427571896379155, ""R2"": 0.9758029665993497}","{""MAE"": 155.17778000000044, ""MSE"": 33276.49712644452, ""RMSE"": 182.41846706527417, ""MAPE"": 7.36417701105474, ""R2"": 0.8859133387265519}"
