ref_article,designation,marque,famille,frequency,next_period,avg_forecast,historical_periods,historical_values,avg_sales,max_sales,min_sales,std_sales,trend_pct,data_points,sma_forecast,es_forecast,lr_forecast,arima_forecast,prophet_forecast,xgb_forecast,sma_metrics,es_metrics,lr_metrics,arima_metrics,prophet_metrics,xgb_metrics
TRBSA6.0,TEINT RB SANS AMONIAQUE 60ML 6.0,RENEE BLANCHE,COLORATION SANS AMMONIAQUE,yearly,2026,8437.762049636769,"[""2022"", ""2023"", ""2024"", ""2025""]","[5735.716, 8035.452, 10483.562, 5833.187]",7521.97925,10483.562,5735.716,1941.480254345299,1.6993693551075322,4,8117.400333333334,6720.002406399999,8207.109999999986,5088.22916428407,15483.402343803224,7010.42805,"{""MAE"": 2251.723000000001, ""MSE"": 5070256.468729004, ""RMSE"": 2251.723000000001, ""MAPE"": 38.60193407137472, ""R2"": NaN}","{""MAE"": 2722.4961866666663, ""MSE"": 8343672.557165201, ""RMSE"": 2888.5415969248565, ""MAPE"": 32.78458847747706, ""R2"": -1.3127471544905016}","{""MAE"": 1737.52775, ""MSE"": 3675464.749093575, ""RMSE"": 1917.1501634179767, ""MAPE"": 23.753146035692307, ""R2"": 0.024906400057011724}","{""MAE"": 3578.8957684515512, ""MSE"": 16193881.08762609, ""RMSE"": 4024.1621597080416, ""MAPE"": 56.105846616430554, ""R2"": -3.2962049386206695}","{""MAE"": 0.035190779143022155, ""MSE"": 0.0012734886014325437, ""RMSE"": 0.03568597205391138, ""MAPE"": 0.0004799180634751308, ""R2"": 0.9999999996621459}","{""MAE"": 862.6477749999967, ""MSE"": 798909.7682852462, ""RMSE"": 893.8175251611742, ""MAPE"": 12.544785350882663, ""R2"": 0.7880508030504182}"
