ref_article,designation,marque,famille,frequency,next_period,avg_forecast,historical_periods,historical_values,avg_sales,max_sales,min_sales,std_sales,trend_pct,data_points,sma_forecast,es_forecast,arima_forecast,xgb_forecast,sma_metrics,es_metrics,arima_metrics,xgb_metrics
TRBSA10.1,TEINT RB SANS AMONIAQUE 60ML 10.1,RENEE BLANCHE,COLORATION SANS AMMONIAQUE,yearly,2026,1971.4340364281618,"['2022', '2023', '2024', '2025']","[4556.602, 3747.009, 3235.387, 955.372]",3123.5925,4556.602,955.372,1337.5203275476788,-79.03323573136298,4,2645.922666666667,2442.4489753,1144.9746137459786,1652.3898900000013,"{""MAE"": 2890.9606666666673, ""MSE"": 8357653.576213782, ""RMSE"": 2890.9606666666673, ""MAPE"": 302.60052279810037, ""R2"": NaN}","{""MAE"": 1640.927023333333, ""MSE"": 3676190.712331783, ""RMSE"": 1917.3394880228652, ""MAPE"": 124.19918200507878, ""R2"": -1.4963828232955807}","{""MAE"": 2003.1688681108321, ""MSE"": 6699908.211702854, ""RMSE"": 2588.418090591791, ""MAPE"": 93.94995323699237, ""R2"": -2.745140117714138}","{""MAE"": 301.7277199999985, ""MSE"": 153678.44853034453, ""RMSE"": 392.0184288146981, ""MAPE"": 21.293839564739166, ""R2"": 0.9140962376449067}"
