ref_article,designation,marque,famille,frequency,next_period,avg_forecast,historical_periods,historical_values,avg_sales,max_sales,min_sales,std_sales,trend_pct,data_points,sma_forecast,es_forecast,arima_forecast,xgb_forecast,sma_metrics,es_metrics,arima_metrics,xgb_metrics
TRBSA8.3,TEINT RB SANS AMONIAQUE 60ML 8.3,RENEE BLANCHE,COLORATION SANS AMMONIAQUE,yearly,2026,1125.8530187956321,"['2022', '2023', '2024', '2025']","[2606.404, 1868.951, 1418.0430000000001, 788.808]",1670.5514999999998,2606.404,788.808,662.6489277364373,-69.73577388616653,4,1358.6006666666667,1428.8570592999997,713.1046392158611,1002.8497100000009,"{""MAE"": 1175.6579999999997, ""MSE"": 1382171.7329639993, ""RMSE"": 1175.6579999999997, ""MAPE"": 149.04235251163777, ""R2"": NaN}","{""MAE"": 1003.6002233333332, ""MSE"": 1061795.0962121382, ""RMSE"": 1030.434421111862, ""MAPE"": 91.08466881043886, ""R2"": -4.4112982912272365}","{""MAE"": 1090.4545441331647, ""MSE"": 1981162.6419169344, ""RMSE"": 1407.5377941344716, ""MAPE"": 60.553775192116554, ""R2"": -3.5118341900724195}","{""MAE"": 186.6992300000004, ""MSE"": 39200.908584558194, ""RMSE"": 197.99219324144624, ""MAPE"": 13.268548015460452, ""R2"": 0.9107251490152373}"
