ref_article,designation,marque,famille,frequency,next_period,avg_forecast,historical_periods,historical_values,avg_sales,max_sales,min_sales,std_sales,trend_pct,data_points,sma_forecast,es_forecast,lr_forecast,arima_forecast,prophet_forecast,xgb_forecast,sma_metrics,es_metrics,lr_metrics,arima_metrics,prophet_metrics,xgb_metrics
TRBSA10.1,TEINT RB SANS AMONIAQUE 60ML 10.1,RENEE BLANCHE,COLORATION SANS AMMONIAQUE,yearly,2026,1824.1467490182458,"[""2022"", ""2023"", ""2024"", ""2025""]","[4556.602, 3747.009, 3235.387, 955.372]",3123.5925,4556.602,955.372,1337.5203275476788,-79.03323573136298,4,2645.922666666667,2442.4489753,294.76449999958277,1144.9746137459786,2764.379848397246,1652.3898900000013,"{""MAE"": 2890.9606666666673, ""MSE"": 8357653.576213782, ""RMSE"": 2890.9606666666673, ""MAPE"": 302.60052279810037, ""R2"": NaN}","{""MAE"": 1640.927023333333, ""MSE"": 3676190.712331783, ""RMSE"": 1917.3394880228652, ""MAPE"": 124.19918200507878, ""R2"": -1.4963828232955807}","{""MAE"": 367.6055000000001, ""MSE"": 188507.05588640197, ""RMSE"": 434.173992641662, ""MAPE"": 19.393256922990084, ""R2"": 0.8946276105336507}","{""MAE"": 2003.1688681108321, ""MSE"": 6699908.211702854, ""RMSE"": 2588.418090591791, ""MAPE"": 93.94995323699237, ""R2"": -2.745140117714138}","{""MAE"": 0.3653250997878956, ""MSE"": 0.13346290839587488, ""RMSE"": 0.36532575654595567, ""MAPE"": 0.016846769112936023, ""R2"": 0.999999925396397}","{""MAE"": 301.7277199999985, ""MSE"": 153678.44853034453, ""RMSE"": 392.0184288146981, ""MAPE"": 21.293839564739166, ""R2"": 0.9140962376449067}"
