ref_article,designation,marque,famille,frequency,next_period,avg_forecast,historical_periods,historical_values,avg_sales,max_sales,min_sales,std_sales,trend_pct,data_points,sma_forecast,es_forecast,lr_forecast,arima_forecast,prophet_forecast,xgb_forecast,sma_metrics,es_metrics,lr_metrics,arima_metrics,prophet_metrics,xgb_metrics
TRBSA10.0,TEINT RB SANS AMONIAQUE 60ML 10.0,RENEE BLANCHE,COLORATION SANS AMMONIAQUE,yearly,2026,2169.3781999949956,"[""2022"", ""2023"", ""2024"", ""2025""]","[4927.205, 3651.638, 3487.247, 1614.588]",3420.1695,4927.205,1614.588,1182.091114180819,-67.23115843566485,4,2917.8243333333335,2894.8406597,894.6090000001714,2154.737712472399,1985.091014464072,2169.1664799999985,"{""MAE"": 2407.442, ""MSE"": 5795776.983364, ""RMSE"": 2407.442, ""MAPE"": 149.1056541978511, ""R2"": NaN}","{""MAE"": 1648.5384766666666, ""MSE"": 3190482.154033763, ""RMSE"": 1786.1920820655776, ""MAPE"": 75.69072779426774, ""R2"": -2.7371680358569344}","{""MAE"": 286.0948000001102, ""MSE"": 121648.23439323375, ""RMSE"": 348.7810694307157, ""MAPE"": 10.511669061942412, ""R2"": 0.9129429584541092}","{""MAE"": 1933.6413815525048, ""MSE"": 7093350.89044972, ""RMSE"": 2663.334543471721, ""MAPE"": 60.97648521824205, ""R2"": -4.07632639511462}","{""MAE"": 180.3425223850868, ""MSE"": 48716.34584760319, ""RMSE"": 220.71779685291168, ""MAPE"": 4.680083142200526, ""R2"": 0.9651363542958691}","{""MAE"": 342.29151500000006, ""MSE"": 151709.9278924638, ""RMSE"": 389.49958651128736, ""MAPE"": 13.422413888740381, ""R2"": 0.8914294353606095}"
