ref_article,designation,marque,famille,frequency,next_period,avg_forecast,historical_periods,historical_values,avg_sales,max_sales,min_sales,std_sales,trend_pct,data_points,sma_forecast,es_forecast,lr_forecast,arima_forecast,prophet_forecast,xgb_forecast,sma_metrics,es_metrics,lr_metrics,arima_metrics,prophet_metrics,xgb_metrics
TRBSA9.3,TEINT RB SANS AMONIAQUE 60ML 9.3,RENEE BLANCHE,COLORATION SANS AMMONIAQUE,yearly,2026,870.6030498861977,"[""2022"", ""2023"", ""2024"", ""2025""]","[2400.2870000000003, 1209.326, 1604.651, 550.6659999999999]",1441.2325,2400.2870000000003,550.6659999999999,669.5857778837975,-77.05832677508981,4,1121.5476666666666,1217.4719111,152.84799999999814,1336.9021897839018,566.1996317666205,828.6488999999988,"{""MAE"": 1187.422, ""MSE"": 1409971.006084, ""RMSE"": 1187.422, ""MAPE"": 215.63379616682346, ""R2"": NaN}","{""MAE"": 996.7123633333334, ""MSE"": 1154130.238882094, ""RMSE"": 1074.3045373087157, ""MAPE"": 124.30760250788563, ""R2"": -5.106511959493599}","{""MAE"": 303.5595999999797, ""MSE"": 116358.18997618236, ""RMSE"": 341.113163006329, ""MAPE"": 23.955133175498414, ""R2"": 0.7404718232512042}","{""MAE"": 1003.2896456639612, ""MSE"": 1677707.164010718, ""RMSE"": 1295.2633570091907, ""MAPE"": 74.60092450485469, ""R2"": -2.7419994371107026}","{""MAE"": 265.2592904631322, ""MSE"": 104304.23736580185, ""RMSE"": 322.9616654740959, ""MAPE"": 18.025962275274114, ""R2"": 0.7673572564487194}","{""MAE"": 287.99912499999925, ""MSE"": 89543.23151698284, ""RMSE"": 299.2377508219557, ""MAPE"": 26.305824926416367, ""R2"": 0.8002805679552534}"
