ref_article,designation,marque,famille,frequency,next_period,avg_forecast,historical_periods,historical_values,avg_sales,max_sales,min_sales,std_sales,trend_pct,data_points,sma_forecast,es_forecast,lr_forecast,arima_forecast,prophet_forecast,xgb_forecast,sma_metrics,es_metrics,lr_metrics,arima_metrics,prophet_metrics,xgb_metrics
TRBSA4.14,TEINT RB SANS AMONIAQUE 60ML 4.14,RENEE BLANCHE,COLORATION SANS AMMONIAQUE,yearly,2026,752.7486236596441,"[""2022"", ""2023"", ""2024"", ""2025""]","[3332.378, 1620.6190000000001, 1527.055, 533.4309999999999]",1753.37075,3332.378,533.4309999999999,1006.2751531028617,-83.99248224541154,4,1227.035,1463.3925478999997,0.0,997.9327540578656,0.0,828.1314399999984,"{""MAE"": 1626.5863333333336, ""MSE"": 2645783.099786779, ""RMSE"": 1626.5863333333336, ""MAPE"": 304.9290973590462, ""R2"": NaN}","{""MAE"": 1633.8116699999998, ""MSE"": 2733601.7201910648, ""RMSE"": 1653.3607350457628, ""MAPE"": 182.00171713828587, ""R2"": -10.295767920650214}","{""MAE"": 278.6359999999124, ""MSE"": 111502.47045184567, ""RMSE"": 333.9198563305957, ""MAPE"": 16.646002956583487, ""R2"": 0.889883856964976}","{""MAE"": 1522.8033428385302, ""MSE"": 3416195.7158160657, ""RMSE"": 1848.2953540535846, ""MAPE"": 101.01807033705272, ""R2"": -2.3737216274584476}","{""MAE"": 268.56462590731564, ""MSE"": 108001.22101823907, ""RMSE"": 328.63539221793974, ""MAPE"": 14.709359119065034, ""R2"": 0.8933415748242303}","{""MAE"": 336.5436900000006, ""MSE"": 154312.97711473642, ""RMSE"": 392.82690477452843, ""MAPE"": 25.711981999719434, ""R2"": 0.8476056199358816}"
