ref_article,designation,marque,famille,frequency,next_period,avg_forecast,historical_periods,historical_values,avg_sales,max_sales,min_sales,std_sales,trend_pct,data_points,sma_forecast,es_forecast,arima_forecast,xgb_forecast,sma_metrics,es_metrics,arima_metrics,xgb_metrics
TRBSA7.1,TEINT RB SANS AMONIAQUE 60ML 7.1,RENEE BLANCHE,COLORATION SANS AMMONIAQUE,yearly,2026,6807.690279168395,"['2022', '2023', '2024', '2025']","[7282.3820000000005, 11076.889, 12817.065, 5153.2029999999995]",9082.384750000001,12817.065,5153.2029999999995,3025.076978258105,-29.237397873388144,4,9682.385666666667,7400.5538812999985,2893.9109087069305,7253.910659999987,"{""MAE"": 5238.9090000000015, ""MSE"": 27446167.510281015, ""RMSE"": 5238.9090000000015, ""MAPE"": 101.66315978625336, ""R2"": NaN}","{""MAE"": 4259.089423333334, ""MSE"": 18253784.098067384, ""RMSE"": 4272.444744881715, ""MAPE"": 52.51940781665514, ""R2"": -0.6962197723430403}","{""MAE"": 4448.191394623789, ""MSE"": 30802827.87756534, ""RMSE"": 5550.029538440795, ""MAPE"": 69.74501607402588, ""R2"": -2.366028029366749}","{""MAE"": 1307.613120000003, ""MSE"": 1938137.6833011066, ""RMSE"": 1392.1701344667276, ""MAPE"": 18.450462430222824, ""R2"": 0.7882069207186342}"
