ref_article,designation,marque,famille,frequency,next_period,avg_forecast,historical_periods,historical_values,avg_sales,max_sales,min_sales,std_sales,trend_pct,data_points,sma_forecast,es_forecast,arima_forecast,xgb_forecast,sma_metrics,es_metrics,arima_metrics,xgb_metrics
TRBSA10.3,TEINT RB SANS AMONIAQUE 60ML 10.3,RENEE BLANCHE,COLORATION SANS AMMONIAQUE,yearly,2026,797.9927177354828,"['2022', '2023', '2024', '2025']","[2241.312, 1116.193, 1173.546, 311.563]",1210.6535000000001,2241.312,311.563,685.7332614488305,-86.09907946774031,4,867.1006666666667,984.4036628999997,782.9431813752644,557.5233600000003,"{""MAE"": 1198.7873333333337, ""MSE"": 1437091.0705604453, ""RMSE"": 1198.7873333333337, ""MAPE"": 384.7656279254384, ""R2"": NaN}","{""MAE"": 1076.1645033333332, ""MSE"": 1228218.0255518707, ""RMSE"": 1108.2499833304175, ""MAPE"": 201.25052206254347, ""R2"": -6.931187894453055}","{""MAE"": 1056.515994335931, ""MSE"": 1595037.9467322875, ""RMSE"": 1262.9481171973327, ""MAPE"": 116.88842955688187, ""R2"": -2.3920370619921574}","{""MAE"": 244.90405499999957, ""MSE"": 73064.11548071424, ""RMSE"": 270.3037467012143, ""MAPE"": 32.137107901496144, ""R2"": 0.8446205069164698}"
