ref_article,designation,marque,famille,frequency,next_period,avg_forecast,historical_periods,historical_values,avg_sales,max_sales,min_sales,std_sales,trend_pct,data_points,sma_forecast,es_forecast,arima_forecast,xgb_forecast,sma_metrics,es_metrics,arima_metrics,xgb_metrics
TRBSA7.0,TEINT RB SANS AMONIAQUE 60ML 7.0,RENEE BLANCHE,COLORATION SANS AMMONIAQUE,yearly,2026,7131.9036625409335,"['2022', '2023', '2024', '2025']","[7359.115000000001, 8378.97, 10415.773, 5951.532]",8026.3475,10415.773,5951.532,1626.6342102369692,-19.12706894782865,4,8248.758333333333,7195.5194755,5979.751161330395,7103.585680000006,"{""MAE"": 2766.420666666666, ""MSE"": 7653083.304960441, ""RMSE"": 2766.420666666666, ""MAPE"": 46.48249671961213, ""R2"": NaN}","{""MAE"": 2103.1021499999993, ""MSE"": 5017238.090584082, ""RMSE"": 2239.919215191495, ""MAPE"": 27.0792288652411, ""R2"": -0.5066545070223136}","{""MAE"": 3728.7847125290064, ""MSE"": 19818172.43054269, ""RMSE"": 4451.760598970107, ""MAPE"": 51.76950549037994, ""R2"": -6.490034171134501}","{""MAE"": 634.2788850000002, ""MSE"": 536307.5741064067, ""RMSE"": 732.330235690434, ""MAPE"": 8.70041506081099, ""R2"": 0.797309158027886}"
