ref_article,designation,marque,famille,frequency,next_period,avg_forecast,historical_periods,historical_values,avg_sales,max_sales,min_sales,std_sales,trend_pct,data_points,sma_forecast,es_forecast,lr_forecast,arima_forecast,prophet_forecast,xgb_forecast,sma_metrics,es_metrics,lr_metrics,arima_metrics,prophet_metrics,xgb_metrics
TRBSA9.1,TEINT RB SANS AMONIAQUE 60ML 9.1,RENEE BLANCHE,COLORATION SANS AMMONIAQUE,yearly,2026,2892.3040817328224,"[""2022"", ""2023"", ""2024"", ""2025""]","[4795.935, 5048.779, 4859.797, 1702.913]",4101.856,5048.779,1702.913,1388.1472276833606,-64.49257548319567,4,3870.496333333334,3253.8991415999994,1734.8439999998081,1385.281733915763,4477.665181548031,2631.638099999999,"{""MAE"": 3198.5906666666665, ""MSE"": 10230982.25288711, ""RMSE"": 3198.5906666666665, ""MAPE"": 187.83053900385204, ""R2"": NaN}","{""MAE"": 1143.3710133333332, ""MSE"": 3361019.227202834, ""RMSE"": 1833.3082739143556, ""MAPE"": 63.70969285462006, ""R2"": -0.42708674975024885}","{""MAE"": 852.4319999999417, ""MSE"": 806403.5640961152, ""RMSE"": 897.9997572917908, ""MAPE"": 26.832739696148856, ""R2"": 0.5815135714900777}","{""MAE"": 2067.8228740473837, ""MSE"": 8227084.818023896, ""RMSE"": 2868.2895282770696, ""MAPE"": 72.77862373968493, ""R2"": -3.2694793225550063}","{""MAE"": 52.96615901967391, ""MSE"": 4205.979135997574, ""RMSE"": 64.85352061374597, ""MAPE"": 1.0737004916024055, ""R2"": 0.9978172899211032}","{""MAE"": 296.8126399999991, ""MSE"": 222337.0165865838, ""RMSE"": 471.52626288106563, ""MAPE"": 14.943340265765343, ""R2"": 0.8846172956822637}"
