ref_article,designation,marque,famille,frequency,next_period,avg_forecast,historical_periods,historical_values,avg_sales,max_sales,min_sales,std_sales,trend_pct,data_points,sma_forecast,es_forecast,arima_forecast,xgb_forecast,sma_metrics,es_metrics,arima_metrics,xgb_metrics
TRBSA6.6,TEINT RB SANS AMONIAQUE 60ML 6.6,RENEE BLANCHE,COLORATION SANS AMMONIAQUE,yearly,2026,1030.969420290669,"['2022', '2023', '2024', '2025']","[2142.098, 1770.651, 1494.611, 802.668]",1552.5069999999998,2142.098,802.668,490.1058112168228,-62.52888523307523,4,1355.9766666666667,1325.5862147,419.66052979600823,1022.6542700000012,"{""MAE"": 999.7853333333331, ""MSE"": 999570.712748444, ""RMSE"": 999.7853333333331, ""MAPE"": 124.55776651533799, ""R2"": NaN}","{""MAE"": 658.2266433333333, ""MSE"": 521399.60061273695, ""RMSE"": 722.0800513881663, ""MAPE"": 63.265935318284804, ""R2"": -2.1452260620434154}","{""MAE"": 827.627996455011, ""MSE"": 1299129.4036173355, ""RMSE"": 1139.7935793894153, ""MAPE"": 50.86071390033033, ""R2"": -4.408448621512289}","{""MAE"": 120.69703000000118, ""MSE"": 19241.147485319085, ""RMSE"": 138.71246333808324, ""MAPE"": 10.31345430683039, ""R2"": 0.9198965420199654}"
