ref_article,designation,marque,famille,frequency,next_period,avg_forecast,historical_periods,historical_values,avg_sales,max_sales,min_sales,std_sales,trend_pct,data_points,sma_forecast,es_forecast,arima_forecast,xgb_forecast,sma_metrics,es_metrics,arima_metrics,xgb_metrics
TRBSA6.1,TEINT RB SANS AMONIAQUE 60ML 6.1,RENEE BLANCHE,COLORATION SANS AMMONIAQUE,yearly,2026,4864.788934521231,"['2022', '2023', '2024', '2025']","[5268.3640000000005, 5837.359, 8317.177, 3103.0769999999998]",5631.494250000001,8317.177,3103.0769999999998,1856.0731058812548,-41.09979872309507,4,5752.537666666667,4670.792726499999,4594.246604918258,4441.578739999996,"{""MAE"": 3371.2230000000004, ""MSE"": 11365144.515729003, ""RMSE"": 3371.2230000000004, ""MAPE"": 108.64129378678004, ""R2"": NaN}","{""MAE"": 2215.509783333333, ""MSE"": 6281195.25390309, ""RMSE"": 2506.2312849980726, ""MAPE"": 49.1522296779185, ""R2"": -0.3851288558752983}","{""MAE"": 3591.8204845612245, ""MSE"": 14710270.606548272, ""RMSE"": 3835.3970598294345, ""MAPE"": 77.59454575980685, ""R2"": -3.2700258687295563}","{""MAE"": 652.5386499999951, ""MSE"": 690351.7366452942, ""RMSE"": 830.8740798973658, ""MAPE"": 15.191207919267496, ""R2"": 0.7996080525748073}"
