ref_article,designation,marque,famille,frequency,next_period,avg_forecast,historical_periods,historical_values,avg_sales,max_sales,min_sales,std_sales,trend_pct,data_points,sma_forecast,es_forecast,arima_forecast,xgb_forecast,sma_metrics,es_metrics,arima_metrics,xgb_metrics
TRBSA6.00,TEINT RB SANS AMONIAQUE 60ML 6.00,RENEE BLANCHE,COLORATION SANS AMMONIAQUE,yearly,2026,3872.108660131007,"['2022', '2023', '2024', '2025']","[4206.017, 5808.002, 5993.785, 3265.31]",4818.2785,5993.785,3265.31,1134.4539924969413,-22.36574412324058,4,5022.365666666667,4153.9025825,2268.603451357365,4043.562939999997,"{""MAE"": 2070.624666666667, ""MSE"": 4287486.510208446, ""RMSE"": 2070.624666666667, ""MAPE"": 63.4128051139606, ""R2"": NaN}","{""MAE"": 1574.2039166666666, ""MSE"": 2521224.0672747716, ""RMSE"": 1587.8362847834067, ""MAPE"": 34.97604864518928, ""R2"": -0.6272524677844444}","{""MAE"": 1957.1719031879343, ""MSE"": 6462972.745476104, ""RMSE"": 2542.237743696703, ""MAPE"": 49.91302911643556, ""R2"": -4.021790014065153}","{""MAE"": 481.50727500000096, ""MSE"": 275615.4043143957, ""RMSE"": 524.9908611722643, ""MAPE"": 11.667907995357277, ""R2"": 0.7858442639917707}"
