ref_article,designation,marque,famille,frequency,next_period,avg_forecast,historical_periods,historical_values,avg_sales,max_sales,min_sales,std_sales,trend_pct,data_points,sma_forecast,es_forecast,lr_forecast,arima_forecast,prophet_forecast,xgb_forecast,sma_metrics,es_metrics,lr_metrics,arima_metrics,prophet_metrics,xgb_metrics
TRBSA7.0,TEINT RB SANS AMONIAQUE 60ML 7.0,RENEE BLANCHE,COLORATION SANS AMMONIAQUE,yearly,2026,8347.900128896521,"[""2022"", ""2023"", ""2024"", ""2025""]","[7359.115000000001, 8378.97, 10415.773, 5951.532]",8026.3475,10415.773,5951.532,1626.6342102369692,-19.12706894782865,4,8248.758333333333,7195.5194755,7479.860999999975,5979.751161330395,14079.925123215422,7103.585680000006,"{""MAE"": 2766.420666666666, ""MSE"": 7653083.304960441, ""RMSE"": 2766.420666666666, ""MAPE"": 46.48249671961213, ""R2"": NaN}","{""MAE"": 2103.1021499999993, ""MSE"": 5017238.090584082, ""RMSE"": 2239.919215191495, ""MAPE"": 27.0792288652411, ""R2"": -0.5066545070223136}","{""MAE"": 1371.024000000014, ""MSE"": 2586209.354976849, ""RMSE"": 1608.1695666119444, ""MAPE"": 17.442159187101204, ""R2"": 0.022574028439115934}","{""MAE"": 3728.7847125290064, ""MSE"": 19818172.43054269, ""RMSE"": 4451.760598970107, ""MAPE"": 51.76950549037994, ""R2"": -6.490034171134501}","{""MAE"": 138.03918085320402, ""MSE"": 28578.171934598315, ""RMSE"": 169.05079690613206, ""MAPE"": 1.6238927362742264, ""R2"": 0.9891992319125847}","{""MAE"": 634.2788850000002, ""MSE"": 536307.5741064067, ""RMSE"": 732.330235690434, ""MAPE"": 8.70041506081099, ""R2"": 0.797309158027886}"
