ref_article,designation,marque,famille,frequency,next_period,avg_forecast,historical_periods,historical_values,avg_sales,max_sales,min_sales,std_sales,trend_pct,data_points,sma_forecast,es_forecast,arima_forecast,xgb_forecast,sma_metrics,es_metrics,arima_metrics,xgb_metrics
TRBSA6.13,TEINT RB SANS AMONIAQUE 60ML 6.13,RENEE BLANCHE,COLORATION SANS AMMONIAQUE,yearly,2026,1535.4257324326284,"['2022', '2023', '2024', '2025']","[3138.738, 2956.815, 2431.91, 1002.608]",2382.51775,3138.738,1002.608,837.8957140319955,-68.05697066782892,4,2130.4443333333334,1926.6881072999997,630.7215590971819,1453.848929999998,"{""MAE"": 1839.8796666666665, ""MSE"": 3385157.1878134436, ""RMSE"": 1839.8796666666665, ""MAPE"": 183.50937421870427, ""R2"": NaN}","{""MAE"": 906.6839566666664, ""MSE"": 1338354.1462534608, ""RMSE"": 1156.8725713117503, ""MAPE"": 73.69013833344299, ""R2"": -0.9626025162501448}","{""MAE"": 1357.0457644159571, ""MSE"": 3005102.2714764555, ""RMSE"": 1733.5230807452365, ""MAPE"": 66.53296393823855, ""R2"": -3.280350360574065}","{""MAE"": 159.42736999999852, ""MSE"": 55316.078962072526, ""RMSE"": 235.19370519227874, ""MAPE"": 12.901277052912866, ""R2"": 0.9212099365874424}"
