ref_article,designation,marque,famille,frequency,next_period,avg_forecast,historical_periods,historical_values,avg_sales,max_sales,min_sales,std_sales,trend_pct,data_points,sma_forecast,es_forecast,lr_forecast,arima_forecast,prophet_forecast,xgb_forecast,sma_metrics,es_metrics,lr_metrics,arima_metrics,prophet_metrics,xgb_metrics
TRBSA5.0,TEINT RB SANS AMONIAQUE 60ML 5.0,RENEE BLANCHE,COLORATION SANS AMMONIAQUE,yearly,2026,3719.2925457866445,"[""2022"", ""2023"", ""2024"", ""2025""]","[5247.9130000000005, 6184.842000000001, 5851.526, 2237.146]",4880.356750000001,6184.842000000001,2237.146,1562.5709700236619,-57.37074909587868,4,4757.838000000001,3897.5629351,2538.9525000001304,1361.6547339035346,6451.098785716198,3308.648320000005,"{""MAE"": 3524.2810000000004, ""MSE"": 12420556.566961003, ""RMSE"": 3524.2810000000004, ""MAPE"": 157.53468928715427, ""R2"": NaN}","{""MAE"": 1549.3564299999998, ""MSE"": 4154838.2937271222, ""RMSE"": 2038.3420453219137, ""MAPE"": 57.37693520859543, ""R2"": -0.3002313970052948}","{""MAE"": 1137.8272499999998, ""MSE"": 1345193.2639770748, ""RMSE"": 1159.824669498401, ""MAPE"": 28.310076111070803, ""R2"": 0.44905888860036125}","{""MAE"": 2361.616980554834, ""MSE"": 10088016.964683108, ""RMSE"": 3176.163875602628, ""MAPE"": 67.30495775332169, ""R2"": -3.13167641198926}","{""MAE"": 203.391497733321, ""MSE"": 61911.24098917975, ""RMSE"": 248.81969574207696, ""MAPE"": 3.4870587481529403, ""R2"": 0.974643459172651}","{""MAE"": 431.0958500000012, ""MSE"": 330017.5253440012, ""RMSE"": 574.471518305304, ""MAPE"": 14.798190930948474, ""R2"": 0.8648371003161066}"
