ref_article,designation,marque,famille,frequency,next_period,avg_forecast,historical_periods,historical_values,avg_sales,max_sales,min_sales,std_sales,trend_pct,data_points,sma_forecast,es_forecast,arima_forecast,xgb_forecast,sma_metrics,es_metrics,arima_metrics,xgb_metrics
TRBSA7.31,TEINT RB SANS AMONIAQUE 60ML 7.31,RENEE BLANCHE,COLORATION SANS AMMONIAQUE,yearly,2026,1683.0056117876086,"['2022', '2023', '2024', '2025']","[3530.082, 2415.5860000000002, 2221.095, 1063.615]",2307.5944999999997,3530.082,1063.615,874.800693250897,-69.86996336062448,4,1900.0986666666668,1965.0811026,1453.9441078837665,1412.8985700000014,"{""MAE"": 1658.6393333333328, ""MSE"": 2751084.4380804426, ""RMSE"": 1658.6393333333328, ""MAPE"": 155.94358234260827, ""R2"": NaN}","{""MAE"": 1309.6203133333331, ""MSE"": 1858871.8109287552, ""RMSE"": 1363.4044927785574, ""MAPE"": 87.66264034890013, ""R2"": -4.219249448873141}","{""MAE"": 1467.630149400553, ""MSE"": 3645475.557064633, ""RMSE"": 1909.312849447317, ""MAPE"": 65.82892395239143, ""R2"": -3.76360731590954}","{""MAE"": 255.83565000000078, ""MSE"": 87134.14178327896, ""RMSE"": 295.1849281099544, ""MAPE"": 13.973275049341327, ""R2"": 0.886140277511956}"
