ref_article,designation,marque,famille,frequency,next_period,avg_forecast,historical_periods,historical_values,avg_sales,max_sales,min_sales,std_sales,trend_pct,data_points,sma_forecast,es_forecast,arima_forecast,xgb_forecast,sma_metrics,es_metrics,arima_metrics,xgb_metrics
TRBSA6.14,TEINT RB SANS AMONIAQUE 60ML 6.14,RENEE BLANCHE,COLORATION SANS AMMONIAQUE,yearly,2026,2273.221181067326,"['2022', '2023', '2024', '2025']","[3500.928, 3053.524, 2794.956, 1837.103]",2796.6277499999997,3500.928,1837.103,608.8359931099569,-47.525256160652255,4,2561.861,2502.5614944,1895.4820998693035,2132.980130000002,"{""MAE"": 1279.366333333333, ""MSE"": 1636778.2148667767, ""RMSE"": 1279.366333333333, ""MAPE"": 69.64042480652053, ""R2"": NaN}","{""MAE"": 792.4111199999999, ""MSE"": 790482.2305494378, ""RMSE"": 889.0906762245558, ""MAPE"": 36.344528658394395, ""R2"": -1.8872901061285927}","{""MAE"": 1286.554759560799, ""MSE"": 3358748.597761909, ""RMSE"": 1832.6888982481203, ""MAPE"": 43.96499628874504, ""R2"": -8.061015220486857}","{""MAE"": 146.56006000000036, ""MSE"": 31616.978330085334, ""RMSE"": 177.81163721783042, ""MAPE"": 6.243509450122283, ""R2"": 0.9147057561659713}"
