ref_article,designation,marque,famille,frequency,next_period,avg_forecast,historical_periods,historical_values,avg_sales,max_sales,min_sales,std_sales,trend_pct,data_points,sma_forecast,es_forecast,arima_forecast,xgb_forecast,sma_metrics,es_metrics,arima_metrics,xgb_metrics
TRBSA4.14,TEINT RB SANS AMONIAQUE 60ML 4.14,RENEE BLANCHE,COLORATION SANS AMMONIAQUE,yearly,2026,1129.122935489466,"['2022', '2023', '2024', '2025']","[3332.378, 1620.6190000000001, 1527.055, 533.4309999999999]",1753.37075,3332.378,533.4309999999999,1006.2751531028617,-83.99248224541154,4,1227.035,1463.3925478999997,997.9327540578656,828.1314399999984,"{""MAE"": 1626.5863333333336, ""MSE"": 2645783.099786779, ""RMSE"": 1626.5863333333336, ""MAPE"": 304.9290973590462, ""R2"": NaN}","{""MAE"": 1633.8116699999998, ""MSE"": 2733601.7201910648, ""RMSE"": 1653.3607350457628, ""MAPE"": 182.00171713828587, ""R2"": -10.295767920650214}","{""MAE"": 1522.8033428385302, ""MSE"": 3416195.7158160657, ""RMSE"": 1848.2953540535846, ""MAPE"": 101.01807033705272, ""R2"": -2.3737216274584476}","{""MAE"": 336.5436900000006, ""MSE"": 154312.97711473642, ""RMSE"": 392.82690477452843, ""MAPE"": 25.711981999719434, ""R2"": 0.8476056199358816}"
