ref_article,designation,marque,famille,frequency,next_period,avg_forecast,historical_periods,historical_values,avg_sales,max_sales,min_sales,std_sales,trend_pct,data_points,sma_forecast,es_forecast,lr_forecast,arima_forecast,prophet_forecast,xgb_forecast,sma_metrics,es_metrics,lr_metrics,arima_metrics,prophet_metrics,xgb_metrics
TRBSA3.0,TEINT RB SANS AMONIAQUE 60ML 3.0,RENEE BLANCHE,COLORATION SANS AMMONIAQUE,yearly,2026,3459.6795728573034,"[""2022"", ""2023"", ""2024"", ""2025""]","[4472.765, 5141.89, 5220.4310000000005, 2204.741]",4259.95675,5220.4310000000005,2204.741,1221.629666949517,-50.70742594346004,4,4189.020666666666,3494.8326245,2578.5739999997895,1710.2206305094417,5711.636285467919,3073.793230000002,"{""MAE"": 2740.287666666667, ""MSE"": 7509176.496085446, ""RMSE"": 2740.287666666667, ""MAPE"": 124.29068387927049, ""R2"": NaN}","{""MAE"": 1282.964516666667, ""MSE"": 2559568.592873752, ""RMSE"": 1599.8651795928781, ""MAPE"": 47.63570239686947, ""R2"": -0.2994640211487154}","{""MAE"": 921.2037500000583, ""MSE"": 926969.452771768, ""RMSE"": 962.7925284150101, ""MAPE"": 25.17742710162433, ""R2"": 0.37886460077727246}","{""MAE"": 1911.1042179635124, ""MSE"": 7297838.2008265285, ""RMSE"": 2701.4511287133305, ""MAPE"": 60.03494454378111, ""R2"": -3.8900701428500346}","{""MAE"": 84.44067539952744, ""MSE"": 10669.401142162122, ""RMSE"": 103.2927932731133, ""MAPE"": 1.700105981962618, ""R2"": 0.9928507431198642}","{""MAE"": 360.62945000000127, ""MSE"": 216503.5225317589, ""RMSE"": 465.2993902121073, ""MAPE"": 12.763491016104226, ""R2"": 0.8549272562339753}"
