ref_article,designation,marque,famille,frequency,next_period,avg_forecast,historical_periods,historical_values,avg_sales,max_sales,min_sales,std_sales,trend_pct,data_points,sma_forecast,es_forecast,lr_forecast,arima_forecast,prophet_forecast,xgb_forecast,sma_metrics,es_metrics,lr_metrics,arima_metrics,prophet_metrics,xgb_metrics
TRBSA6.13,TEINT RB SANS AMONIAQUE 60ML 6.13,RENEE BLANCHE,COLORATION SANS AMMONIAQUE,yearly,2026,1391.7525588477856,"[""2022"", ""2023"", ""2024"", ""2025""]","[3138.738, 2956.815, 2431.91, 1002.608]",2382.51775,3138.738,1002.608,837.8957140319955,-68.05697066782892,4,2130.4443333333334,1926.6881072999997,649.1940000001341,630.7215590971819,1559.618423356067,1453.848929999998,"{""MAE"": 1839.8796666666665, ""MSE"": 3385157.1878134436, ""RMSE"": 1839.8796666666665, ""MAPE"": 183.50937421870427, ""R2"": NaN}","{""MAE"": 906.6839566666664, ""MSE"": 1338354.1462534608, ""RMSE"": 1156.8725713117503, ""MAPE"": 73.69013833344299, ""R2"": -0.9626025162501448}","{""MAE"": 311.84475000000003, ""MSE"": 101186.98313037501, ""RMSE"": 318.099014664263, ""MAPE"": 16.73214123842347, ""R2"": 0.8558732114249457}","{""MAE"": 1357.0457644159571, ""MSE"": 3005102.2714764555, ""RMSE"": 1733.5230807452365, ""MAPE"": 66.53296393823855, ""R2"": -3.280350360574065}","{""MAE"": 48.391132718982874, ""MSE"": 3494.9127652062252, ""RMSE"": 59.11778721506942, ""MAPE"": 1.7117305765358377, ""R2"": 0.995021982693662}","{""MAE"": 159.42736999999852, ""MSE"": 55316.078962072526, ""RMSE"": 235.19370519227874, ""MAPE"": 12.901277052912866, ""R2"": 0.9212099365874424}"
