ref_article,designation,marque,famille,frequency,next_period,avg_forecast,historical_periods,historical_values,avg_sales,max_sales,min_sales,std_sales,trend_pct,data_points,sma_forecast,es_forecast,lr_forecast,arima_forecast,prophet_forecast,xgb_forecast,sma_metrics,es_metrics,lr_metrics,arima_metrics,prophet_metrics,xgb_metrics
TRBSA8.0,TEINT RB SANS AMONIAQUE 60ML 8.0,RENEE BLANCHE,COLORATION SANS AMMONIAQUE,yearly,2026,6053.067514186984,"[""2022"", ""2023"", ""2024"", ""2025""]","[6904.237, 6620.682, 7723.059, 3606.268]",6213.5615,7723.059,3606.268,1558.7929501275178,-47.76732027014716,4,5983.336333333333,5313.4618345,4015.6790000000037,7723.056977339766,8559.89993994881,4722.970999999996,"{""MAE"": 3476.391333333333, ""MSE"": 12085296.702475108, ""RMSE"": 3476.391333333333, ""MAPE"": 96.398585278003, ""R2"": NaN}","{""MAE"": 1557.1708500000002, ""MSE"": 4345385.0012083845, ""RMSE"": 2084.5587065871723, ""MAPE"": 37.53270471810842, ""R2"": -0.43517856053770343}","{""MAE"": 974.5370000000178, ""MSE"": 1463697.964606, ""RMSE"": 1209.833858265671, ""MAPE"": 17.63879308181215, ""R2"": 0.39761437024118973}","{""MAE"": 4339.537969918059, ""MSE"": 25314758.271989193, ""RMSE"": 5031.377373243751, ""MAPE"": 73.54761170202853, ""R2"": -9.418301434182203}","{""MAE"": 220.9470433676331, ""MSE"": 73100.5422004374, ""RMSE"": 270.371119390436, ""MAPE"": 3.1853832261945727, ""R2"": 0.9699154352783607}","{""MAE"": 447.57933499999854, ""MSE"": 379724.1494238659, ""RMSE"": 616.2176153144811, ""MAPE"": 10.007292612699253, ""R2"": 0.8437243362930434}"
