ref_article,designation,marque,famille,frequency,next_period,avg_forecast,historical_periods,historical_values,avg_sales,max_sales,min_sales,std_sales,trend_pct,data_points,sma_forecast,es_forecast,arima_forecast,xgb_forecast,sma_metrics,es_metrics,arima_metrics,xgb_metrics
TRBSA9.13,TEINT RB SANS AMONIAQUE 60ML 9.13,RENEE BLANCHE,COLORATION SANS AMMONIAQUE,yearly,2026,1564.9670067788627,"['2022', '2023', '2024', '2025']","[3617.838, 2374.856, 1816.0420000000001, 1079.992]",2222.1820000000002,3617.838,1079.992,927.4579122946767,-70.14813819745385,4,1756.9633333333334,1930.7696801999996,1239.5715335821187,1332.5634799999991,"{""MAE"": 1522.9200000000003, ""MSE"": 2319285.326400001, ""RMSE"": 1522.9200000000003, ""MAPE"": 141.0121556455974, ""R2"": NaN}","{""MAE"": 1469.3881266666665, ""MSE"": 2200478.3682519067, ""RMSE"": 1483.4009465589222, ""MAPE"": 97.26312798626954, ""R2"": -6.825575639726555}","{""MAE"": 1545.0164171624822, ""MSE"": 3819568.967355391, ""RMSE"": 1954.3717577153511, ""MAPE"": 65.47460146941881, ""R2"": -3.4404392720697423}","{""MAE"": 278.1094899999995, ""MSE"": 90806.51682537427, ""RMSE"": 301.3411966946675, ""MAPE"": 13.685974520668148, ""R2"": 0.8944328988643875}"
