ref_article,designation,marque,famille,frequency,next_period,avg_forecast,historical_periods,historical_values,avg_sales,max_sales,min_sales,std_sales,trend_pct,data_points,sma_forecast,es_forecast,lr_forecast,arima_forecast,prophet_forecast,xgb_forecast,sma_metrics,es_metrics,lr_metrics,arima_metrics,prophet_metrics,xgb_metrics
TRBSA7.31,TEINT RB SANS AMONIAQUE 60ML 7.31,RENEE BLANCHE,COLORATION SANS AMMONIAQUE,yearly,2026,1329.1552379414118,"[""2022"", ""2023"", ""2024"", ""2025""]","[3530.082, 2415.5860000000002, 2221.095, 1063.615]",2307.5944999999997,3530.082,1063.615,874.800693250897,-69.86996336062448,4,1900.0986666666668,1965.0811026,409.12149999989197,1453.9441078837665,833.7874804981439,1412.8985700000014,"{""MAE"": 1658.6393333333328, ""MSE"": 2751084.4380804426, ""RMSE"": 1658.6393333333328, ""MAPE"": 155.94358234260827, ""R2"": NaN}","{""MAE"": 1309.6203133333331, ""MSE"": 1858871.8109287552, ""RMSE"": 1363.4044927785574, ""MAPE"": 87.66264034890013, ""R2"": -4.219249448873141}","{""MAE"": 188.29940000001187, ""MSE"": 44436.306566462146, ""RMSE"": 210.79920912200345, ""MAPE"": 9.168308809059974, ""R2"": 0.9419342931426915}","{""MAE"": 1467.630149400553, ""MSE"": 3645475.557064633, ""RMSE"": 1909.312849447317, ""MAPE"": 65.82892395239143, ""R2"": -3.76360731590954}","{""MAE"": 150.44791976577454, ""MSE"": 33893.93396599686, ""RMSE"": 184.10305257109906, ""MAPE"": 5.87660537084105, ""R2"": 0.9557101976743511}","{""MAE"": 255.83565000000078, ""MSE"": 87134.14178327896, ""RMSE"": 295.1849281099544, ""MAPE"": 13.973275049341327, ""R2"": 0.886140277511956}"
